spn,spn_name,acronym,units,data_range,operational_range,operational_low,operational_high,resolution,offset,start_bit,end_bit,spn_length,pgn_length,transmission_rate
100,Engine Oil Pressure,EFL/P1,psi,0.0 to 145.037738 psi,,0.0,145.037738,0.580150952,0.0,24,31,8,8,0.5 s
1000,Trip Distance in Top Gear,TDI,miles,0.0 to 327080468.2212549 mile,,0.0,327080468.2212549,0.077671375,0.0,64,95,32,12,On request
1001,Trip Drive Fuel Used,LTFI,gallons,0.0 to 556224873.36449 US Gal,,0.0,556224873.36449,0.132086,0.0,0,31,32,22,On request
1002,Trip PTO Governor Moving Fuel Used,LTFI,gallons,0.0 to 556224873.36449 US Gal,,0.0,556224873.36449,0.132086,0.0,32,63,32,22,On request
1003,Trip PTO Governor Non-moving Fuel Used,LTFI,gallons,0.0 to 556224873.36449 US Gal,,0.0,556224873.36449,0.132086,0.0,64,95,32,22,On request
1004,Trip Vehicle Idle Fuel Used,LTFI,gallons,0.0 to 556224873.36449 US Gal,,0.0,556224873.36449,0.132086,0.0,96,127,32,22,On request
1005,Trip Cruise Fuel Used,LTFI,gallons,0.0 to 556224873.36449 US Gal,,0.0,556224873.36449,0.132086,0.0,128,159,32,22,On request
1006,Trip Drive Fuel Economy,LTFI,miles/gallon,0.0 to 295.1897076301758 mile/US Gal,,0.0,295.1897076301758,0.0045940348242187,0.0,160,175,16,22,On request
1007,Trip Drive Fuel Used (Gaseous),GTFI,lb,0.0 to 4641916934.106649 lb,,0.0,4641916934.106649,1.10231,0.0,0,31,32,22,On request
1008,Trip PTO Governor Moving Fuel Used (Gaseous),GTFI,lb,0.0 to 4641916934.106649 lb,,0.0,4641916934.106649,1.10231,0.0,32,63,32,22,On request
1009,Trip PTO Governor Non-moving Fuel Used (Gaseous),GTFI,lb,0.0 to 4641916934.106649 lb,,0.0,4641916934.106649,1.10231,0.0,64,95,32,22,On request
101,Engine Crankcase Pressure,EFL/P1,psi,-36.2594345 to 36.54805959862 psi,,-36.2594345,36.54805959862,0.001133107,-36.2594345,32,47,16,8,0.5 s
1010,Trip Vehicle Idle Fuel Used (Gaseous),GTFI,lb,0.0 to 4641916934.106649 lb,,0.0,4641916934.106649,1.10231,0.0,96,127,32,22,On request
1011,Trip Cruise Fuel Used (Gaseous),GTFI,lb,0.0 to 4641916934.106649 lb,,0.0,4641916934.106649,1.10231,0.0,128,159,32,22,On request
1012,Trip Drive Fuel Economy (Gaseous),GTFI,miles/lb,0.0 to 35.37155925273437 mile/lb,,0.0,35.37155925273437,0.000550487265625,0.0,160,175,16,22,On request
1013,Trip Maximum Engine Speed,LF,rpm,"0 to 8,031.875 rpm",,0.0,8031.875,0.125,0.0,0,15,16,10,On request
1014,Trip Average Engine Speed,LF,rpm,"0 to 8,031.875 rpm",,0.0,8031.875,0.125,0.0,16,31,16,10,On request
1015,Trip Drive Average Load Factor,LF,%,0 to 100 %,,0.0,100.0,0.4,0.0,32,39,8,10,On request
1016,Total Drive Average Load Factor,LF,%,0 to 100 %,,0.0,100.0,0.4,0.0,40,47,8,10,On request
1017,Total Engine Cruise Time,LF,hours,"0 to 210,554,060.75 hr",,0.0,210554060.75,0.05,0.0,48,79,32,10,On request
1018,Trip Maximum Vehicle Speed,TVI,mph,0.0 to 155.961635516 mph,,0.0,155.961635516,0.00242723046875,0.0,0,15,16,8,On request
1019,Trip Cruise Distance,TVI,miles,0.0 to 327080468.2212549 mile,,0.0,327080468.2212549,0.077671375,0.0,16,47,32,8,On request
102,Engine Intake Manifold #1 Pressure,IC1,psi,0.0 to 72.518869 psi,,0.0,72.518869,0.290075476,0.0,8,15,8,8,0.5 s
1020,Trip Number of Hot Shutdowns,TSI,count,"0 to 64,255",,0.0,64255.0,1.0,0.0,0,15,16,8,On request
1021,Trip Number of Idle Shutdowns,TSI,count,"0 to 64,255",,0.0,64255.0,1.0,0.0,16,31,16,8,On request
1022,Trip Number of Idle Shutdown Overrides,TSI,count,"0 to 64,255",,0.0,64255.0,1.0,0.0,32,47,16,8,On request
1023,Trip Sudden Decelerations,TSI,count,"0 to 64,255",,0.0,64255.0,1.0,0.0,48,63,16,8,On request
1024,Trip Time in VSL,TTI1,hours,"0 to 210,554,060.75 hr",,0.0,210554060.75,0.05,0.0,0,31,32,16,On request
1025,Trip Time in Top Gear,TTI1,hours,"0 to 210,554,060.75 hr",,0.0,210554060.75,0.05,0.0,32,63,32,16,On request
1026,Trip Time in Gear Down,TTI1,hours,"0 to 210,554,060.75 hr",,0.0,210554060.75,0.05,0.0,64,95,32,16,On request
1027,Trip Time in Derate by Engine,TTI1,hours,"0 to 210,554,060.75 hr",,0.0,210554060.75,0.05,0.0,96,127,32,16,On request
1028,Total Engine PTO Governor Fuel Used,LFI,gallons,0.0 to 556224873.36449 US Gal,,0.0,556224873.36449,0.132086,0.0,0,31,32,8,On request
1029,Trip Average Fuel Rate,LFI,gallons/h,0.0 to 848.718593 US Gal/h,,0.0,848.718593,0.0132086,0.0,32,47,16,8,On request
103,Engine Turbocharger 1 Speed,TC,rpm,"0 to 257,020 rpm",,0.0,257020.0,4.0,0.0,8,23,16,8,1 s
1030,Total Engine PTO Governor Fuel Used (Gaseous),GFI1,kg,"0 to 2,105,540,607.5 kg",,0.0,2105540607.5,0.5,0.0,0,31,32,8,On request
1031,Trip Average Fuel Rate (Gaseous),GFI1,lb/h,0.0 to 7082.892905 lb/h,,0.0,7082.892905,0.110231,0.0,32,47,16,8,On request
1032,Total ECU Distance,EH,m,"0 to 526,385,151.9 km",,0.0,526385151.9,0.125,0.0,0,31,32,8,On request
1033,Total ECU Run Time,EH,hours,"0 to 210,554,060.75 hr",,0.0,210554060.75,0.05,0.0,32,63,32,8,On request
1034,Trip Cruise Time,TTI2,hours,"0 to 210,554,060.75 hr",,0.0,210554060.75,0.05,0.0,0,31,32,20,On request
1035,Trip PTO Governor Time,TTI2,hours,"0 to 210,554,060.75 hr",,0.0,210554060.75,0.05,0.0,32,63,32,20,On request
1036,Trip Engine Running Time,TTI2,hours,"0 to 210,554,060.75 hr",,0.0,210554060.75,0.05,0.0,64,95,32,20,On request
1037,Trip Idle Time,TTI2,hours,"0 to 210,554,060.75 hr",,0.0,210554060.75,0.05,0.0,96,127,32,20,On request
1038,Trip Air Compressor On Time,TTI2,hours,"0 to 210,554,060.75 hr",,0.0,210554060.75,0.05,0.0,128,159,32,20,On request
1039,Trip Fuel (Gaseous),GFC,lb,0.0 to 4641916934.106649 lb,,0.0,4641916934.106649,1.10231,0.0,0,31,32,8,On request
104,Engine Turbocharger Lube Oil Pressure 1,TC,psi,0.0 to 145.037738 psi,,0.0,145.037738,0.580150952,0.0,0,7,8,8,1 s
1040,Total Fuel Used (Gaseous),GFC,kg,"0 to 2,105,540,607.5 kg",,0.0,2105540607.5,0.5,0.0,32,63,32,8,On request
105,Engine Intake Manifold 1 Temperature,IC1,deg F,-40.0 to 410.0 deg F,,-40.0,410.0,1.8,-40.0,16,23,8,8,0.5 s
106,Engine Air Intake Pressure,IC1,psi,0.0 to 72.518869 psi,,0.0,72.518869,0.290075476,0.0,24,31,8,8,0.5 s
107,Engine Air Filter 1 Differential Pressure,IC1,psi,0.0 to 1.812971725 psi,,0.0,1.812971725,0.0072518869,0.0,32,39,8,8,0.5 s
108,Barometric Pressure,AMB,psi,0.0 to 18.12971725 psi,,0.0,18.12971725,0.072518869,0.0,0,7,8,8,1 s
1081,Engine Wait to Start Lamp,SHUTDN,bit,0 to 3,,0.0,3.0,1.0,0.0,24,25,2,8,1 s
1082,Engine Coolant Load Increase,ERC1,bit,0 to 3,,0.0,3.0,1.0,0.0,24,25,2,8,100 ms
1083,Auxiliary I/O Channel #1,AUXIO1,count,"0 to 64,255",,0.0,64255.0,1.0,0.0,32,47,16,8,"manufacturer defined, not faster than 100 ms"
1084,Auxiliary I/O Channel #2,AUXIO1,count,"0 to 64,255",,0.0,64255.0,1.0,0.0,48,63,16,8,"manufacturer defined, not faster than 100 ms"
1085,Intended Retarder Percent Torque,ERC1,%,-125 to 125 %,-125 to 0%,-125.0,0.0,1.0,-125.0,16,23,8,8,100 ms
1086,Parking and/or Trailer Air Pressure,AIR1,psi,0.0 to 290.075476 psi,,0.0,290.075476,1.160301904,0.0,8,15,8,8,1 sec
1087,Service Brake Circuit 1 Air Pressure,AIR1,psi,0.0 to 290.075476 psi,,0.0,290.075476,1.160301904,0.0,16,23,8,8,1 sec
1088,Service Brake Circuit 2 Air Pressure,AIR1,psi,0.0 to 290.075476 psi,,0.0,290.075476,1.160301904,0.0,24,31,8,8,1 sec
1089,Auxiliary Equipment Supply Pressure,AIR1,psi,0.0 to 290.075476 psi,,0.0,290.075476,1.160301904,0.0,32,39,8,8,1 sec
109,Engine Coolant Pressure,EFL/P1,psi,0.0 to 72.518869 psi,,0.0,72.518869,0.290075476,0.0,48,55,8,8,0.5 s
1090,Air Suspension Supply Pressure,AIR1,psi,0.0 to 290.075476 psi,,0.0,290.075476,1.160301904,0.0,40,47,8,8,1 sec
1091,"Brake Application Pressure High Range, Front Axle, Left Wheel",EBC3,psi,0.0 to 181.2971725 psi,,0.0,181.2971725,0.72518869,0.0,0,7,8,8,100 ms
1092,"Brake Application Pressure High Range, Front Axle, Right Wheel",EBC3,psi,0.0 to 181.2971725 psi,,0.0,181.2971725,0.72518869,0.0,8,15,8,8,100 ms
1093,"Brake Application Pressure High Range, Rear Axle #1, Left Wheel",EBC3,psi,0.0 to 181.2971725 psi,,0.0,181.2971725,0.72518869,0.0,16,23,8,8,100 ms
1094,"Brake Application Pressure High Range, Rear Axle #1, Right Wheel",EBC3,psi,0.0 to 181.2971725 psi,,0.0,181.2971725,0.72518869,0.0,24,31,8,8,100 ms
1095,"Brake Application Pressure High Range, Rear Axle #2, Left Wheel",EBC3,psi,0.0 to 181.2971725 psi,,0.0,181.2971725,0.72518869,0.0,32,39,8,8,100 ms
1096,"Brake Application Pressure High Range, Rear Axle #2, Right Wheel",EBC3,psi,0.0 to 181.2971725 psi,,0.0,181.2971725,0.72518869,0.0,40,47,8,8,100 ms
1097,"Brake Application Pressure High Range, Rear Axle #3, Left Wheel",EBC3,psi,0.0 to 181.2971725 psi,,0.0,181.2971725,0.72518869,0.0,48,55,8,8,100 ms
1098,"Brake Application Pressure High Range, Rear Axle #3, Right Wheel",EBC3,psi,0.0 to 181.2971725 psi,,0.0,181.2971725,0.72518869,0.0,56,63,8,8,100 ms
1099,"Brake Lining Remaining, Front Axle, Left Wheel",EBC4,%,0 to 100 %,,0.0,100.0,0.4,0.0,0,7,8,8,On request
110,Engine Coolant Temperature,ET1,deg F,-40.0 to 410.0 deg F,,-40.0,410.0,1.8,-40.0,0,7,8,8,1 s
1100,"Brake Lining Remaining, Front Axle, Right Wheel",EBC4,%,0 to 100 %,,0.0,100.0,0.4,0.0,8,15,8,8,On request
1101,"Brake Lining Remaining, Rear Axle #1, Left Wheel",EBC4,%,0 to 100 %,,0.0,100.0,0.4,0.0,16,23,8,8,On request
1102,"Brake Lining Remaining, Rear Axle #1, Right Wheel",EBC4,%,0 to 100 %,,0.0,100.0,0.4,0.0,24,31,8,8,On request
1103,"Brake Lining Remaining, Rear Axle #2, Left Wheel",EBC4,%,0 to 100 %,,0.0,100.0,0.4,0.0,32,39,8,8,On request
1104,"Brake Lining Remaining, Rear Axle #2, Right Wheel",EBC4,%,0 to 100 %,,0.0,100.0,0.4,0.0,40,47,8,8,On request
1105,"Brake Lining Remaining, Rear Axle #3, Left Wheel",EBC4,%,0 to 100 %,,0.0,100.0,0.4,0.0,48,55,8,8,On request
1106,"Brake Lining Remaining, Rear Axle #3, Right Wheel",EBC4,%,0 to 100 %,,0.0,100.0,0.4,0.0,56,63,8,8,On request
1107,Engine Protection System Timer State,SHUTDN,bit,0 to 3,,0.0,3.0,1.0,0.0,38,39,2,8,1 s
1108,Engine Protection System Timer Override,SHUTDN,bit,0 to 3,,0.0,3.0,1.0,0.0,36,37,2,8,1 s
1109,Engine Protection System Approaching Shutdown,SHUTDN,bit,0 to 3,,0.0,3.0,1.0,0.0,34,35,2,8,1 s
111,Engine Coolant Level,EFL/P1,%,0 to 100 %,,0.0,100.0,0.4,0.0,56,63,8,8,0.5 s
1110,Engine Protection System has Shutdown Engine,SHUTDN,bit,0 to 3,,0.0,3.0,1.0,0.0,32,33,2,8,1 s
1111,Engine Protection System Configuration,SHUTDN,bit,0 to 3,,0.0,3.0,1.0,0.0,46,47,2,8,1 s
1113,Recommended Gear,ETC6,gear value,-125 to 125,-125 to +125,-125.0,125.0,1.0,-125.0,0,7,8,8,On request
1114,Lowest Possible Gear,ETC6,gear value,-125 to 125,-125 to +125,-125.0,125.0,1.0,-125.0,16,23,8,8,On request
1115,Highest Possible Gear,ETC6,gear value,-125 to 125,-125 to +125,-125.0,125.0,1.0,-125.0,8,15,8,8,On request
1116,Engine Gaseous Fuel Correction Factor,AF2,%,0 to 250 %,,0.0,250.0,1.0,0.0,0,7,8,8,On request
1117,Engine Desired Rated Exhaust Oxygen,EO1,%,0 to 160.6375 %,,0.0,160.6375,0.0025,0.0,0,15,16,8,On request
1118,Engine Desired Exhaust Oxygen,EO1,%,0 to 160.6375 %,,0.0,160.6375,0.0025,0.0,16,31,16,8,On request
1119,Engine Actual Exhaust Oxygen,EO1,%,0 to 160.6375 %,,0.0,160.6375,0.0025,0.0,32,47,16,8,On request
112,Engine Coolant Filter Differential Pressure,IC1,psi,0.0 to 18.12971725 psi,,0.0,18.12971725,0.072518869,0.0,56,63,8,8,0.5 s
1120,Articulation Angle,ACTL,deg,-125 to 125 deg,,-125.0,125.0,1.0,-125.0,0,7,8,8,On request
1121,EBS Brake Switch,EBC1,bit,0 to 3,,0.0,3.0,1.0,0.0,6,7,2,8,100 ms
1122,Engine Alternator Bearing 1 Temperature,AT,deg F,-40.0 to 410.0 deg F,,-40.0,410.0,1.8,-40.0,0,7,8,8,1 s
1123,Engine Alternator Bearing 2 Temperature,AT,deg F,-40.0 to 410.0 deg F,,-40.0,410.0,1.8,-40.0,8,15,8,8,1 s
1124,Engine Alternator Winding 1 Temperature,AT,deg F,-40.0 to 410.0 deg F,,-40.0,410.0,1.8,-40.0,16,23,8,8,1 s
1125,Engine Alternator Winding 2 Temperature,AT,deg F,-40.0 to 410.0 deg F,,-40.0,410.0,1.8,-40.0,24,31,8,8,1 s
1126,Engine Alternator Winding 3 Temperature,AT,deg F,-40.0 to 410.0 deg F,,-40.0,410.0,1.8,-40.0,32,39,8,8,1 s
1127,Engine Turbocharger 1 Boost Pressure,IMT1,psi,0.0 to 1164.92498189875 psi,,0.0,1164.92498189875,0.01812971725,0.0,0,15,16,8,0.5 s
1128,Engine Turbocharger 2 Boost Pressure,IMT1,psi,0.0 to 1164.92498189875 psi,,0.0,1164.92498189875,0.01812971725,0.0,16,31,16,8,0.5 s
1129,Engine Turbocharger 3 Boost Pressure,IMT1,psi,0.0 to 1164.92498189875 psi,,0.0,1164.92498189875,0.01812971725,0.0,32,47,16,8,0.5 s
1130,Engine Turbocharger 4 Boost Pressure,IMT1,psi,0.0 to 1164.92498189875 psi,,0.0,1164.92498189875,0.01812971725,0.0,48,63,16,8,0.5 s
1131,Engine Intake Manifold 2 Temperature,IMT2,deg F,-40.0 to 410.0 deg F,,-40.0,410.0,1.8,-40.0,0,7,8,8,1 s
1132,Engine Intake Manifold 3 Temperature,IMT2,deg F,-40.0 to 410.0 deg F,,-40.0,410.0,1.8,-40.0,8,15,8,8,1 s
1133,Engine Intake Manifold 4 Temperature,IMT2,deg F,-40.0 to 410.0 deg F,,-40.0,410.0,1.8,-40.0,16,23,8,8,1 s
1134,Engine Intercooler Thermostat Opening,ET1,%,0 to 100 %,,0.0,100.0,0.4,0.0,56,63,8,8,1 s
1135,Engine Oil Temperature 2,ET2,deg F,-459.40000000000003 to 3154.94375 deg F,,-459.40000000000003,3154.94375,0.05625,-459.40000000000003,0,15,16,8,1s
1136,Engine ECU Temperature,ET2,deg F,-459.40000000000003 to 3154.94375 deg F,,-459.40000000000003,3154.94375,0.05625,-459.40000000000003,16,31,16,8,1s
1137,Engine Exhaust Gas Port 1 Temperature,EPT1,deg F,-459.40000000000003 to 3154.94375 deg F,,-459.40000000000003,3154.94375,0.05625,-459.40000000000003,0,15,16,8,1 s
1138,Engine Exhaust Gas Port 2 Temperature,EPT1,deg F,-459.40000000000003 to 3154.94375 deg F,,-459.40000000000003,3154.94375,0.05625,-459.40000000000003,16,31,16,8,1 s
1139,Engine Exhaust Gas Port 3 Temperature,EPT1,deg F,-459.40000000000003 to 3154.94375 deg F,,-459.40000000000003,3154.94375,0.05625,-459.40000000000003,32,47,16,8,1 s
114,Net Battery Current,VEP1,Amps,-125 to 125 A,,-125.0,125.0,1.0,-125.0,0,7,8,8,1 s
1140,Engine Exhaust Gas Port 4 Temperature,EPT1,deg F,-459.40000000000003 to 3154.94375 deg F,,-459.40000000000003,3154.94375,0.05625,-459.40000000000003,48,63,16,8,1 s
1141,Engine Exhaust Gas Port 5 Temperature,EPT2,deg F,-459.40000000000003 to 3154.94375 deg F,,-459.40000000000003,3154.94375,0.05625,-459.40000000000003,0,15,16,8,1 s
1142,Engine Exhaust Gas Port 6 Temperature,EPT2,deg F,-459.40000000000003 to 3154.94375 deg F,,-459.40000000000003,3154.94375,0.05625,-459.40000000000003,16,31,16,8,1 s
1143,Engine Exhaust Gas Port 7 Temperature,EPT2,deg F,-459.40000000000003 to 3154.94375 deg F,,-459.40000000000003,3154.94375,0.05625,-459.40000000000003,32,47,16,8,1 s
1144,Engine Exhaust Gas Port 8 Temperature,EPT2,deg F,-459.40000000000003 to 3154.94375 deg F,,-459.40000000000003,3154.94375,0.05625,-459.40000000000003,48,63,16,8,1 s
1145,Engine Exhaust Gas Port 9 Temperature,EPT3,deg F,-459.40000000000003 to 3154.94375 deg F,,-459.40000000000003,3154.94375,0.05625,-459.40000000000003,0,15,16,8,1 s
1146,Engine Exhaust Gas Port 10 Temperature,EPT3,deg F,-459.40000000000003 to 3154.94375 deg F,,-459.40000000000003,3154.94375,0.05625,-459.40000000000003,16,31,16,8,1 s
1147,Engine Exhaust Gas Port 11 Temperature,EPT3,deg F,-459.40000000000003 to 3154.94375 deg F,,-459.40000000000003,3154.94375,0.05625,-459.40000000000003,32,47,16,8,1 s
1148,Engine Exhaust Gas Port 12 Temperature,EPT3,deg F,-459.40000000000003 to 3154.94375 deg F,,-459.40000000000003,3154.94375,0.05625,-459.40000000000003,48,63,16,8,1 s
1149,Engine Exhaust Gas Port 13 Temperature,EPT4,deg F,-459.40000000000003 to 3154.94375 deg F,,-459.40000000000003,3154.94375,0.05625,-459.40000000000003,0,15,16,8,1 s
115,Alternator Current,VEP1,Amps,0 to 250 A,,0.0,250.0,1.0,0.0,8,15,8,8,1 s
1150,Engine Exhaust Gas Port 14 Temperature,EPT4,deg F,-459.40000000000003 to 3154.94375 deg F,,-459.40000000000003,3154.94375,0.05625,-459.40000000000003,16,31,16,8,1 s
1151,Engine Exhaust Gas Port 15 Temperature,EPT4,deg F,-459.40000000000003 to 3154.94375 deg F,,-459.40000000000003,3154.94375,0.05625,-459.40000000000003,32,47,16,8,1 s
1152,Engine Exhaust Gas Port 16 Temperature,EPT4,deg F,-459.40000000000003 to 3154.94375 deg F,,-459.40000000000003,3154.94375,0.05625,-459.40000000000003,48,63,16,8,1 s
1153,Engine Exhaust Gas Port 17 Temperature,EPT5,deg F,-459.40000000000003 to 3154.94375 deg F,,-459.40000000000003,3154.94375,0.05625,-459.40000000000003,0,15,16,8,1 s
1154,Engine Exhaust Gas Port 18 Temperature,EPT5,deg F,-459.40000000000003 to 3154.94375 deg F,,-459.40000000000003,3154.94375,0.05625,-459.40000000000003,16,31,16,8,1 s
1155,Engine Exhaust Gas Port 19 Temperature,EPT5,deg F,-459.40000000000003 to 3154.94375 deg F,,-459.40000000000003,3154.94375,0.05625,-459.40000000000003,32,47,16,8,1 s
1156,Engine Exhaust Gas Port 20 Temperature,EPT5,deg F,-459.40000000000003 to 3154.94375 deg F,,-459.40000000000003,3154.94375,0.05625,-459.40000000000003,48,63,16,8,1 s
1157,Engine Main Bearing 1 Temperature,MBT1,deg F,-459.40000000000003 to 3154.94375 deg F,,-459.40000000000003,3154.94375,0.05625,-459.40000000000003,0,15,16,8,1 s
1158,Engine Main Bearing 2 Temperature,MBT1,deg F,-459.40000000000003 to 3154.94375 deg F,,-459.40000000000003,3154.94375,0.05625,-459.40000000000003,16,31,16,8,1 s
1159,Engine Main Bearing 3 Temperature,MBT1,deg F,-459.40000000000003 to 3154.94375 deg F,,-459.40000000000003,3154.94375,0.05625,-459.40000000000003,32,47,16,8,1 s
116,Brake Application Pressure,B,psi,0.0 to 145.037738 psi,,0.0,145.037738,0.580150952,0.0,0,7,8,8,1 s
1160,Engine Main Bearing 4 Temperature,MBT1,deg F,-459.40000000000003 to 3154.94375 deg F,,-459.40000000000003,3154.94375,0.05625,-459.40000000000003,48,63,16,8,1 s
1161,Engine Main Bearing 5 Temperature,MBT2,deg F,-459.40000000000003 to 3154.94375 deg F,,-459.40000000000003,3154.94375,0.05625,-459.40000000000003,0,15,16,8,1 s
1162,Engine Main Bearing 6 Temperature,MBT2,deg F,-459.40000000000003 to 3154.94375 deg F,,-459.40000000000003,3154.94375,0.05625,-459.40000000000003,16,31,16,8,1 s
1163,Engine Main Bearing 7 Temperature,MBT2,deg F,-459.40000000000003 to 3154.94375 deg F,,-459.40000000000003,3154.94375,0.05625,-459.40000000000003,32,47,16,8,1 s
1164,Engine Main Bearing 8 Temperature,MBT2,deg F,-459.40000000000003 to 3154.94375 deg F,,-459.40000000000003,3154.94375,0.05625,-459.40000000000003,48,63,16,8,1 s
1165,Engine Main Bearing 9 Temperature,MBT3,deg F,-459.40000000000003 to 3154.94375 deg F,,-459.40000000000003,3154.94375,0.05625,-459.40000000000003,0,15,16,8,1 s
1166,Engine Main Bearing 10 Temperature,MBT3,deg F,-459.40000000000003 to 3154.94375 deg F,,-459.40000000000003,3154.94375,0.05625,-459.40000000000003,16,31,16,8,1 s
1167,Engine Main Bearing 11 Temperature,MBT3,deg F,-459.40000000000003 to 3154.94375 deg F,,-459.40000000000003,3154.94375,0.05625,-459.40000000000003,32,47,16,8,1 s
1168,Engine Turbocharger Lube Oil Pressure 2,TCI1,psi,0.0 to 145.037738 psi,,0.0,145.037738,0.580150952,0.0,0,7,8,8,1 s
1169,Engine Turbocharger 2 Speed,TCI1,rpm,"0 to 257,020 rpm",,0.0,257020.0,4.0,0.0,8,23,16,8,1 s
117,Brake Primary Pressure,B,psi,0.0 to 145.037738 psi,,0.0,145.037738,0.580150952,0.0,8,15,8,8,1 s
1170,Engine Turbocharger 3 Speed,TCI1,rpm,"0 to 257,020 rpm",,0.0,257020.0,4.0,0.0,24,39,16,8,1 s
1171,Engine Turbocharger 4 Speed,TCI1,rpm,"0 to 257,020 rpm",,0.0,257020.0,4.0,0.0,40,55,16,8,1 s
1172,Engine Turbocharger 1 Compressor Intake Temperature,TCI2,deg F,-459.40000000000003 to 3154.94375 deg F,,-459.40000000000003,3154.94375,0.05625,-459.40000000000003,0,15,16,8,1 s
1173,Engine Turbocharger 2 Compressor Intake Temperature,TCI2,deg F,-459.40000000000003 to 3154.94375 deg F,,-459.40000000000003,3154.94375,0.05625,-459.40000000000003,16,31,16,8,1 s
1174,Engine Turbocharger 3 Compressor Intake Temperature,TCI2,deg F,-459.40000000000003 to 3154.94375 deg F,,-459.40000000000003,3154.94375,0.05625,-459.40000000000003,32,47,16,8,1 s
1175,Engine Turbocharger 4 Compressor Intake Temperature,TCI2,deg F,-459.40000000000003 to 3154.94375 deg F,,-459.40000000000003,3154.94375,0.05625,-459.40000000000003,48,63,16,8,1 s
1176,Engine Turbocharger 1 Compressor Intake Pressure,TCI3,psi,-36.2594345 to 36.54805959862 psi,,-36.2594345,36.54805959862,0.001133107,-36.2594345,0,15,16,8,1 s
1177,Engine Turbocharger 2 Compressor Intake Pressure,TCI3,psi,-36.2594345 to 36.54805959862 psi,,-36.2594345,36.54805959862,0.001133107,-36.2594345,16,31,16,8,1 s
1178,Engine Turbocharger 3 Compressor Intake Pressure,TCI3,psi,-36.2594345 to 36.54805959862 psi,,-36.2594345,36.54805959862,0.001133107,-36.2594345,32,47,16,8,1 s
1179,Engine Turbocharger 4 Compressor Intake Pressure,TCI3,psi,-36.2594345 to 36.54805959862 psi,,-36.2594345,36.54805959862,0.001133107,-36.2594345,48,63,16,8,1 s
118,Brake Secondary Pressure,B,psi,0.0 to 145.037738 psi,,0.0,145.037738,0.580150952,0.0,16,23,8,8,1 s
1180,Engine Turbocharger 1 Turbine Intake Temperature,TCI4,deg F,-459.40000000000003 to 3154.94375 deg F,,-459.40000000000003,3154.94375,0.05625,-459.40000000000003,0,15,16,8,1 s
1181,Engine Turbocharger 2 Turbine Intake Temperature,TCI4,deg F,-459.40000000000003 to 3154.94375 deg F,,-459.40000000000003,3154.94375,0.05625,-459.40000000000003,16,31,16,8,1 s
1182,Engine Turbocharger 3 Turbine Intake Temperature,TCI4,deg F,-459.40000000000003 to 3154.94375 deg F,,-459.40000000000003,3154.94375,0.05625,-459.40000000000003,32,47,16,8,1 s
1183,Engine Turbocharger 4 Turbine Intake Temperature,TCI4,deg F,-459.40000000000003 to 3154.94375 deg F,,-459.40000000000003,3154.94375,0.05625,-459.40000000000003,48,63,16,8,1 s
1184,Engine Turbocharger 1 Turbine Outlet Temperature,TCI5,deg F,-459.40000000000003 to 3154.94375 deg F,,-459.40000000000003,3154.94375,0.05625,-459.40000000000003,0,15,16,8,1 s
1185,Engine Turbocharger 2 Turbine Outlet Temperature,TCI5,deg F,-459.40000000000003 to 3154.94375 deg F,,-459.40000000000003,3154.94375,0.05625,-459.40000000000003,16,31,16,8,1 s
1186,Engine Turbocharger 3 Turbine Outlet Temperature,TCI5,deg F,-459.40000000000003 to 3154.94375 deg F,,-459.40000000000003,3154.94375,0.05625,-459.40000000000003,32,47,16,8,1 s
1187,Engine Turbocharger 4 Turbine Outlet Temperature,TCI5,deg F,-459.40000000000003 to 3154.94375 deg F,,-459.40000000000003,3154.94375,0.05625,-459.40000000000003,48,63,16,8,1 s
1188,Engine Turbocharger Wastegate Actuator 1 Position,TCW,%,0 to 100 %,,0.0,100.0,0.4,0.0,0,7,8,8,100 ms
1189,Engine Turbocharger Wastegate Actuator 2 Position,TCW,%,0 to 100 %,,0.0,100.0,0.4,0.0,8,15,8,8,100 ms
119,Hydraulic Retarder Pressure,RF,psi,0.0 to 580.150952 psi,,0.0,580.150952,2.320603808,0.0,0,7,8,8,1 s
1190,Engine Turbocharger Wastegate Actuator 3 Position,TCW,%,0 to 100 %,,0.0,100.0,0.4,0.0,16,23,8,8,100 ms
1191,Engine Turbocharger Wastegate Actuator 4 Position,TCW,%,0 to 100 %,,0.0,100.0,0.4,0.0,24,31,8,8,100 ms
1192,Engine Turbocharger Wastegate Actuator Control Air Pressure,TCW,psi,0.0 to 145.037738 psi,,0.0,145.037738,0.580150952,0.0,32,39,8,8,100 ms
1193,Engine Operation Time Since Rebuild,RBI,Seconds,"0 to 4,211,081,215 s",,0.0,4211081215.0,1.0,0.0,0,31,32,8,On request
1194,Anti-theft Encryption Seed Present Indicator,ATS,bit,0 to 3,,0.0,3.0,1.0,0.0,0,1,2,8,This message is transmitted in response to an Anti-Theft Request message. This message is also sent when the component has an abnormal power interruption.  In this situation the Anti-Theft Status Report is sent without the Anti-Theft Request.
1195,Anti-theft Password Valid Indicator,ATS,bit,0 to 3,,0.0,3.0,1.0,0.0,2,3,2,8,This message is transmitted in response to an Anti-Theft Request message. This message is also sent when the component has an abnormal power interruption.  In this situation the Anti-Theft Status Report is sent without the Anti-Theft Request.
1196,Anti-theft Component Status States,ATS,bit,0 to 3,,0.0,3.0,1.0,0.0,4,5,2,8,This message is transmitted in response to an Anti-Theft Request message. This message is also sent when the component has an abnormal power interruption.  In this situation the Anti-Theft Status Report is sent without the Anti-Theft Request.
1197,Anti-theft Modify Password States,ATS,bit,0 to 3,,0.0,3.0,1.0,0.0,6,7,2,8,This message is transmitted in response to an Anti-Theft Request message. This message is also sent when the component has an abnormal power interruption.  In this situation the Anti-Theft Status Report is sent without the Anti-Theft Request.
1198,Anti-theft Random Number,ATS,ASCII,0 to 255 per byte,,0.0,255.0,-2.0,0.0,8,63,56,8,This message is transmitted in response to an Anti-Theft Request message. This message is also sent when the component has an abnormal power interruption.  In this situation the Anti-Theft Status Report is sent without the Anti-Theft Request.
1199,Anti-theft Encryption Indicator States,ATR,bit,0 to 3,,0.0,3.0,1.0,0.0,1,2,2,8,Transmission of this message is interrupt driven.  This message is also transmitted upon power-up of the interfacing device sending this message.
120,Hydraulic Retarder Oil Temperature,RF,deg F,-40.0 to 410.0 deg F,,-40.0,410.0,1.8,-40.0,8,15,8,8,1 s
1200,Anti-theft Desired Exit Mode States,ATR,bit,0 to 3,,0.0,3.0,1.0,0.0,3,4,2,8,Transmission of this message is interrupt driven.  This message is also transmitted upon power-up of the interfacing device sending this message.
1201,Anti-theft Command States,ATR,bit,0 to 7,,0.0,7.0,1.0,0.0,5,7,3,8,Transmission of this message is interrupt driven.  This message is also transmitted upon power-up of the interfacing device sending this message.
1202,Anti-theft Password Representation,ATR,ASCII,0 to 255 per byte,,0.0,255.0,-2.0,0.0,8,63,56,8,Transmission of this message is interrupt driven.  This message is also transmitted upon power-up of the interfacing device sending this message.
1203,Engine Auxiliary Coolant Pressure,EAC,psi,0.0 to 145.037738 psi,,0.0,145.037738,0.580150952,0.0,0,7,8,8,0.5 s
1204,Electrical Load,EES,hp,0.0 to 43083.687196475 hp,,0.0,43083.687196475,0.670511045,0.0,0,15,16,8,100 ms
1205,Safety Wire Status,EES,bit,0 to 3,,0.0,3.0,1.0,0.0,16,17,2,8,100 ms
1208,Engine Pre-filter Oil Pressure,EI,psi,0.0 to 145.037738 psi,,0.0,145.037738,0.580150952,0.0,0,7,8,8,100 ms
1209,Engine Exhaust Gas Pressure,EI,psi,-36.2594345 to 36.54805959862 psi,,-36.2594345,36.54805959862,0.001133107,-36.2594345,8,23,16,8,100 ms
1210,Engine Fuel Rack Position,EI,%,0 to 100 %,,0.0,100.0,0.4,0.0,24,31,8,8,100 ms
1211,Engine Build Hours Reset,RESET,bit,0 to 3,,0.0,3.0,1.0,0.0,16,17,2,8,When needed
1212,Engine Auxiliary Coolant Temperature,EAC,deg F,-40.0 to 410.0 deg F,,-40.0,410.0,1.8,-40.0,8,15,8,8,0.5 s
1213,Malfunction Indicator Lamp,DM12,bit,0 to 3,,0.0,3.0,1.0,0.0,6,7,2,Variable,On request
1214,Suspect Parameter Number,DM12,binary,"0 to 524,287",,0.0,524287.0,-3.0,0.0,16,34,19,Variable,On request
1215,Failure Mode Identifier,DM12,binary,00 to 31,,0.0,31.0,-3.0,0.0,35,39,5,Variable,On request
1216,Occurrence Count,DM12,binary,0 to 127,,0.0,127.0,-3.0,0.0,40,46,7,Variable,On request
1217,Freeze Frame Length,DM04,count,0 to 255,,0.0,255.0,1.0,0.0,0,7,8,Variable,On request
1218,Active Trouble Codes,DM05,trouble code,0 to 250,,0.0,250.0,1.0,0.0,0,7,8,Variable,On request
1219,Previously Active Trouble Codes,DM05,trouble code,0 to 250,,0.0,250.0,1.0,0.0,8,15,8,Variable,On request
1220,OBD Compliance,DM05,count,0 to 250,,0.0,250.0,1.0,0.0,16,23,8,Variable,On request
1221,Continuously Monitored Systems Support/Status,DM05,bit-mapped,bit-mapped,,-1.0,-1.0,8.0,0.0,24,31,8,Variable,On request
1222,Non-continuously Monitored Systems Support,DM05,bit-mapped,bit-mapped,,-1.0,-1.0,16.0,0.0,32,47,16,Variable,On request
1223,Non-continuously Monitored Systems Status,DM05,bit-mapped,bit-mapped,,-1.0,-1.0,16.0,0.0,48,63,16,Variable,On request
1224,Test Identifier,DM08,count,0 to 255,,0.0,255.0,1.0,0.0,0,7,8,Variable,Sent in response to PGN 58112 when the results are available
1225,Test Type/Component Identifier,DM08,count,0 to 250,,0.0,250.0,1.0,0.0,8,15,8,Variable,Sent in response to PGN 58112 when the results are available
1226,Test Value,DM08,Request Dependent,Not defined,,-1.0,-1.0,-1.0,0.0,16,31,16,Variable,Sent in response to PGN 58112 when the results are available
1227,Test Limit Maximum,DM08,Request Dependent,Not defined,,-1.0,-1.0,-1.0,0.0,32,47,16,Variable,Sent in response to PGN 58112 when the results are available
1228,Test Limit Minimum,DM08,Request Dependent,Not defined,,-1.0,-1.0,-1.0,0.0,48,63,16,Variable,Sent in response to PGN 58112 when the results are available
1229,Test Identifiers Supported,DM10,bit-mapped,bit-mapped,,-1.0,-1.0,64.0,0.0,0,63,64,8,On request
123,Clutch Pressure,TRF1,psi,0.0 to 580.150952 psi,,0.0,580.150952,2.320603808,0.0,0,7,8,8,1 s
1230,Current Data Link,DM13,bit,0 to 3,,0.0,3.0,1.0,0.0,6,7,2,8,Sent when ever a Stop or Start broadcast event is necessary. To maintain the modified state of the vehicle network(s) the commanding device must send the Hold Signal once every 5 seconds.
1231,J1939 Network #2,DM13,bit,0 to 3,,0.0,3.0,1.0,0.0,14,15,2,8,Sent when ever a Stop or Start broadcast event is necessary. To maintain the modified state of the vehicle network(s) the commanding device must send the Hold Signal once every 5 seconds.
1232,ISO 9141,DM13,bit,0 to 3,,0.0,3.0,1.0,0.0,12,13,2,8,Sent when ever a Stop or Start broadcast event is necessary. To maintain the modified state of the vehicle network(s) the commanding device must send the Hold Signal once every 5 seconds.
1233,J1850,DM13,bit,0 to 3,,0.0,3.0,1.0,0.0,10,11,2,8,Sent when ever a Stop or Start broadcast event is necessary. To maintain the modified state of the vehicle network(s) the commanding device must send the Hold Signal once every 5 seconds.
1234,"Other, Manufacturer Specified Port",DM13,bit,0 to 3,,0.0,3.0,1.0,0.0,8,9,2,8,Sent when ever a Stop or Start broadcast event is necessary. To maintain the modified state of the vehicle network(s) the commanding device must send the Hold Signal once every 5 seconds.
1235,J1939 Network #3,DM13,bit,0 to 3,,0.0,3.0,1.0,0.0,22,23,2,8,Sent when ever a Stop or Start broadcast event is necessary. To maintain the modified state of the vehicle network(s) the commanding device must send the Hold Signal once every 5 seconds.
1236,Hold Signal,DM13,bit,0 to 15,,0.0,15.0,1.0,0.0,28,31,4,8,Sent when ever a Stop or Start broadcast event is necessary. To maintain the modified state of the vehicle network(s) the commanding device must send the Hold Signal once every 5 seconds.
1237,Engine Shutdown Override Switch,CCVS1,bit,0 to 3,,0.0,3.0,1.0,0.0,62,63,2,8,100 ms
1238,Traction Control Override Switch,EBC1,bit,0 to 3,,0.0,3.0,1.0,0.0,22,23,2,8,100 ms
1239,Engine Fuel Leakage 1,FL,bit,0 to 3,,0.0,3.0,1.0,0.0,0,1,2,8,1 s
124,Transmission Oil Level 1,TRF1,%,0 to 100 %,,0.0,100.0,0.4,0.0,8,15,8,8,1 s
1240,Engine Fuel Leakage 2,FL,bit,0 to 3,,0.0,3.0,1.0,0.0,2,3,2,8,1 s
1241,Engine Gas Mass Flow Rate 1,EI,kg/h,0 to 3212.75 kg/h,,0.0,3212.75,0.05,0.0,32,47,16,8,100 ms
1242,Instantaneous Estimated Brake Power,EI,hp,0.0 to 43083.687196475 hp,,0.0,43083.687196475,0.670511045,0.0,48,63,16,8,100 ms
1243,ABS Fully Operational,EBC1,bit,0 to 3,,0.0,3.0,1.0,0.0,40,41,2,8,100 ms
1244,Engine Fuel Actuator 2 Control Command,TFAC,%,0 to 160.6375 %,0 to 100%,0.0,100.0,0.0025,0.0,48,63,16,8,50 msec (preferred) or Engine Speed Dependent (if required by application)
1246,Number of Engine Torque History Records,ETH,Record,0 to 250 records,,0.0,250.0,1.0,0.0,0,7,8,Variable,On request
1247,Engine Power,ETH,hp,0.0 to 43083.687196475 hp,,0.0,43083.687196475,0.670511045,0.0,8,23,16,Variable,On request
1248,Engine Peak Torque 1,ETH,Nm,"0 to 64,255 Nm",,0.0,64255.0,1.0,0.0,24,39,16,Variable,On request
1249,Engine Peak Torque 2,ETH,Nm,"0 to 64,255 Nm",,0.0,64255.0,1.0,0.0,40,55,16,Variable,On request
1250,Calibration Record Start Month,ETH,Months,0 to 250 months,1 to 12 month,1.0,12.0,1.0,0.0,56,63,8,Variable,On request
1251,Calibration Record Start Day,ETH,Days,0 to 62.5 days,0.25 to 31.75 day,0.25,31.75,0.25,0.0,64,71,8,Variable,On request
1252,Calibration Record Start Year,ETH,Years,1985 to 2235 years,1985 to 2235 year,1985.0,2235.0,1.0,1985.0,72,79,8,Variable,On request
1253,Calibration Record Duration Time,ETH,hours,"0 to 210,554,060.75 hr",,0.0,210554060.75,0.05,0.0,80,111,32,Variable,On request
1254,Torque Limiting Feature Status,ETH,bit,0 to 3,,0.0,3.0,1.0,0.0,112,113,2,Variable,On request
1255,Transmission Gear Ratio 1,ETH,,0 to 642.55,,0.0,642.55,0.01,0.0,120,135,16,Variable,On request
1256,"Engine Torque Limit 1, Transmission",ETH,Nm,"0 to 64,255 Nm",,0.0,64255.0,1.0,0.0,136,151,16,Variable,On request
1257,Transmission Gear Ratio 2,ETH,,0 to 642.55,,0.0,642.55,0.01,0.0,152,167,16,Variable,On request
1258,"Engine Torque Limit 2, Transmission",ETH,Nm,"0 to 64,255 Nm",,0.0,64255.0,1.0,0.0,168,183,16,Variable,On request
1259,Transmission Gear Ratio 3,ETH,,0 to 642.55,,0.0,642.55,0.01,0.0,184,199,16,Variable,On request
126,Transmission Filter Differential Pressure,TRF1,psi,0.0 to 72.518869 psi,,0.0,72.518869,0.290075476,0.0,16,23,8,8,1 s
1260,"Engine Torque Limit 3, Transmission",ETH,Nm,"0 to 64,255 Nm",,0.0,64255.0,1.0,0.0,200,215,16,Variable,On request
1261,"Engine Torque Limit 4, Transmission",ETH,Nm,"0 to 64,255 Nm",,0.0,64255.0,1.0,0.0,216,231,16,Variable,On request
1262,"Engine Torque Limit 5, Switch",ETH,Nm,"0 to 64,255 Nm",,0.0,64255.0,1.0,0.0,232,247,16,Variable,On request
1263,"Engine Torque Limit 6, Axle Input",ETH,Nm,"0 to 128,510 Nm",,0.0,128510.0,2.0,0.0,248,263,16,Variable,On request
127,Transmission Oil Pressure,TRF1,psi,0.0 to 580.150952 psi,,0.0,580.150952,2.320603808,0.0,24,31,8,8,1 s
1294,Engine Spark Plug 1,ESV1,Volts,"0 to 64,255 Volts",,0.0,64255.0,1.0,0.0,0,15,16,8,On request
1295,Engine Spark Plug 2,ESV1,Volts,"0 to 64,255 Volts",,0.0,64255.0,1.0,0.0,16,31,16,8,On request
1296,Engine Spark Plug 3,ESV1,Volts,"0 to 64,255 Volts",,0.0,64255.0,1.0,0.0,32,47,16,8,On request
1297,Engine Spark Plug 4,ESV1,Volts,"0 to 64,255 Volts",,0.0,64255.0,1.0,0.0,48,63,16,8,On request
1298,Engine Spark Plug 5,ESV2,Volts,"0 to 64,255 Volts",,0.0,64255.0,1.0,0.0,0,15,16,8,On request
1299,Engine Spark Plug 6,ESV2,Volts,"0 to 64,255 Volts",,0.0,64255.0,1.0,0.0,16,31,16,8,On request
1300,Engine Spark Plug 7,ESV2,Volts,"0 to 64,255 Volts",,0.0,64255.0,1.0,0.0,32,47,16,8,On request
1301,Engine Spark Plug 8,ESV2,Volts,"0 to 64,255 Volts",,0.0,64255.0,1.0,0.0,48,63,16,8,On request
1302,Engine Spark Plug 9,ESV3,Volts,"0 to 64,255 Volts",,0.0,64255.0,1.0,0.0,0,15,16,8,On request
1303,Engine Spark Plug 10,ESV3,Volts,"0 to 64,255 Volts",,0.0,64255.0,1.0,0.0,16,31,16,8,On request
1304,Engine Spark Plug 11,ESV3,Volts,"0 to 64,255 Volts",,0.0,64255.0,1.0,0.0,32,47,16,8,On request
1305,Engine Spark Plug 12,ESV3,Volts,"0 to 64,255 Volts",,0.0,64255.0,1.0,0.0,48,63,16,8,On request
1306,Engine Spark Plug 13,ESV4,Volts,"0 to 64,255 Volts",,0.0,64255.0,1.0,0.0,0,15,16,8,On request
1307,Engine Spark Plug 14,ESV4,Volts,"0 to 64,255 Volts",,0.0,64255.0,1.0,0.0,16,31,16,8,On request
1308,Engine Spark Plug 15,ESV4,Volts,"0 to 64,255 Volts",,0.0,64255.0,1.0,0.0,32,47,16,8,On request
1309,Engine Spark Plug 16,ESV4,Volts,"0 to 64,255 Volts",,0.0,64255.0,1.0,0.0,48,63,16,8,On request
1310,Engine Spark Plug 17,ESV5,Volts,"0 to 64,255 Volts",,0.0,64255.0,1.0,0.0,0,15,16,8,On request
1311,Engine Spark Plug 18,ESV5,Volts,"0 to 64,255 Volts",,0.0,64255.0,1.0,0.0,16,31,16,8,On request
1312,Engine Spark Plug 19,ESV5,Volts,"0 to 64,255 Volts",,0.0,64255.0,1.0,0.0,32,47,16,8,On request
1313,Engine Spark Plug 20,ESV5,Volts,"0 to 64,255 Volts",,0.0,64255.0,1.0,0.0,48,63,16,8,On request
1314,Engine Spark Plug 21,ESV6,Volts,"0 to 64,255 Volts",,0.0,64255.0,1.0,0.0,0,15,16,8,On request
1315,Engine Spark Plug 22,ESV6,Volts,"0 to 64,255 Volts",,0.0,64255.0,1.0,0.0,16,31,16,8,On request
1316,Engine Spark Plug 23,ESV6,Volts,"0 to 64,255 Volts",,0.0,64255.0,1.0,0.0,32,47,16,8,On request
1317,Engine Spark Plug 24,ESV6,Volts,"0 to 64,255 Volts",,0.0,64255.0,1.0,0.0,48,63,16,8,On request
132,Engine Intake Air Mass Flow Rate,EGF1,kg/h,0 to 3212.75 kg/h,,0.0,3212.75,0.05,0.0,16,31,16,8,50 ms
1320,Engine External Shutdown Air Supply Pressure,SP2,psi,0.0 to 4659.699927595 psi,,0.0,4659.699927595,0.072518869,0.0,0,15,16,8,1 s
1349,Engine Injector Metering Rail 2 Pressure,EFL/P2,psi,0.0 to 36404.472237999995 psi,,0.0,36404.472237999995,0.5665536640625,0.0,48,63,16,8,0.5 s
1350,Time Since Last Service,S2,hours,"-32,127 to 32,128 hr",,-32127.0,32128.0,1.0,-115657200.0,8,23,16,8,On request
1351,Air Compressor Status,AIR1,bit,0 to 3,,0.0,3.0,1.0,0.0,48,49,2,8,1 sec
1352,Engine Cylinder 1 Knock Level,KL1,%,0 to 250 %,0 to 100%,0.0,100.0,1.0,0.0,0,7,8,8,"Engine speed dependent when knock present, once every 5 seconds otherwise"
1353,Engine Cylinder 2 Knock Level,KL1,%,0 to 250 %,,0.0,250.0,1.0,0.0,8,15,8,8,"Engine speed dependent when knock present, once every 5 seconds otherwise"
1354,Engine Cylinder 3 Knock Level,KL1,%,0 to 250 %,,0.0,250.0,1.0,0.0,16,23,8,8,"Engine speed dependent when knock present, once every 5 seconds otherwise"
1355,Engine Cylinder 4 Knock Level,KL1,%,0 to 250 %,,0.0,250.0,1.0,0.0,24,31,8,8,"Engine speed dependent when knock present, once every 5 seconds otherwise"
1356,Engine Cylinder 5 Knock Level,KL1,%,0 to 250 %,,0.0,250.0,1.0,0.0,32,39,8,8,"Engine speed dependent when knock present, once every 5 seconds otherwise"
1357,Engine Cylinder 6 Knock Level,KL1,%,0 to 250 %,,0.0,250.0,1.0,0.0,40,47,8,8,"Engine speed dependent when knock present, once every 5 seconds otherwise"
1358,Engine Cylinder 7 Knock Level,KL1,%,0 to 250 %,,0.0,250.0,1.0,0.0,48,55,8,8,"Engine speed dependent when knock present, once every 5 seconds otherwise"
1359,Engine Cylinder 8 Knock Level,KL1,%,0 to 250 %,,0.0,250.0,1.0,0.0,56,63,8,8,"Engine speed dependent when knock present, once every 5 seconds otherwise"
136,Auxiliary Vacuum Pressure Reading,AP,psi,0.0 to 4659.699927595 psi,,0.0,4659.699927595,0.072518869,0.0,0,15,16,8,On request
1360,Engine Cylinder 9 Knock Level,KL2,%,0 to 250 %,,0.0,250.0,1.0,0.0,0,7,8,8,"Engine speed dependent when knock present, once every 5 seconds otherwise"
1361,Engine Cylinder 10 Knock Level,KL2,%,0 to 250 %,,0.0,250.0,1.0,0.0,8,15,8,8,"Engine speed dependent when knock present, once every 5 seconds otherwise"
1362,Engine Cylinder 11 Knock Level,KL2,%,0 to 250 %,,0.0,250.0,1.0,0.0,16,23,8,8,"Engine speed dependent when knock present, once every 5 seconds otherwise"
1363,Engine Cylinder 12 Knock Level,KL2,%,0 to 250 %,,0.0,250.0,1.0,0.0,24,31,8,8,"Engine speed dependent when knock present, once every 5 seconds otherwise"
1364,Engine Cylinder 13 Knock Level,KL2,%,0 to 250 %,,0.0,250.0,1.0,0.0,32,39,8,8,"Engine speed dependent when knock present, once every 5 seconds otherwise"
1365,Engine Cylinder 14 Knock Level,KL2,%,0 to 250 %,,0.0,250.0,1.0,0.0,40,47,8,8,"Engine speed dependent when knock present, once every 5 seconds otherwise"
1366,Engine Cylinder 15 Knock Level,KL2,%,0 to 250 %,,0.0,250.0,1.0,0.0,48,55,8,8,"Engine speed dependent when knock present, once every 5 seconds otherwise"
1367,Engine Cylinder 16 Knock Level,KL2,%,0 to 250 %,,0.0,250.0,1.0,0.0,56,63,8,8,"Engine speed dependent when knock present, once every 5 seconds otherwise"
1368,Engine Cylinder 17 Knock Level,KL3,%,0 to 250 %,,0.0,250.0,1.0,0.0,0,7,8,8,"Engine speed dependent when knock present, once every 5 seconds otherwise"
1369,Engine Cylinder 18 Knock Level,KL3,%,0 to 250 %,,0.0,250.0,1.0,0.0,8,15,8,8,"Engine speed dependent when knock present, once every 5 seconds otherwise"
137,Auxiliary Gage Pressure Reading 1,AP,psi,0.0 to 4659.699927595 psi,,0.0,4659.699927595,0.072518869,0.0,16,31,16,8,On request
1370,Engine Cylinder 19 Knock Level,KL3,%,0 to 250 %,,0.0,250.0,1.0,0.0,16,23,8,8,"Engine speed dependent when knock present, once every 5 seconds otherwise"
1371,Engine Cylinder 20 Knock Level,KL3,%,0 to 250 %,,0.0,250.0,1.0,0.0,24,31,8,8,"Engine speed dependent when knock present, once every 5 seconds otherwise"
1372,Engine Cylinder 21 Knock Level,KL3,%,0 to 250 %,,0.0,250.0,1.0,0.0,32,39,8,8,"Engine speed dependent when knock present, once every 5 seconds otherwise"
1373,Engine Cylinder 22 Knock Level,KL3,%,0 to 250 %,,0.0,250.0,1.0,0.0,40,47,8,8,"Engine speed dependent when knock present, once every 5 seconds otherwise"
1374,Engine Cylinder 23 Knock Level,KL3,%,0 to 250 %,,0.0,250.0,1.0,0.0,48,55,8,8,"Engine speed dependent when knock present, once every 5 seconds otherwise"
1375,Engine Cylinder 24 Knock Level,KL3,%,0 to 250 %,,0.0,250.0,1.0,0.0,56,63,8,8,"Engine speed dependent when knock present, once every 5 seconds otherwise"
1377,Engine Synchronization Switch,OHECS,bit,0 to 3,,0.0,3.0,1.0,0.0,2,3,2,8,500 ms
1379,Service Component Identification,S2,ID,0 to 250 ID,,0.0,250.0,1.0,0.0,0,7,8,8,On request
138,Auxiliary Absolute Pressure Reading,AP,psi,0.0 to 4659.699927595 psi,,0.0,4659.699927595,0.072518869,0.0,32,47,16,8,On request
1380,Engine Oil Level Remote Reservoir,EFS,%,0 to 100 %,,0.0,100.0,0.4,0.0,0,7,8,8,0.5 s
1381,Engine Fuel Supply Pump Intake Pressure,EFS,psi,0.0 to 72.518869 psi,,0.0,72.518869,0.290075476,0.0,8,15,8,8,0.5 s
1382,Engine Fuel Filter (suction side) Differential Pressure,EFS,psi,0.0 to 72.518869 psi,,0.0,72.518869,0.290075476,0.0,16,23,8,8,0.5 s
1387,Auxiliary Pressure #1,AAI,psi,0.0 to 580.150952 psi,,0.0,580.150952,2.320603808,0.0,16,23,8,8,On request
1388,Auxiliary Pressure #2,AAI,psi,0.0 to 580.150952 psi,,0.0,580.150952,2.320603808,0.0,24,31,8,8,On request
1389,Engine Fuel Specific Gravity,GFI1,,0 to 6.4255,0 to 2.0000,0.0,2.0,0.0001,0.0,48,63,16,8,On request
1390,Engine Fuel Valve 1 Intake Absolute Pressure,GFP,psi,0.0 to 931.939985519 psi,,0.0,931.939985519,0.0145037738,0.0,0,15,16,8,On request
1391,Engine Fuel Valve Differential Pressure,GFP,psi,0.0 to 931.939985519 psi,,0.0,931.939985519,0.0145037738,0.0,16,31,16,8,On request
1392,Engine Air to Fuel Differential Pressure,GFP,psi,0.0 to 931.939985519 psi,,0.0,931.939985519,0.0145037738,0.0,32,47,16,8,On request
1393,Engine Cylinder #1 Ignition Transformer Secondary Output,ISO1,%,-125 to 125 %,,-125.0,125.0,1.0,-125.0,0,7,8,8,On request
1394,Engine Cylinder #2 Ignition Transformer Secondary Output,ISO1,%,-125 to 125 %,,-125.0,125.0,1.0,-125.0,8,15,8,8,On request
1395,Engine Cylinder #3 Ignition Transformer Secondary Output,ISO1,%,-125 to 125 %,,-125.0,125.0,1.0,-125.0,16,23,8,8,On request
1396,Engine Cylinder #4 Ignition Transformer Secondary Output,ISO1,%,-125 to 125 %,,-125.0,125.0,1.0,-125.0,24,31,8,8,On request
1397,Engine Cylinder #5 Ignition Transformer Secondary Output,ISO1,%,-125 to 125 %,,-125.0,125.0,1.0,-125.0,32,39,8,8,On request
1398,Engine Cylinder #6 Ignition Transformer Secondary Output,ISO1,%,-125 to 125 %,,-125.0,125.0,1.0,-125.0,40,47,8,8,On request
1399,Engine Cylinder #7 Ignition Transformer Secondary Output,ISO1,%,-125 to 125 %,,-125.0,125.0,1.0,-125.0,48,55,8,8,On request
1400,Engine Cylinder #8 Ignition Transformer Secondary Output,ISO1,%,-125 to 125 %,,-125.0,125.0,1.0,-125.0,56,63,8,8,On request
1401,Engine Cylinder #9 Ignition Transformer Secondary Output,ISO2,%,-125 to 125 %,,-125.0,125.0,1.0,-125.0,0,7,8,8,On request
1402,Engine Cylinder #10 Ignition Transformer Secondary Output,ISO2,%,-125 to 125 %,,-125.0,125.0,1.0,-125.0,8,15,8,8,On request
1403,Engine Cylinder #11 Ignition Transformer Secondary Output,ISO2,%,-125 to 125 %,,-125.0,125.0,1.0,-125.0,16,23,8,8,On request
1404,Engine Cylinder #12 Ignition Transformer Secondary Output,ISO2,%,-125 to 125 %,,-125.0,125.0,1.0,-125.0,24,31,8,8,On request
1405,Engine Cylinder #13 Ignition Transformer Secondary Output,ISO2,%,-125 to 125 %,,-125.0,125.0,1.0,-125.0,32,39,8,8,On request
1406,Engine Cylinder #14 Ignition Transformer Secondary Output,ISO2,%,-125 to 125 %,,-125.0,125.0,1.0,-125.0,40,47,8,8,On request
1407,Engine Cylinder #15 Ignition Transformer Secondary Output,ISO2,%,-125 to 125 %,,-125.0,125.0,1.0,-125.0,48,55,8,8,On request
1408,Engine Cylinder #16 Ignition Transformer Secondary Output,ISO2,%,-125 to 125 %,,-125.0,125.0,1.0,-125.0,56,63,8,8,On request
1409,Engine Cylinder #17 Ignition Transformer Secondary Output,ISO3,%,-125 to 125 %,,-125.0,125.0,1.0,-125.0,0,7,8,8,On request
141,"Trailer, Tag Or Push Channel Tire Pressure Target",TP2,psi,0.0 to 4659.699927595 psi,,0.0,4659.699927595,0.072518869,0.0,0,15,16,8,On request
1410,Engine Cylinder #18 Ignition Transformer Secondary Output,ISO3,%,-125 to 125 %,,-125.0,125.0,1.0,-125.0,8,15,8,8,On request
1411,Engine Cylinder #19 Ignition Transformer Secondary Output,ISO3,%,-125 to 125 %,,-125.0,125.0,1.0,-125.0,16,23,8,8,On request
1412,Engine Cylinder #20 Ignition Transformer Secondary Output,ISO3,%,-125 to 125 %,,-125.0,125.0,1.0,-125.0,24,31,8,8,On request
1413,Engine Cylinder #1 Ignition Timing,IT1,deg,-200 to 301.99 deg,,-200.0,301.99,1.0,-200.0,0,15,16,8,On request
1414,Engine Cylinder #2 Ignition Timing,IT1,deg,-200 to 301.99 deg,,-200.0,301.99,1.0,-200.0,16,31,16,8,On request
1415,Engine Cylinder #3 Ignition Timing,IT1,deg,-200 to 301.99 deg,,-200.0,301.99,1.0,-200.0,32,47,16,8,On request
1416,Engine Cylinder #4 Ignition Timing,IT1,deg,-200 to 301.99 deg,,-200.0,301.99,1.0,-200.0,48,63,16,8,On request
1417,Engine Cylinder #5 Ignition Timing,IT2,deg,-200 to 301.99 deg,,-200.0,301.99,1.0,-200.0,0,15,16,8,On request
1418,Engine Cylinder #6 Ignition Timing,IT2,deg,-200 to 301.99 deg,,-200.0,301.99,1.0,-200.0,16,31,16,8,On request
1419,Engine Cylinder #7 Ignition Timing,IT2,deg,-200 to 301.99 deg,,-200.0,301.99,1.0,-200.0,32,47,16,8,On request
142,Drive Channel Tire Pressure Target,TP2,psi,0.0 to 4659.699927595 psi,,0.0,4659.699927595,0.072518869,0.0,16,31,16,8,On request
1420,Engine Cylinder #8 Ignition Timing,IT2,deg,-200 to 301.99 deg,,-200.0,301.99,1.0,-200.0,48,63,16,8,On request
1421,Engine Cylinder #9 Ignition Timing,IT3,deg,-200 to 301.99 deg,,-200.0,301.99,1.0,-200.0,0,15,16,8,On request
1422,Engine Cylinder #10 Ignition Timing,IT3,deg,-200 to 301.99 deg,,-200.0,301.99,1.0,-200.0,16,31,16,8,On request
1423,Engine Cylinder #11 Ignition Timing,IT3,deg,-200 to 301.99 deg,,-200.0,301.99,1.0,-200.0,32,47,16,8,On request
1424,Engine Cylinder #12 Ignition Timing,IT3,deg,-200 to 301.99 deg,,-200.0,301.99,1.0,-200.0,48,63,16,8,On request
1425,Engine Cylinder #13 Ignition Timing,IT4,deg,-200 to 301.99 deg,,-200.0,301.99,1.0,-200.0,0,15,16,8,On request
1426,Engine Cylinder #14 Ignition Timing,IT4,deg,-200 to 301.99 deg,,-200.0,301.99,1.0,-200.0,16,31,16,8,On request
1427,Engine Cylinder #15 Ignition Timing,IT4,deg,-200 to 301.99 deg,,-200.0,301.99,1.0,-200.0,32,47,16,8,On request
1428,Engine Cylinder #16 Ignition Timing,IT4,deg,-200 to 301.99 deg,,-200.0,301.99,1.0,-200.0,48,63,16,8,On request
1429,Engine Cylinder #17 Ignition Timing,IT5,deg,-200 to 301.99 deg,,-200.0,301.99,1.0,-200.0,0,15,16,8,On request
143,Steer Channel Tire Pressure Target,TP2,psi,0.0 to 4659.699927595 psi,,0.0,4659.699927595,0.072518869,0.0,32,47,16,8,On request
1430,Engine Cylinder #18 Ignition Timing,IT5,deg,-200 to 301.99 deg,,-200.0,301.99,1.0,-200.0,16,31,16,8,On request
1431,Engine Cylinder #19 Ignition Timing,IT5,deg,-200 to 301.99 deg,,-200.0,301.99,1.0,-200.0,32,47,16,8,On request
1432,Engine Cylinder #20 Ignition Timing,IT5,deg,-200 to 301.99 deg,,-200.0,301.99,1.0,-200.0,48,63,16,8,On request
1433,Engine Desired Ignition Timing #1,IT6,deg,-200 to 301.99 deg,,-200.0,301.99,1.0,-200.0,0,15,16,8,On request
1434,Engine Desired Ignition Timing #2,IT6,deg,-200 to 301.99 deg,,-200.0,301.99,1.0,-200.0,16,31,16,8,On request
1435,Engine Desired Ignition Timing #3,IT6,deg,-200 to 301.99 deg,,-200.0,301.99,1.0,-200.0,32,47,16,8,On request
1436,Engine Actual Ignition Timing,IT6,deg,-200 to 301.99 deg,,-200.0,301.99,1.0,-200.0,48,63,16,8,On request
1437,Road Speed Limit Status,EEC2,bit,0 to 3,,0.0,3.0,1.0,0.0,4,5,2,8,50 msec (preferred) or Engine Speed Dependent (if required by application)
1438,ABS/EBS Amber Warning Signal (Powered Vehicle),EBC1,bit,0 to 3,,0.0,3.0,1.0,0.0,44,45,2,8,100 ms
1439,EBS Red Warning Signal,EBC1,bit,0 to 3,,0.0,3.0,1.0,0.0,42,43,2,8,100 ms
144,"Trailer, Tag Or Push Channel Tire Pressure",TP3,psi,0.0 to 4659.699927595 psi,,0.0,4659.699927595,0.072518869,0.0,0,15,16,8,On request
1440,Engine Fuel Flow Rate 1,GFI2,m^3/h,0 to 6425.5 m^3/h,,0.0,6425.53,0.1,0.0,0,15,16,8,On request
1441,Engine Fuel Flow Rate 2,GFI2,m^3/h,0 to 6425.5 m^3/h,,0.0,6425.53,0.1,0.0,16,31,16,8,On request
1442,Engine Fuel Valve 1 Position,GFI2,%,0 to 100 %,,0.0,100.0,0.4,0.0,32,39,8,8,On request
1443,Engine Fuel Valve 2 Position,GFI2,%,0 to 100 %,,0.0,100.0,0.4,0.0,40,47,8,8,On request
1444,Engine Cylinder #1 Combustion Time,CT1,ms,0 to 642.55 ms,,0.0,642.55,0.01,0.0,0,15,16,8,On request
1445,Engine Cylinder #2 Combustion Time,CT1,ms,0 to 642.55 ms,,0.0,642.55,0.01,0.0,16,31,16,8,On request
1446,Engine Cylinder #3 Combustion Time,CT1,ms,0 to 642.55 ms,,0.0,642.55,0.01,0.0,32,47,16,8,On request
1447,Engine Cylinder #4 Combustion Time,CT1,ms,0 to 642.55 ms,,0.0,642.55,0.01,0.0,48,63,16,8,On request
1448,Engine Cylinder #5 Combustion Time,CT2,ms,0 to 642.55 ms,,0.0,642.55,0.01,0.0,0,15,16,8,On request
1449,Engine Cylinder #6 Combustion Time,CT2,"ms
",0 to 642.55 ms,,0.0,642.55,0.01,0.0,16,31,16,8,On request
145,Drive Channel Tire Pressure,TP3,psi,0.0 to 4659.699927595 psi,,0.0,4659.699927595,0.072518869,0.0,16,31,16,8,On request
1450,Engine Cylinder #7 Combustion Time,CT2,ms,0 to 642.55 ms,,0.0,642.55,0.01,0.0,32,47,16,8,On request
1451,Engine Cylinder #8 Combustion Time,CT2,ms,0 to 642.55 ms,,0.0,642.55,0.01,0.0,48,63,16,8,On request
1452,Engine Cylinder #9 Combustion Time,CT3,ms,0 to 642.55 ms,,0.0,642.55,0.01,0.0,0,15,16,8,On request
1453,Engine Cylinder #10 Combustion Time,CT3,ms,0 to 642.55 ms,,0.0,642.55,0.01,0.0,16,31,16,8,On request
1454,Engine Cylinder #11 Combustion Time,CT3,ms,0 to 642.55 ms,,0.0,642.55,0.01,0.0,32,47,16,8,On request
1455,Engine Cylinder #12 Combustion Time,CT3,ms,0 to 642.55 ms,,0.0,642.55,0.01,0.0,48,63,16,8,On request
1456,Engine Cylinder #13 Combustion Time,CT4,ms,0 to 642.55 ms,,0.0,642.55,0.01,0.0,0,15,16,8,On request
1457,Engine Cylinder #14 Combustion Time,CT4,ms,0 to 642.55 ms,,0.0,642.55,0.01,0.0,16,31,16,8,On request
1458,Engine Cylinder #15 Combustion Time,CT4,ms,0 to 642.55 ms,,0.0,642.55,0.01,0.0,32,47,16,8,On request
1459,Engine Cylinder #16 Combustion Time,CT4,ms,0 to 642.55 ms,,0.0,642.55,0.01,0.0,48,63,16,8,On request
146,Steer Channel Tire Pressure,TP3,psi,0.0 to 4659.699927595 psi,,0.0,4659.699927595,0.072518869,0.0,32,47,16,8,On request
1460,Engine Cylinder #17 Combustion Time,CT5,ms,0 to 642.55 ms,,0.0,642.55,0.01,0.0,0,15,16,8,On request
1461,Engine Cylinder #18 Combustion Time,CT5,ms,0 to 642.55 ms,,0.0,642.55,0.01,0.0,16,31,16,8,On request
1462,Engine Cylinder #19 Combustion Time,CT5,ms,0 to 642.55 ms,,0.0,642.55,0.01,0.0,32,47,16,8,On request
1463,Engine Cylinder #20 Combustion Time,CT5,ms,0 to 642.55 ms,,0.0,642.55,0.01,0.0,48,63,16,8,On request
1464,Engine Desired Combustion Time,CT6,ms,0 to 642.55 ms,,0.0,642.55,0.01,0.0,0,15,16,8,On request
1465,Engine Average Combustion Time,CT6,ms,0 to 642.55 ms,,0.0,642.55,0.01,0.0,16,31,16,8,On request
1466,Steer Channel Mode,TP1,bit,0 to 15,,0.0,15.0,1.0,0.0,8,11,4,8,On request
1467,Trailer/tag Channel Mode,TP1,bit,0 to 15,,0.0,15.0,1.0,0.0,16,19,4,8,On request
1468,Drive Channel Mode,TP1,bit,0 to 15,,0.0,15.0,1.0,0.0,20,23,4,8,On request
1469,PCU Drive Solenoid Status,TP1,bit,0 to 3,,0.0,3.0,1.0,0.0,24,25,2,8,On request
1470,PCU Steer Solenoid Status,TP1,bit,0 to 3,,0.0,3.0,1.0,0.0,26,27,2,8,On request
1471,Tire Pressure Supply Switch Status,TP1,bit,0 to 3,,0.0,3.0,1.0,0.0,28,29,2,8,On request
1472,PCU Deflate Solenoid Status,TP1,bit,0 to 3,,0.0,3.0,1.0,0.0,32,33,2,8,On request
1473,PCU Control Solenoid Status,TP1,bit,0 to 3,,0.0,3.0,1.0,0.0,34,35,2,8,On request
1474,PCU Supply Solenoid Status,TP1,bit,0 to 3,,0.0,3.0,1.0,0.0,36,37,2,8,On request
1475,"PCU Trailer, Tag or Push Solenoid Status",TP1,bit,0 to 3,,0.0,3.0,1.0,0.0,38,39,2,8,On request
1479,Security Entity Type,DM18,bit,0 to 15,,0.0,15.0,1.0,0.0,8,11,4,Variable,As needed
1480,Source Address of Controlling Device for Retarder Control,ERC1,SA,0 to 255,0 to 253,0.0,253.0,1.0,0.0,32,39,8,8,100 ms
1481,Source Address of Controlling Device for Brake Control,EBC1,SA,0 to 255,0 to 253,0.0,253.0,1.0,0.0,48,55,8,8,100 ms
1482,Source Address of Controlling Device for Transmission Control,ETC1,SA,0 to 255,0 to 253,0.0,253.0,1.0,0.0,56,63,8,8,10 ms
1483,Source Address of Controlling Device for Engine Control,EEC1,SA,0 to 255,0 to 253,0.0,253.0,1.0,0.0,40,47,8,8,engine speed dependent
1487,Illumination Brightness Percent,CL,%,0 to 100 %,,0.0,100.0,0.4,0.0,0,7,8,8,Every 5 s and on change of state but no faster than every 100 ms
1503,Armrest 1 Switch 1,ARMSWIMC,bit,0 to 3,,0.0,3.0,1.0,0.0,0,1,2,8,100 ms
1545,SPN Data,DM25,,manufacturer defined,,-1.0,-1.0,0.0,0.0,5,-1,8,8,On request
1550,Estimated Percent Fan 2 Speed,FD2,%,0 to 100 %,,0.0,100.0,0.4,0.0,0,7,8,8,1 s
1557,Fan 2 Drive State,FD2,bit,0 to 15,,0.0,15.0,1.0,0.0,8,11,4,8,1 s
156,Engine Injector Timing Rail 1 Pressure,EFL/P2,psi,0.0 to 36404.472237999995 psi,,0.0,36404.472237999995,0.5665536640625,0.0,32,47,16,8,0.5 s
157,Engine Injector Metering Rail 1 Pressure,EFL/P2,psi,0.0 to 36404.472237999995 psi,,0.0,36404.472237999995,0.5665536640625,0.0,16,31,16,8,0.5 s
1573,LED Display Data #1,LVDD,bit,0 to 255,,0.0,255.0,1.0,0.0,0,7,8,8,100 ms
1574,Laser Strike Vertical Deviation,LVD,m,"-3,200 to 3,225.5 mm",-3200 to +3200,-3200.0,3200.0,0.1,-3.2,0,15,16,8,50 ms
1575,Modify Leveling System Set Point,LSP,m,"-3,200 to 3,225.5 mm",,-3200.0,3225.5,0.1,-3.2,0,15,16,8,50 ms
1576,Mast Position,LMP,m,"-3,200 to 3,225.5 mm",-3200 to +3200 mm,-3200.0,3200.0,0.1,-3.2,0,15,16,8,50 ms
1577,Blade Duration and Direction,LBC,sec,-3276.8 to 3148.7 sec,-3276.8 to 3276.8 sec,-3276.8,3276.8,0.1,-3276.8,0,15,16,8,50 ms
1578,Blade Control Mode,LBC,bit,0 to 255,,0.0,255.0,1.0,0.0,16,23,8,8,50 ms
1579,Laser Tracer Target Deviation,LTP,m,"-3,200 to 3,225.5 mm",-3200 to +3200,-3200.0,3200.0,0.1,-3.2,0,15,16,8,50 ms
158,Keyswitch Battery Potential,VEP1,Volts,0 to 3212.75 V,,0.0,3212.75,0.05,0.0,48,63,16,8,1 s
1580,Laser Tracer Vertical Distance,LTP,m,"0 to 6,425.5 mm",0 to 6400 mm,0.0,6400.0,0.1,0.0,16,31,16,8,50 ms
1581,Laser Tracer Horizontal Deviation,LTP,%,0 to 250 %,,0.0,250.0,1.0,0.0,32,39,8,8,50 ms
1582,LED Display Data #2,LTP,bit,0 to 255,,0.0,255.0,1.0,0.0,40,47,8,8,50 ms
1583,Laser Tracer Information,LTP,bit,0 to 255,,0.0,255.0,1.0,0.0,48,55,8,8,50 ms
1584,Service Component Identification,RESET,ID,0 to 250 ID,,0.0,250.0,1.0,0.0,8,15,8,8,When needed
1585,Powered Vehicle Weight,CVW,kg,"0 to 642,550 kg",,0.0,642550.0,10.0,0.0,0,15,16,Variable,On request
1586,Speed of forward vehicle,ACC1,mph,0.0 to 155.34275 mph,,0.0,155.34275,0.621371,0.0,0,7,8,8,"100ms or upon state change, but not faster than 20 ms."
1587,Distance to forward vehicle,ACC1,m,0 to 250 m,,0.0,250.0,1.0,0.0,8,15,8,8,"100ms or upon state change, but not faster than 20 ms."
1588,Adaptive Cruise Control Set Speed,ACC1,mph,0 to 155.343 mph,0 to 74.5645 mph,0.0,74.5645,0.621371,0.0,16,23,8,8,"100ms or upon state change, but not faster than 20 ms."
1589,Adaptive cruise control set distance mode,ACC1,bit,0 to 7,,0.0,7.0,1.0,0.0,27,29,3,8,"100ms or upon state change, but not faster than 20 ms."
159,Engine Gas Supply Pressure,A1,psi,0.0 to 4659.699927595 psi,,0.0,4659.699927595,0.072518869,0.0,8,23,16,8,500 ms
1590,Adaptive Cruise Control Mode,ACC1,bit,0 to 7,,0.0,7.0,1.0,0.0,24,26,3,8,"100ms or upon state change, but not faster than 20 ms."
1591,Road curvature,ACC1,1/km,-250 to 251.992 1/km,,-250.0,251.9921,1.0,-250.0,32,47,16,8,"100ms or upon state change, but not faster than 20 ms."
1592,"Front Axle, Left Wheel Speed",HRW,mph,0.0 to 155.961635516 mph,,0.0,155.961635516,0.00242723046875,0.0,0,15,16,8,20 ms
1593,"Front axle, right wheel speed",HRW,mph,0.0 to 155.961635516 mph,,0.0,155.961635516,0.00242723046875,0.0,16,31,16,8,20 ms
1594,"Rear axle, left wheel speed",HRW,mph,0.0 to 155.961635516 mph,,0.0,155.961635516,0.00242723046875,0.0,32,47,16,8,20 ms
1595,"Rear axle, right wheel speed",HRW,mph,0.0 to 155.961635516 mph,,0.0,155.961635516,0.00242723046875,0.0,48,63,16,8,20 ms
1596,Security Entity Length,DM18,bit,0 to 4095,,0.0,4095.0,1.0,0.0,0,11,12,Variable,As needed
1597,Data Security Parameter,DM18,,manufacturer defined,,-1.0,-1.0,0.0,0.0,2,-1,8,Variable,As needed
1598,Fan 2 Speed,FD2,rpm,"0 to 8,031.875 rpm",,0.0,8031.875,0.125,0.0,16,31,16,8,1 s
1599,Seed,DM15,count,"0 to 65,535",,0.0,65535.0,1.0,0.0,48,63,16,8,As needed
1600,High Resolution Engine Fuel Rate,LFE2,l/h,"0 to 4,211,081.215 L/h",,0.0,4211081.215,0.001,0.0,0,31,32,8,100 ms
1601,Local minute offset,TD,minutes,-125 to 125 mins,-59 to +59 min,-59.0,59.0,1.0,-7500.0,48,55,8,8,On request
1602,Local hour offset,TD,hours,-125 to 125 hr,-23 to +23 h,-23.0,23.0,1.0,-450000.0,56,63,8,8,On request
1603,Adjust seconds,TDA,Seconds,0 to 62.5 s,0 to 59.75 s,0.0,59.75,0.25,0.0,0,7,8,8,As needed
1604,Adjust minutes,TDA,minutes,0 to 250 mins,0 to 59 min,0.0,59.0,1.0,0.0,8,15,8,8,As needed
1605,Adjust hours,TDA,hours,0 to 250 hr,0 to 23 h,0.0,23.0,1.0,0.0,16,23,8,8,As needed
1606,Adjust month,TDA,Months,0 to 250 months,1 to 12 month,1.0,12.0,1.0,0.0,24,31,8,8,As needed
1607,Adjust day,TDA,Days,0 to 62.5 days,0.25 to 31.75 day,0.25,31.75,0.25,0.0,32,39,8,8,As needed
1608,Adjust year,TDA,Years,1985 to 2235 years,1985 to 2235 year,1985.0,2235.0,1.0,1985.0,40,47,8,8,As needed
1609,Adjust local minute offset,TDA,minutes,-125 to 125 mins,-59 to +59 min,-59.0,59.0,1.0,-7500.0,48,55,8,8,As needed
161,Transmission Input Shaft Speed,ETC1,rpm,"0 to 8,031.875 rpm",,0.0,8031.875,0.125,0.0,40,55,16,8,10 ms
1610,Adjust local hour offset,TDA,hours,-125 to 125 hr,-24 to +23 h,-24.0,23.0,1.0,-450000.0,56,63,8,8,As needed
1611,Vehicle motion,TCO1,bit,0 to 3,,0.0,3.0,1.0,0.0,6,7,2,8,50 ms
1612,Driver 1 working state,TCO1,bit,0 to 7,,0.0,7.0,1.0,0.0,0,2,3,8,50 ms
1613,Driver 2 working state,TCO1,bit,0 to 7,,0.0,7.0,1.0,0.0,3,5,3,8,50 ms
1614,Vehicle Overspeed,TCO1,bit,0 to 3,,0.0,3.0,1.0,0.0,14,15,2,8,50 ms
1615,"Driver card, driver 1",TCO1,bit,0 to 3,,0.0,3.0,1.0,0.0,12,13,2,8,50 ms
1616,"Driver card, driver 2",TCO1,bit,0 to 3,,0.0,3.0,1.0,0.0,20,21,2,8,50 ms
1617,Driver 1 Time Related States,TCO1,bit,0 to 15,,0.0,15.0,1.0,0.0,8,11,4,8,50 ms
1618,Driver 2 Time Related States,TCO1,bit,0 to 15,,0.0,15.0,1.0,0.0,16,19,4,8,50 ms
1619,Direction indicator,TCO1,bit,0 to 3,,0.0,3.0,1.0,0.0,30,31,2,8,50 ms
162,Transmission Requested Range,ETC2,ASCII,0 to 255 per byte,,0.0,255.0,-2.0,0.0,32,47,16,8,100 ms
1620,Tachograph performance,TCO1,bit,0 to 3,,0.0,3.0,1.0,0.0,28,29,2,8,50 ms
1621,Handling information,TCO1,bit,0 to 3,,0.0,3.0,1.0,0.0,26,27,2,8,50 ms
1622,System event,TCO1,bit,0 to 3,,0.0,3.0,1.0,0.0,24,25,2,8,50 ms
1623,Tachograph output shaft speed,TCO1,rpm,"0 to 8,031.875 rpm",,0.0,8031.875,0.125,0.0,32,47,16,8,50 ms
1624,Tachograph vehicle speed,TCO1,mph,0.0 to 155.961635516 mph,,0.0,155.961635516,0.00242723046875,0.0,48,63,16,8,50 ms
1625,Driver 1 identification,DI,ASCII,0 to 255 per byte,,0.0,255.0,-2.0,0.0,-1,-1,13824,Variable,On request
1626,Driver 2 identification,DI,ASCII,0 to 255 per byte,,0.0,255.0,-2.0,0.0,-1,-2,13824,Variable,On request
163,Transmission Current Range,ETC2,ASCII,0 to 255 per byte,,0.0,255.0,-2.0,0.0,48,63,16,8,100 ms
1632,Engine Torque Limit Feature,ETH,bit,0 to 7,,0.0,7.0,1.0,0.0,114,116,3,Variable,On request
1633,Cruise Control Pause Switch,CCVS1,bit,0 to 3,,0.0,3.0,1.0,0.0,4,5,2,8,100 ms
1634,Calibration Verification Number,DM19,count,"0 to 4,294,967,295",,0.0,4294967295.0,1.0,0.0,0,31,32,Variable,On request
1635,Calibration Identification,DM19,ASCII,0 to 255 per byte,,0.0,255.0,-2.0,0.0,32,159,128,Variable,On request
1636,Engine Intake Manifold 1 Air Temperature (High Resolution),ET3,deg F,-459.40000000000003 to 3154.94375 deg F,,-459.40000000000003,3154.94375,0.05625,-459.40000000000003,0,15,16,8,1 s
1637,Engine Coolant Temperature (High Resolution),ET3,deg F,-459.40000000000003 to 3154.94375 deg F,,-459.40000000000003,3154.94375,0.05625,-459.40000000000003,16,31,16,8,1 s
1638,Hydraulic Temperature,VF,deg F,-40.0 to 410.0 deg F,,-40.0,410.0,1.8,-40.0,0,7,8,8,1 s
1639,Fan Speed,FD1,rpm,"0 to 8,031.875 rpm",,0.0,8031.875,0.125,0.0,16,31,16,8,1 s
164,Engine Injection Control Pressure,EFL/P2,psi,0.0 to 36404.472237999995 psi,,0.0,36404.472237999995,0.5665536640625,0.0,0,15,16,8,0.5 s
1640,Length/Number Requested,DM14,bit,0 to 2047,,0.0,2047.0,1.0,0.0,0,10,11,8,As needed
1641,Pointer Type,DM14,bit,0 to 1,,0.0,1.0,1.0,0.0,12,12,1,8,As needed
1642,Command,DM14,bit,0 to 7,,0.0,7.0,1.0,0.0,9,11,3,8,As needed
1643,Pointer Extension,DM14,bit,0 to 255,,0.0,255.0,1.0,0.0,40,47,8,8,As needed
1644,Pointer ,DM14,count,"0 to 16,777,216",,0.0,16777216.0,1.0,0.0,16,39,24,8,As needed
1645,Key/User_Level,DM14,count,"0 to 65,535",,0.0,65535.0,1.0,0.0,48,63,16,8,As needed
1646,Status (for DM 15),DM15,bit,0 to 7,,0.0,7.0,1.0,0.0,9,11,3,8,As needed
1647,EDCP Extension,DM15,bit,0 to 255,,0.0,255.0,1.0,0.0,40,47,8,8,As needed
1648,Error Indicator/EDC Parameter,DM15,bit,0 to 16777215,,0.0,16777215.0,1.0,0.0,16,39,24,8,As needed
1649,Length/Number Allowed,DM15,bit,0 to 2047,,0.0,2047.0,1.0,0.0,0,10,11,8,As needed
165,Compass Bearing,VDS,deg,0 to 501.99 deg,,0.0,501.99,0.0078125,0.0,0,15,16,8,On request
1650,Number of Occurrences of Raw Binary Data,DM16,count,0 to 255,,0.0,255.0,1.0,0.0,0,7,8,Variable,As needed
1651,Raw Binary Data,DM16,,manufacturer defined,,-1.0,-1.0,0.0,0.0,8,-1,8,Variable,As needed
1652,Boot Load Data,DM17,,manufacturer defined,,-1.0,-1.0,0.0,0.0,0,63,8,8,As needed
1653,Vehicle Limiting Speed Governor Enable Switch,CM1,bit,0 to 3,,0.0,3.0,1.0,0.0,38,39,2,8,1 s
1654,Vehicle Limiting Speed Governor Increment Switch,CM1,bit,0 to 3,,0.0,3.0,1.0,0.0,36,37,2,8,1 s
1655,Vehicle Limiting Speed Governor Decrement Switch,CM1,bit,0 to 3,,0.0,3.0,1.0,0.0,34,35,2,8,1 s
1656,Engine Automatic Start Enable Switch,CM1,bit,0 to 3,,0.0,3.0,1.0,0.0,46,47,2,8,1 s
166,Engine Rated Power,EEC4,hp,0.0 to 43083.687196475 hp,,0.0,43083.687196475,0.670511045,0.0,0,15,16,8,On request
1665,Engine Turbocharger Oil Level Switch,TC,bit,0 to 3,,0.0,3.0,1.0,0.0,30,31,2,8,1 s
1666,Automatic Gear Shifting Enable Switch,CM1,bit,0 to 3,,0.0,3.0,1.0,0.0,44,45,2,8,1 s
1667,Retarder Requesting Brake Light,ERC1,bit,0 to 3,,0.0,3.0,1.0,0.0,26,27,2,8,100 ms
167,Charging System Potential (Voltage),VEP1,Volts,0 to 3212.75 V,,0.0,3212.75,0.05,0.0,16,31,16,8,1 s
1675,Engine Starter Mode,EEC1,bit,0 to 15,,0.0,15.0,1.0,0.0,48,51,4,8,engine speed dependent
1676,Auxiliary Heater Water Pump Status,HTR,bit,0 to 3,,0.0,3.0,1.0,0.0,32,33,2,8,1 s
1677,Auxiliary Heater Mode,HTR,bit,0 to 15,,0.0,15.0,1.0,0.0,24,27,4,8,1 s
1678,Cab Ventilation,HTR,bit,0 to 3,,0.0,3.0,1.0,0.0,34,35,2,8,1 s
1679,Engine Heating Zone,HTR,bit,0 to 3,,0.0,3.0,1.0,0.0,36,37,2,8,1 s
168,Battery Potential / Power Input 1,VEP1,Volts,0 to 3212.75 V,,0.0,3212.75,0.05,0.0,32,47,16,8,1 s
1680,Cab Heating Zone,HTR,bit,0 to 3,,0.0,3.0,1.0,0.0,38,39,2,8,1 s
1681,Battery Main Switch Hold State,BM,bit,0 to 3,,0.0,3.0,1.0,0.0,0,1,2,8,1 s
1682,Battery Main Switch Hold Request,CM1,bit,0 to 3,,0.0,3.0,1.0,0.0,26,27,2,8,1 s
1683,Auxiliary Heater Mode Request,CM1,bit,0 to 15,,0.0,15.0,1.0,0.0,48,51,4,8,1 s
1684,Auxiliary Heater Coolant Pump Request,CM1,bit,0 to 3,,0.0,3.0,1.0,0.0,24,25,2,8,1 s
1685,Request Engine Zone Heating,CM1,bit,0 to 3,,0.0,3.0,1.0,0.0,52,53,2,8,1 s
1686,Request Cab Zone Heating,CM1,bit,0 to 3,,0.0,3.0,1.0,0.0,54,55,2,8,1 s
1687,Auxiliary Heater Output Coolant Temperature,HTR,deg F,-40.0 to 410.0 deg F,,-40.0,410.0,1.8,-40.0,0,7,8,8,1 s
1688,Auxiliary Heater Input Air Temperature,HTR,deg F,-40.0 to 410.0 deg F,,-40.0,410.0,1.8,-40.0,8,15,8,8,1 s
1689,Auxiliary Heater Output Power Percent,HTR,%,0 to 100 %,,0.0,100.0,0.4,0.0,16,23,8,8,1 s
169,Cargo Ambient Temperature,DD,deg F,-459.40000000000003 to 3154.94375 deg F,,-459.40000000000003,3154.94375,0.05625,-459.40000000000003,32,47,16,8,1s
1690,Auxiliary Heater Maximum Output Power,CCC,W,"0 to 128,510 W",,0.0,128510.0,2.0,0.0,0,15,16,8,On request
1691,Cab Interior Temperature Command,CM1,deg F,-459.40000000000003 to 3154.94375 deg F,,-459.40000000000003,3154.94375,0.05625,-459.40000000000003,8,23,16,8,1 s
1692,Engine Desired Absolute Intake Manifold Pressure (Turbo Boost Limit),AF2,psi,0.0 to 931.939985519 psi,,0.0,931.939985519,0.0145037738,0.0,8,23,16,8,On request
1693,Engine Turbocharger Wastegate Valve Position,AF2,%,0 to 100 %,,0.0,100.0,0.4,0.0,24,31,8,8,On request
1694,Engine Gas Mass Flow Sensor Fueling Correction,AF2,%,-125 to 125 %,,-125.0,125.0,1.0,-125.0,32,39,8,8,On request
1695,Engine Exhaust Gas Oxygen Sensor Fueling Correction,EO1,%,-125 to 125 %,,-125.0,125.0,1.0,-125.0,48,55,8,8,On request
1696,Engine Exhaust Gas Oxygen Sensor Closed Loop Operation,EO1,bit,0 to 3,,0.0,3.0,1.0,0.0,62,63,2,8,On request
1697,CTI Wheel End Electrical Fault,TIRE,bit,0 to 3,,0.0,3.0,1.0,0.0,36,37,2,8,10 s
1698,CTI Tire Status,TIRE,bit,0 to 3,,0.0,3.0,1.0,0.0,34,35,2,8,10 s
1699,CTI Wheel Sensor Status,TIRE,bit,0 to 3,,0.0,3.0,1.0,0.0,32,33,2,8,10 s
170,Cab Interior Temperature,AMB,deg F,-459.40000000000003 to 3154.94375 deg F,,-459.40000000000003,3154.94375,0.05625,-459.40000000000003,8,23,16,8,1 s
1700,"Lane Departure Imminent, Left Side",FLI1,bit,0 to 3,,0.0,3.0,1.0,0.0,6,7,2,8,50 ms (only when active)
1701,"Lane Departure Imminent, Right Side",FLI1,bit,0 to 3,,0.0,3.0,1.0,0.0,4,5,2,8,50 ms (only when active)
1702,Lane Departure Indication Enable Status,FLI2,bit,0 to 3,,0.0,3.0,1.0,0.0,6,7,2,8,100 ms
1706,SPN Conversion Method,DM12,bit,0 to 1,,0.0,1.0,1.0,0.0,47,47,1,Variable,On request
1707,Hydraulic Fan 2 Motor Pressure,FD2,psi,0.0 to 4659.699927595 psi,,0.0,4659.699927595,0.072518869,0.0,32,47,16,8,1 s
1708,Fan 2 Drive Bypass Command Status,FD2,%,0 to 100 %,,0.0,100.0,0.4,0.0,48,55,8,8,1 s
171,Ambient Air Temperature,AMB,deg F,-459.40000000000003 to 3154.94375 deg F,,-459.40000000000003,3154.94375,0.05625,-459.40000000000003,24,39,16,8,1 s
1710,Lane Tracking Status Left Side,FLI2,bit,0 to 3,,0.0,3.0,1.0,0.0,4,5,2,8,100 ms
1711,Lane Tracking Status Right Side,FLI2,bit,0 to 3,,0.0,3.0,1.0,0.0,2,3,2,8,100 ms
1712,Engine Extended Range Requested Speed Control Range Upper Limit (Engine configuration),EC1,rpm,"0 to 8,031.875 rpm",,0.0,8031.875,0.125,0.0,224,239,16,39,Every 5 s and on change of torque/speed points of more than 10% since last transmission but no faster than every 500 ms
1713,Hydraulic Oil Filter Restriction Switch,VF,bit,0 to 3,,0.0,3.0,1.0,0.0,8,9,2,8,1 s
1714,Operator Seat Direction Switch,CM1,bit,0 to 3,,0.0,3.0,1.0,0.0,28,29,2,8,1 s
1715,Drivers Demand Retarder -  Percent Torque,ERC1,%,-125 to 125 %,-125 to 0%,-125.0,0.0,1.0,-125.0,40,47,8,8,100 ms
1716,"Retarder Selection, non-engine",ERC1,%,0 to 100 %,,0.0,100.0,0.4,0.0,48,55,8,8,100 ms
1717,Actual Maximum Available Retarder - Percent Torque,ERC1,%,-125 to 125 %,-125 to 0,-125.0,0.0,1.0,-125.0,56,63,8,8,100 ms
1718,Damper Stiffness Request Front Axle,ASC2,%,0 to 100 %,,0.0,100.0,0.4,0.0,24,31,8,8,100 ms
1719,Damper Stiffness Request Rear Axle,ASC2,%,0 to 100 %,,0.0,100.0,0.4,0.0,32,39,8,8,100 ms
172,Engine Air Intake Temperature,AMB,deg F,-40.0 to 410.0 deg F,,-40.0,410.0,1.8,-40.0,40,47,8,8,1 s
1720,Damper Stiffness Request Lift / Tag Axle,ASC2,%,0 to 100 %,,0.0,100.0,0.4,0.0,40,47,8,8,100 ms
1721,Relative Level Front Axle Left,ASC3,m,"-3,200 to 3,225.5 mm",,-3200.0,3225.5,0.1,-3.2,0,15,16,8,100 ms
1722,Relative Level Front Axle Right,ASC3,m,"-3,200 to 3,225.5 mm",,-3200.0,3225.5,0.1,-3.2,16,31,16,8,100 ms
1723,Relative Level Rear Axle Right,ASC3,m,"-3,200 to 3,225.5 mm",,-3200.0,3225.5,0.1,-3.2,48,63,16,8,100 ms
1724,Relative Level Rear Axle Left,ASC3,m,"-3,200 to 3,225.5 mm",,-3200.0,3225.5,0.1,-3.2,32,47,16,8,100 ms
1725,Bellow Pressure Front Axle Left,ASC4,psi,0.0 to 931.939985519 psi,,0.0,931.939985519,0.0145037738,0.0,0,15,16,8,100 ms
1726,Bellow Pressure Front Axle Right,ASC4,psi,0.0 to 931.939985519 psi,,0.0,931.939985519,0.0145037738,0.0,16,31,16,8,100 ms
1727,Bellow Pressure Rear Axle Left,ASC4,psi,0.0 to 931.939985519 psi,,0.0,931.939985519,0.0145037738,0.0,32,47,16,8,100 ms
1728,Bellow Pressure Rear Axle Right,ASC4,psi,0.0 to 931.939985519 psi,,0.0,931.939985519,0.0145037738,0.0,48,63,16,8,100 ms
1729,Damper Stiffness Front Axle,ASC5,%,0 to 100 %,,0.0,100.0,0.4,0.0,0,7,8,8,100 ms
173,Engine Exhaust Gas Temperature,IC1,deg F,-459.40000000000003 to 3154.94375 deg F,,-459.40000000000003,3154.94375,0.05625,-459.40000000000003,40,55,16,8,0.5 s
1730,Damper Stiffness Rear Axle,ASC5,%,0 to 100 %,,0.0,100.0,0.4,0.0,8,15,8,8,100 ms
1731,Damper Stiffness Lift / Tag Axle,ASC5,%,0 to 100 %,,0.0,100.0,0.4,0.0,16,23,8,8,100 ms
1732,Level Preset Front Axle Left,ASC6,m,"-3,200 to 3,225.5 mm",,-3200.0,3225.5,0.1,-3.2,0,15,16,8,100 ms when active
1733,Nominal Level Rear Axle,ASC1,bit,0 to 15,,0.0,15.0,1.0,0.0,4,7,4,8,100 ms
1734,Nominal Level Front Axle,ASC1,bit,0 to 15,,0.0,15.0,1.0,0.0,0,3,4,8,100 ms
1735,Level Preset Rear Axle Right,ASC6,m,"-3,200 to 3,225.5 mm",,-3200.0,3225.5,0.1,-3.2,48,63,16,8,100 ms when active
1736,Above Nominal Level Rear Axle,ASC1,bit,0 to 3,,0.0,3.0,1.0,0.0,14,15,2,8,100 ms
1737,Above Nominal Level Front Axle,ASC1,bit,0 to 3,,0.0,3.0,1.0,0.0,12,13,2,8,100 ms
1738,Below Nominal Level Front Axle,ASC1,bit,0 to 3,,0.0,3.0,1.0,0.0,8,9,2,8,100 ms
1739,Lifting Control Mode Front Axle,ASC1,bit,0 to 3,,0.0,3.0,1.0,0.0,20,21,2,8,100 ms
174,Engine Fuel Temperature 1,ET1,deg F,-40.0 to 410.0 deg F,,-40.0,410.0,1.8,-40.0,8,15,8,8,1 s
1740,Lowering Control Mode Front Axle,ASC1,bit,0 to 3,,0.0,3.0,1.0,0.0,16,17,2,8,100 ms
1741,Level Control Mode,ASC1,bit,0 to 15,,0.0,15.0,1.0,0.0,28,31,4,8,100 ms
1742,Kneeling Information,ASC1,bit,0 to 15,,0.0,15.0,1.0,0.0,24,27,4,8,100 ms
1743,Lift Axle 1 Position,ASC1,bit,0 to 3,,0.0,3.0,1.0,0.0,38,39,2,8,100 ms
1744,Door Release,ASC1,bit,0 to 3,,0.0,3.0,1.0,0.0,36,37,2,8,100 ms
1745,Vehicle Motion Inhibit,ASC1,bit,0 to 3,,0.0,3.0,1.0,0.0,34,35,2,8,100 ms
1746,Security Device,ASC1,bit,0 to 3,,0.0,3.0,1.0,0.0,32,33,2,8,100 ms
1747,Kneeling Control Mode Request,ASC2,bit,0 to 3,,0.0,3.0,1.0,0.0,6,7,2,8,100 ms
1748,Kneeling Request Right Side,ASC2,bit,0 to 3,,0.0,3.0,1.0,0.0,4,5,2,8,100 ms
1749,Kneeling Request Left Side,ASC2,bit,0 to 3,,0.0,3.0,1.0,0.0,2,3,2,8,100 ms
175,Engine Oil Temperature 1,ET1,deg F,-459.40000000000003 to 3154.94375 deg F,,-459.40000000000003,3154.94375,0.05625,-459.40000000000003,16,31,16,8,1 s
1750,Nominal Level Request Rear Axle,ASC2,bit,0 to 15,,0.0,15.0,1.0,0.0,12,15,4,8,100 ms
1751,Nominal Level Request Front Axle,ASC2,bit,0 to 15,,0.0,15.0,1.0,0.0,8,11,4,8,100 ms
1752,Lift Axle 1 Position Command,ASC2,bit,0 to 3,,0.0,3.0,1.0,0.0,20,21,2,8,100 ms
1753,Level Control Mode Request,ASC2,bit,0 to 15,,0.0,15.0,1.0,0.0,16,19,4,8,100 ms
1754,Below Nominal Level Rear Axle,ASC1,bit,0 to 3,,0.0,3.0,1.0,0.0,10,11,2,8,100 ms
1755,Lowering Control Mode Rear Axle,ASC1,bit,0 to 3,,0.0,3.0,1.0,0.0,18,19,2,8,100 ms
1756,Lifting Control Mode Rear Axle,ASC1,bit,0 to 3,,0.0,3.0,1.0,0.0,22,23,2,8,100 ms
1757,Level Preset Front Axle Right,ASC6,m,"-3,200 to 3,225.5 mm",,-3200.0,3225.5,0.1,-3.2,16,31,16,8,100 ms when active
1758,Level Preset Rear Axle Left,ASC6,m,"-3,200 to 3,225.5 mm",,-3200.0,3225.5,0.1,-3.2,32,47,16,8,100 ms when active
1759,Blade Height Set Point - High Resolution,LSP,m,-209.7152 to 211.3929215 m,-209.7152 to 209.7152m,-209.7152,209.7152,100.0,-209.7152,16,47,32,8,50 ms
176,Engine Turbocharger Oil Temperature,ET1,deg F,-459.40000000000003 to 3154.94375 deg F,,-459.40000000000003,3154.94375,0.05625,-459.40000000000003,32,47,16,8,1 s
1760,Gross Combination Vehicle Weight,CVW,kg,"0 to 642,550 kg",,0.0,642550.0,10.0,0.0,16,31,16,Variable,On request
1761,Aftertreatment 1 Diesel Exhaust Fluid Tank Level,AT1T1I,%,0 to 100 %,,0.0,100.0,0.4,0.0,0,7,8,8,1 s
1762,Hydraulic Pressure,HPG,psi,0.0 to 18638.79971038 psi,,0.0,18638.79971038,0.290075476,0.0,0,15,16,8,50 ms
1763,Engine Hydraulic Pressure Governor Mode Indicator,HPG,bit,0 to 3,,0.0,3.0,1.0,0.0,16,17,2,8,50 ms
1764,Engine Hydraulic Pressure Governor Switch,HPG,bit,0 to 3,,0.0,3.0,1.0,0.0,18,19,2,8,50 ms
1765,Engine Requested Fuel Valve 1 Position,GFI2,%,0 to 100 %,,0.0,100.0,0.4,0.0,48,55,8,8,On request
1766,Engine Requested Fuel Valve 2 Position,GFI2,%,0 to 100 %,,0.0,100.0,0.4,0.0,56,63,8,8,On request
1767,Specific Heat Ratio,GFD,Ratio,0 to 64.255,0 to 2.0000,0.0,2.0,0.001,0.0,0,15,16,8,On request
1768,Engine Low Limit Threshold for Maximum RPM from Engine,ECT1,rpm,"0 to 8,000 rpm",,0.0,8000.0,32.0,0.0,0,7,8,8,5 s
1769,Engine High Limit Threshold for Minimum Continuous Engine RPM,ECT1,rpm,"0 to 8,000 rpm",,0.0,8000.0,32.0,0.0,8,15,8,8,5 s
177,Transmission Oil Temperature 1,TRF1,deg F,-459.40000000000003 to 3154.94375 deg F,,-459.40000000000003,3154.94375,0.05625,-459.40000000000003,32,47,16,8,1 s
1770,Engine Low Limit Threshold for Maximum Torque from Engine,ECT1,%,-125 to 125 %,,-125.0,125.0,1.0,-125.0,16,23,8,8,5 s
1771,Engine High Limit Threshold for Minimum Continuous Torque from Engine,ECT1,%,-125 to 125 %,,-125.0,125.0,1.0,-125.0,24,31,8,8,5 s
1772,Engine Maximum Continuous RPM,ECT1,rpm,"0 to 8,000 rpm",,0.0,8000.0,32.0,0.0,32,39,8,8,5 s
1773,Engine Minimum Continuous RPM,ECT1,rpm,"0 to 8,000 rpm",,0.0,8000.0,32.0,0.0,40,47,8,8,5 s
1774,Engine Maximum Continuous Torque,ECT1,%,-125 to 125 %,,-125.0,125.0,1.0,-125.0,48,55,8,8,5 s
1775,Engine Minimum Continuous Torque,ECT1,%,-125 to 125 %,,-125.0,125.0,1.0,-125.0,56,63,8,8,5 s
1776,Low Limit Threshold for Maximum RPM from Retarder,RTC1,rpm,"0 to 8,000 rpm",,0.0,8000.0,32.0,0.0,0,7,8,8,5 s
1777,High Limit Threshold for Minimum Continuous RPM from Retarder,RTC1,rpm,"0 to 8,000 rpm",,0.0,8000.0,32.0,0.0,8,15,8,8,5 s
1778,Low Limit Threshold for Maximum Torque from Retarder,RTC1,%,-125 to 125 %,,-125.0,125.0,1.0,-125.0,16,23,8,8,5 s
1779,High Limit Threshold for Minimum Continuous Torque from Retarder,RTC1,%,-125 to 125 %,,-125.0,125.0,1.0,-125.0,24,31,8,8,5 s
1780,Maximum Continuous Retarder Speed ,RTC1,rpm,"0 to 8,000 rpm",,0.0,8000.0,32.0,0.0,32,39,8,8,5 s
1781,Minimum Continuous Retarder Speed,RTC1,rpm,"0 to 8,000 rpm",,0.0,8000.0,32.0,0.0,40,47,8,8,5 s
1782,Maximum Continuous Retarder Torque,RTC1,%,-125 to 125 %,,-125.0,125.0,1.0,-125.0,48,55,8,8,5 s
1783,Minimum Continuous Retarder Torque,RTC1,%,-125 to 125 %,,-125.0,125.0,1.0,-125.0,56,63,8,8,5 s
1784,Engine Speed Limit Request - Minimum Continuous,CTL,rpm,"0 to 8,000 rpm",,0.0,8000.0,32.0,0.0,0,7,8,8,5 s
1785,Engine Speed Limit Request - Maximum Continuous,CTL,rpm,"0 to 8,000 rpm",,0.0,8000.0,32.0,0.0,8,15,8,8,5 s
1786,Engine Torque Limit Request - Minimum Continuous,CTL,%,-125 to 125 %,0 to 125%,0.0,125.0,1.0,-125.0,16,23,8,8,5 s
1787,Engine Torque Limit Request - Maximum Continuous,CTL,%,-125 to 125 %,0 to 125%,0.0,125.0,1.0,-125.0,24,31,8,8,5 s
1788,Minimum Continuous Retarder Speed Limit Request,CTL,rpm,"0 to 8,000 rpm",,0.0,8000.0,32.0,0.0,32,39,8,8,5 s
1789,Maximum Continuous Retarder Speed Limit Request,CTL,rpm,"0 to 8,000 rpm",,0.0,8000.0,32.0,0.0,40,47,8,8,5 s
1790,Minimum Continuous Retarder Torque Limit Request,CTL,%,-125 to 125 %,-125 to 0%,-125.0,0.0,1.0,-125.0,48,55,8,8,5 s
1791,Maximum Continuous Retarder Torque Limit Request,CTL,%,-125 to 125 %,-125 to 0%,-125.0,0.0,1.0,-125.0,56,63,8,8,5 s
1792,Tractor-Mounted Trailer ABS Warning Signal,EBC1,bit,0 to 3,,0.0,3.0,1.0,0.0,62,63,2,8,100 ms
1793,ATC/ASR Information Signal,EBC1,bit,0 to 3,,0.0,3.0,1.0,0.0,46,47,2,8,100 ms
1794,Engine Moment of Inertia,EC1,kg/m2,0 to 257.02 kg-m^2,,0.0,257.022,0.004,0.0,240,255,16,39,Every 5 s and on change of torque/speed points of more than 10% since last transmission but no faster than every 500 ms
1795,Alternator Current (High Range/Resolution),VEP3,Amps,-1600 to 1612.75 A,,-1600.0,1612.75,0.05,-1600.0,0,15,16,8,1 s
1796,ACC Distance Alert Signal,ACC1,bit,0 to 3,,0.0,3.0,1.0,0.0,52,53,2,8,"100ms or upon state change, but not faster than 20 ms."
1797,ACC System Shutoff Warning,ACC1,bit,0 to 3,,0.0,3.0,1.0,0.0,50,51,2,8,"100ms or upon state change, but not faster than 20 ms."
1798,ACC Target Detected,ACC1,bit,0 to 3,,0.0,3.0,1.0,0.0,48,49,2,8,"100ms or upon state change, but not faster than 20 ms."
1799,Requested ACC Distance Mode,ACC2,bit,0 to 7,,0.0,7.0,1.0,0.0,5,7,3,8,250 ms
180,Trailer Weight,VW,kg,"0 to 128,510 kg",,0.0,128510.0,2.0,0.0,24,39,16,8,On request
1800,Battery 1 Temperature,BT1,deg F,-40.0 to 410.0 deg F,,-40.0,410.0,1.8,-40.0,0,7,8,8,1 s
1801,Battery 2 Temperature,BT1,deg F,-40.0 to 410.0 deg F,,-40.0,410.0,1.8,-40.0,8,15,8,8,1 s
1802,Engine Intake Manifold 5 Temperature,IMT2,deg F,-40.0 to 410.0 deg F,,-40.0,410.0,1.8,-40.0,24,31,8,8,1 s
1803,Engine Intake Manifold 6 Temperature,IMT2,deg F,-40.0 to 410.0 deg F,,-40.0,410.0,1.8,-40.0,32,39,8,8,1 s
1804,Engine Start Enable Device 2,CSA,bit,0 to 3,,0.0,3.0,1.0,0.0,2,3,2,8,As required
1805,LED Display Mode Control,LVDD,bit,0 to 15,,0.0,15.0,1.0,0.0,8,11,4,8,100 ms
1806,LED Display Deadband Control,LVDD,bit,0 to 15,,0.0,15.0,1.0,0.0,12,15,4,8,100 ms
1807,Steering Wheel Angle,VDC2,rad,-31.374 to +31.374 rad,,-31.374,31.374,1.0,-31.374,0,15,16,8,10 ms
1808,Yaw Rate,VDC2,rad/s,-3.92 to +3.92 rad/s,,-3.92,3.92,1.0,-3.92,24,39,16,8,10 ms
1809,Lateral Acceleration,VDC2,m/s^2,-15.687 to +15.687 m/s^2,,-15.687,15.6872,1.0,-15.687,40,55,16,8,10 ms
181,Cargo Weight,VW,kg,"0 to 128,510 kg",,0.0,128510.0,2.0,0.0,40,55,16,8,On request
1810,Longitudinal Acceleration,VDC2,m/s^2,-12.5 to +12.5 m/s^2,,-12.5,12.52,0.1,-12.5,56,63,8,8,10 ms
1811,Steering Wheel Turn Counter,VDC2,count,-32 to 29 turns,-10 to +10 Turns,-10.0,10.0,1.0,-32.0,16,21,6,8,10 ms
1812,Steering Wheel Angle Sensor Type,VDC2,bit,0 to 3,,0.0,3.0,1.0,0.0,22,23,2,8,10 ms
1813,VDC Information Signal,VDC1,bit,0 to 3,,0.0,3.0,1.0,0.0,0,1,2,8,100ms
1814,VDC Fully Operational,VDC1,bit,0 to 3,,0.0,3.0,1.0,0.0,2,3,2,8,100ms
1815,VDC brake light request,VDC1,bit,0 to 3,,0.0,3.0,1.0,0.0,4,5,2,8,100ms
1816,ROP Engine Control active,VDC1,bit,0 to 3,,0.0,3.0,1.0,0.0,8,9,2,8,100ms
1817,YC Engine Control active,VDC1,bit,0 to 3,,0.0,3.0,1.0,0.0,12,13,2,8,100ms
1818,ROP Brake Control active,VDC1,bit,0 to 3,,0.0,3.0,1.0,0.0,10,11,2,8,100ms
1819,YC Brake Control active,VDC1,bit,0 to 3,,0.0,3.0,1.0,0.0,14,15,2,8,100ms
182,Engine Trip Fuel,LFC,gallons,0.0 to 556224873.36449 US Gal,,0.0,556224873.36449,0.132086,0.0,0,31,32,8,On request
1820,Ramp / Wheel Chair Lift Position,DC1,bit,0 to 3,,0.0,3.0,1.0,0.0,4,5,2,8,100 ms
1821,Position of doors,DC1,bit,0 to 15,,0.0,15.0,1.0,0.0,0,3,4,8,100 ms
1822,Lift Axle 2 Position,ASC1,bit,0 to 3,,0.0,3.0,1.0,0.0,46,47,2,8,100 ms
1823,Rear Axle in Bumper Range,ASC1,bit,0 to 3,,0.0,3.0,1.0,0.0,42,43,2,8,100 ms
1824,Front Axle in Bumper Range,ASC1,bit,0 to 3,,0.0,3.0,1.0,0.0,40,41,2,8,100 ms
1825,Suspension Remote control 2,ASC1,bit,0 to 3,,0.0,3.0,1.0,0.0,50,51,2,8,100 ms
1826,Suspension Remote Control 1,ASC1,bit,0 to 3,,0.0,3.0,1.0,0.0,48,49,2,8,100 ms
1827,Suspension Control Refusal Information,ASC1,bit,0 to 15,,0.0,15.0,1.0,0.0,56,59,4,8,100 ms
1828,Lift Axle 2 Position Command,ASC2,bit,0 to 3,,0.0,3.0,1.0,0.0,22,23,2,8,100 ms
1829,Kneeling Command - Rear Axle,ASC2,bit,0 to 3,,0.0,3.0,1.0,0.0,50,51,2,8,100 ms
183,Engine Fuel Rate,LFE1,gallons/h,0.0 to 848.718593 US Gal/h,,0.0,848.718593,0.0132086,0.0,0,15,16,8,100 ms
1830,Kneeling Command - Front Axle,ASC2,bit,0 to 3,,0.0,3.0,1.0,0.0,48,49,2,8,100 ms
1831,Electronic Shock Absorber Control Mode - Lift/Tag Axle,ASC5,bit,0 to 3,,0.0,3.0,1.0,0.0,28,29,2,8,100 ms
1832,Electronic Shock Absorber Control Mode - Rear Axle,ASC5,bit,0 to 3,,0.0,3.0,1.0,0.0,26,27,2,8,100 ms
1833,Electronic Shock Absorber Control Mode -  Front Axle,ASC5,bit,0 to 3,,0.0,3.0,1.0,0.0,24,25,2,8,100 ms
1834,Engine Total Average Fuel Rate,TAVG,gallons/h,0.0 to 848.718593 US Gal/h,,0.0,848.718593,0.0132086,0.0,0,15,16,8,On request
1835,Engine Total Average Fuel Economy,TAVG,miles/gallon,0.0 to 295.1897076301758 mile/US Gal,,0.0,295.1897076301758,0.0045940348242187,0.0,16,31,16,8,On request
1836,Trailer ABS Status,EBC1,bit,0 to 3,,0.0,3.0,1.0,0.0,60,61,2,8,100 ms
1837,Convoy Driving Lamp Select,ML,bit,0 to 3,,0.0,3.0,1.0,0.0,6,7,2,8,"500ms or upon state change, but not faster than 100 ms."
1838,Convoy Lamp Select,ML,bit,0 to 3,,0.0,3.0,1.0,0.0,4,5,2,8,"500ms or upon state change, but not faster than 100 ms."
1839,Front Black Out Marker Lamp Select,ML,bit,0 to 3,,0.0,3.0,1.0,0.0,2,3,2,8,"500ms or upon state change, but not faster than 100 ms."
184,Engine Instantaneous Fuel Economy,LFE1,miles/gallon,0.0 to 295.1897076301758 mile/US Gal,,0.0,295.1897076301758,0.0045940348242187,0.0,16,31,16,8,100 ms
1840,Rear Black Out Marker Select,ML,bit,0 to 3,,0.0,3.0,1.0,0.0,0,1,2,8,"500ms or upon state change, but not faster than 100 ms."
1841,Black Out Brake/Stop Lamp Select,ML,bit,0 to 3,,0.0,3.0,1.0,0.0,22,23,2,8,"500ms or upon state change, but not faster than 100 ms."
1842,Black Out Work Lamp Select,ML,bit,0 to 3,,0.0,3.0,1.0,0.0,30,31,2,8,"500ms or upon state change, but not faster than 100 ms."
1843,Night Vision Illuminator Select,ML,bit,0 to 3,,0.0,3.0,1.0,0.0,24,25,2,8,"500ms or upon state change, but not faster than 100 ms."
1844,Operators Black Out Intensity Selection,ML,%,0 to 100 %,,0.0,100.0,0.4,0.0,56,63,8,8,"500ms or upon state change, but not faster than 100 ms."
1845,Transmission Torque Limit,TCFG2,Nm,"0 to 64,255 Nm",,0.0,64255.0,1.0,0.0,0,15,16,Variable,On request or sender may transmit every 5 seconds until acknowledged by reception of the engine configuration message PGN 65251 SPN 1846.
1846,Engine Default Torque Limit,EC1,Nm,"0 to 64,255 Nm",,0.0,64255.0,1.0,0.0,256,271,16,39,Every 5 s and on change of torque/speed points of more than 10% since last transmission but no faster than every 500 ms
1849,Transmission Requested Range Display Flash State,ETC7,bit,0 to 3,,0.0,3.0,1.0,0.0,6,7,2,8,100 ms
185,Engine Average Fuel Economy,LFE1,miles/gallon,0.0 to 295.1897076301758 mile/US Gal,,0.0,295.1897076301758,0.0045940348242187,0.0,32,47,16,8,100 ms
1850,Transmission Requested Range Display Blank State,ETC7,bit,0 to 3,,0.0,3.0,1.0,0.0,4,5,2,8,100 ms
1851,Transmission Shift Inhibit Indicator,ETC7,bit,0 to 3,,0.0,3.0,1.0,0.0,14,15,2,8,100 ms
1852,Transmission Mode 1,TC1,bit,0 to 3,,0.0,3.0,1.0,0.0,40,41,2,8,When active; 50 ms to transmission and axles
1853,Transmission Mode 2,TC1,bit,0 to 3,,0.0,3.0,1.0,0.0,42,43,2,8,When active; 50 ms to transmission and axles
1854,Transmission Mode 3,TC1,bit,0 to 3,,0.0,3.0,1.0,0.0,44,45,2,8,When active; 50 ms to transmission and axles
1855,Transmission Mode 4,TC1,bit,0 to 3,,0.0,3.0,1.0,0.0,46,47,2,8,When active; 50 ms to transmission and axles
1856,Seat Belt Switch,CM1,bit,0 to 3,,0.0,3.0,1.0,0.0,30,31,2,8,1 s
1857,Winch Oil Pressure Switch,VF,bit,0 to 3,,0.0,3.0,1.0,0.0,10,11,2,8,1 s
186,Power Takeoff Speed,PTO,rpm,"0 to 8,031.875 rpm",,0.0,8031.875,0.125,0.0,8,23,16,8,100 ms
1861,Ground Based Direction,GBSD,bit,0 to 3,,0.0,3.0,1.0,0.0,56,57,2,8,100 ms
1862,Wheel Based Speed,WBSD,m/s,0 to 64.255 m/s,,0.0,64.255,0.001,0.0,0,15,16,8,100 ms
1863,Wheel Based Distance,WBSD,m,"0 to 4,211,081.215 m",,0.0,4211081.215,0.001,0.0,16,47,32,8,100 ms
1864,Wheel Based Direction,WBSD,bit,0 to 3,,0.0,3.0,1.0,0.0,56,57,2,8,100 ms
1865,Key Switch NOT OFF,WBSD,bit,0 to 3,,0.0,3.0,1.0,0.0,58,59,2,8,100 ms
1866,Maximum Time of Tractor Power,WBSD,minutes,0 to 250 mins,,0.0,250.0,1.0,0.0,48,55,8,8,100 ms
1867,Maintain ECU Power,MP,bit,0 to 3,,0.0,3.0,1.0,0.0,6,7,2,8,As required after receiving the message indicating that the ignition switch as change from ON state to OFF state or on change of state of parameters
1868,Maintain Acuator Power,MP,bit,0 to 3,,0.0,3.0,1.0,0.0,4,5,2,8,As required after receiving the message indicating that the ignition switch as change from ON state to OFF state or on change of state of parameters
1869,Implement Transport State,MP,bit,0 to 3,,0.0,3.0,1.0,0.0,14,15,2,8,As required after receiving the message indicating that the ignition switch as change from ON state to OFF state or on change of state of parameters
187,Power Takeoff Set Speed,PTO,rpm,"0 to 8,031.875 rpm",,0.0,8031.875,0.125,0.0,24,39,16,8,100 ms
1870,Implement Park State,MP,bit,0 to 3,,0.0,3.0,1.0,0.0,12,13,2,8,As required after receiving the message indicating that the ignition switch as change from ON state to OFF state or on change of state of parameters
1871,Implement Work State,MP,bit,0 to 3,,0.0,3.0,1.0,0.0,10,11,2,8,As required after receiving the message indicating that the ignition switch as change from ON state to OFF state or on change of state of parameters
1872,Front Hitch Position,FHS,%,0 to 100 %,,0.0,100.0,0.4,0.0,0,7,8,8,100ms
1873,Rear Hitch Position,RHS,%,0 to 100 %,,0.0,100.0,0.4,0.0,0,7,8,8,100ms
1874,Front Hitch Position Command,HPTOC,%,0 to 100 %,,0.0,100.0,0.4,0.0,0,7,8,8,Minimum rate of 1 second between messages or when a parameter is required to change state.
1875,Rear Hitch Position Command,HPTOC,%,0 to 100 %,,0.0,100.0,0.4,0.0,8,15,8,8,Minimum rate of 1 second between messages or when a parameter is required to change state.
1876,Front Hitch In-work Indication,FHS,bit,0 to 3,,0.0,3.0,1.0,0.0,14,15,2,8,100ms
1877,Rear Hitch In-work Indication,RHS,bit,0 to 3,,0.0,3.0,1.0,0.0,14,15,2,8,100ms
1878,Front Draft,FHS,N,"-320,000 to 322,550 N",,-320000.0,322550.0,10.0,-320000.0,24,39,16,8,100ms
1879,Rear Draft,RHS,N,"-320,000 to 322,550 N",,-320000.0,322550.0,10.0,-320000.0,24,39,16,8,100ms
188,"Engine Speed At Idle, Point 1 (Engine Configuration)",EC1,rpm,"0 to 8,031.875 rpm",,0.0,8031.875,0.125,0.0,0,15,16,39,Every 5 s and on change of torque/speed points of more than 10% since last transmission but no faster than every 500 ms
1880,Front Nominal Lower Link Force,FHS,%,-100 to 100 %,,-100.0,100.0,0.8,-100.0,16,23,8,8,100ms
1881,Rear  Nominal Lower Link Force,RHS,%,-100 to 100 %,,-100.0,100.0,0.8,-100.0,16,23,8,8,100ms
1882,Front PTO output shaft speed,FPTO,rpm,"0 to 8,031.875 rpm",,0.0,8031.875,0.125,0.0,0,15,16,8,"100ms when engage, otherwise on request"
1883,Rear PTO output shaft speed,RPTO,rpm,"0 to 8,031.875 rpm",,0.0,8031.875,0.125,0.0,0,15,16,8,"100ms when engage, otherwise on request"
1884,Front PTO Output Shaft Speed Set Point,FPTO,rpm,"0 to 8,031.875 rpm",,0.0,8031.875,0.125,0.0,16,31,16,8,"100ms when engage, otherwise on request"
1885,Rear PTO Output Shaft Speed Set Point,RPTO,rpm,"0 to 8,031.875 rpm",,0.0,8031.875,0.125,0.0,16,31,16,8,"100ms when engage, otherwise on request"
1886,Front PTO Output Shaft Speed Set Point Command,HPTOC,rpm,"0 to 8,031.875 rpm",,0.0,8031.875,0.125,0.0,16,31,16,8,Minimum rate of 1 second between messages or when a parameter is required to change state.
1887,Rear PTO Output Shaft Speed Set Point Command,HPTOC,rpm,"0 to 8,031.875 rpm",,0.0,8031.875,0.125,0.0,32,47,16,8,Minimum rate of 1 second between messages or when a parameter is required to change state.
1888,Front Power Take Off Engagement,FPTO,bit,0 to 3,,0.0,3.0,1.0,0.0,38,39,2,8,"100ms when engage, otherwise on request"
1889,Front Power Take Off Mode,FPTO,bit,0 to 3,,0.0,3.0,1.0,0.0,36,37,2,8,"100ms when engage, otherwise on request"
189,Engine Rated Speed,EEC4,rpm,"0 to 8,031.875 rpm",,0.0,8031.875,0.125,0.0,16,31,16,8,On request
1890,Rear Power Take Off Mode,RPTO,bit,0 to 3,,0.0,3.0,1.0,0.0,36,37,2,8,"100ms when engage, otherwise on request"
1891,Front Power Take Off Economy Mode,FPTO,bit,0 to 3,,0.0,3.0,1.0,0.0,34,35,2,8,"100ms when engage, otherwise on request"
1892,Rear Power Take Off Economy Mode,RPTO,bit,0 to 3,,0.0,3.0,1.0,0.0,34,35,2,8,"100ms when engage, otherwise on request"
1893,Front Power Take Off Engagement Command,HPTOC,bit,0 to 3,,0.0,3.0,1.0,0.0,54,55,2,8,Minimum rate of 1 second between messages or when a parameter is required to change state.
1894,Rear Power Take Off Engagement Command,HPTOC,bit,0 to 3,,0.0,3.0,1.0,0.0,52,53,2,8,Minimum rate of 1 second between messages or when a parameter is required to change state.
1895,Front Power Take Off Mode Command,HPTOC,bit,0 to 3,,0.0,3.0,1.0,0.0,62,63,2,8,Minimum rate of 1 second between messages or when a parameter is required to change state.
1896,Rear Power Take Off Mode Command,HPTOC,bit,0 to 3,,0.0,3.0,1.0,0.0,60,61,2,8,Minimum rate of 1 second between messages or when a parameter is required to change state.
1897,Front Power Take Off Economy Mode Command,HPTOC,bit,0 to 3,,0.0,3.0,1.0,0.0,58,59,2,8,Minimum rate of 1 second between messages or when a parameter is required to change state.
1898,Rear Power Take Off Economy Mode Command,HPTOC,bit,0 to 3,,0.0,3.0,1.0,0.0,56,57,2,8,Minimum rate of 1 second between messages or when a parameter is required to change state.
1899,Aux Valve 0 Extend Port Measured Flow,AV00MF,%,-125 to 125 %,,-125.0,125.0,1.0,-125.0,0,7,8,8,100 ms
190,Engine Speed,EEC1,rpm,"0 to 8,031.875 rpm",,0.0,8031.875,0.125,0.0,24,39,16,8,engine speed dependent
1900,Aux Valve 0 Retract Port Measured Flow,AV00MF,%,-125 to 125 %,,-125.0,125.0,1.0,-125.0,8,15,8,8,100 ms
1901,Aux Valve 0 Extend Port Estimated Flow,AV00EF,%,-125 to 125 %,,-125.0,125.0,1.0,-125.0,0,7,8,8,100 ms
1902,Aux Valve 0 Retract Port Estimated Flow,AV00EF,%,-125 to 125 %,,-125.0,125.0,1.0,-125.0,8,15,8,8,100 ms
1903,Aux Valve 0 State,AV00EF,bit,0 to 15,,0.0,15.0,1.0,0.0,16,19,4,8,100 ms
1904,Aux Valve 0 Extend Port Pressure,AV00MF,psi,0.0 to 46596.99927595 psi,,0.0,46596.99927595,0.72518869,0.0,16,31,16,8,100 ms
1905,Aux Valve 0 Retract Port Pressure,AV00MF,psi,0.0 to 46596.99927595 psi,,0.0,46596.99927595,0.72518869,0.0,32,47,16,8,100 ms
1906,Aux Valve 0 Return Port Pressure,AV00MF,psi,0.0 to 580.150952 psi,,0.0,580.150952,2.320603808,0.0,48,55,8,8,100 ms
1907,Aux Valve 0 Port Flow Command,AV00C,%,0 to 100 %,,0.0,100.0,0.4,0.0,0,7,8,8,"Minimum rate of 1 second between messages for each valve or when a parameter is required to change state.

??? What's the fastest Rate > or < 100 ms ??"
1908,Aux Valve 0 State command,AV00C,bit,0 to 15,,0.0,15.0,1.0,0.0,16,19,4,8,"Minimum rate of 1 second between messages for each valve or when a parameter is required to change state.

??? What's the fastest Rate > or < 100 ms ??"
1909,Aux Valve 0 Fail Safe Mode Command,AV00C,bit,0 to 3,,0.0,3.0,1.0,0.0,22,23,2,8,"Minimum rate of 1 second between messages for each valve or when a parameter is required to change state.

??? What's the fastest Rate > or < 100 ms ??"
191,Transmission Output Shaft Speed,ETC1,rpm,"0 to 8,031.875 rpm",,0.0,8031.875,0.125,0.0,8,23,16,8,10 ms
1910,Aux Valve 0 Fail Safe Mode,AV00EF,bit,0 to 3,,0.0,3.0,1.0,0.0,22,23,2,8,100 ms
1911,Aux Valve 1 Extend Port Measured Flow,AV01MF,%,-125 to 125 %,,-125.0,125.0,1.0,-125.0,0,7,8,8,100 ms
1912,Aux Valve 1 Retract Port Measured Flow,AV01MF,%,-125 to 125 %,,-125.0,125.0,1.0,-125.0,8,15,8,8,100 ms
1913,Aux Valve 1 Extend Port Estimated Flow,AV01EF,%,-125 to 125 %,,-125.0,125.0,1.0,-125.0,0,7,8,8,100 ms
1914,Aux Valve 1 Retract Port Estimated Flow,AV01EF,%,-125 to 125 %,,-125.0,125.0,1.0,-125.0,8,15,8,8,100 ms
1915,Aux Valve 1 State,AV01EF,bit,0 to 15,,0.0,15.0,1.0,0.0,16,19,4,8,100 ms
1916,Aux Valve 1 Extend Port Pressure,AV01MF,psi,0.0 to 46596.99927595 psi,,0.0,46596.99927595,0.72518869,0.0,16,31,16,8,100 ms
1917,Aux Valve 1 Retract Port Pressure,AV01MF,psi,0.0 to 46596.99927595 psi,,0.0,46596.99927595,0.72518869,0.0,32,47,16,8,100 ms
1918,Aux Valve 1 Return Port Pressure,AV01MF,psi,0.0 to 580.150952 psi,,0.0,580.150952,2.320603808,0.0,48,55,8,8,100 ms
1919,Aux Valve 1 Port Flow Command,AV01C,%,0 to 100 %,,0.0,100.0,0.4,0.0,0,7,8,8,"Minimum rate of 1 second between messages for each valve or when a parameter is required to change state.

??? What's the fastest Rate > or < 100 ms ??"
1920,Aux Valve 1 State Command,AV01C,bit,0 to 15,,0.0,15.0,1.0,0.0,16,19,4,8,"Minimum rate of 1 second between messages for each valve or when a parameter is required to change state.

??? What's the fastest Rate > or < 100 ms ??"
1921,Aux Valve 1 Fail Safe Mode Command,AV01C,bit,0 to 3,,0.0,3.0,1.0,0.0,22,23,2,8,"Minimum rate of 1 second between messages for each valve or when a parameter is required to change state.

??? What's the fastest Rate > or < 100 ms ??"
1922,Aux Valve 1 Fail Safe Mode,AV01EF,bit,0 to 3,,0.0,3.0,1.0,0.0,22,23,2,8,100 ms
1923,Aux Valve 2 Extend Port Measured Flow,AV02MF,%,-125 to 125 %,,-125.0,125.0,1.0,-125.0,0,7,8,8,100 ms
1924,Aux Valve 2 Retract Port Measured Flow,AV02MF,%,-125 to 125 %,,-125.0,125.0,1.0,-125.0,8,15,8,8,100 ms
1925,Aux Valve 2 Extend Port Estimated Flow,AV02EF,%,-125 to 125 %,,-125.0,125.0,1.0,-125.0,0,7,8,8,100 ms
1926,Aux Valve 2 Retract Port Estimated Flow,AV02EF,%,-125 to 125 %,,-125.0,125.0,1.0,-125.0,8,15,8,8,100 ms
1927,Aux Valve 2 State,AV02EF,bit,0 to 15,,0.0,15.0,1.0,0.0,16,19,4,8,100 ms
1928,Aux Valve 2 Extend Port Pressure,AV02MF,psi,0.0 to 46596.99927595 psi,,0.0,46596.99927595,0.72518869,0.0,16,31,16,8,100 ms
1929,Aux Valve 2 Retract Port Pressure,AV02MF,psi,0.0 to 46596.99927595 psi,,0.0,46596.99927595,0.72518869,0.0,32,47,16,8,100 ms
1930,Aux Valve 2 Return Port Pressure,AV02MF,psi,0.0 to 580.150952 psi,,0.0,580.150952,2.320603808,0.0,48,55,8,8,100 ms
1931,Aux Valve 2 Port Flow Command,AV02C,%,0 to 100 %,,0.0,100.0,0.4,0.0,0,7,8,8,"Minimum rate of 1 second between messages for each valve or when a parameter is required to change state.

??? What's the fastest Rate > or < 100 ms ??"
1932,Aux Valve 2 State Command,AV02C,bit,0 to 15,,0.0,15.0,1.0,0.0,16,19,4,8,"Minimum rate of 1 second between messages for each valve or when a parameter is required to change state.

??? What's the fastest Rate > or < 100 ms ??"
1933,Aux Valve 2 Fail Safe Mode Command,AV02C,bit,0 to 3,,0.0,3.0,1.0,0.0,22,23,2,8,"Minimum rate of 1 second between messages for each valve or when a parameter is required to change state.

??? What's the fastest Rate > or < 100 ms ??"
1934,Aux Valve 2 Fail Safe Mode,AV02EF,bit,0 to 3,,0.0,3.0,1.0,0.0,22,23,2,8,100 ms
1935,Aux Valve 3 Extend Port Measured Flow,AV03MF,%,-125 to 125 %,,-125.0,125.0,1.0,-125.0,0,7,8,8,100 ms
1936,Aux Valve 3 Retract Port Measured Flow,AV03MF,%,-125 to 125 %,,-125.0,125.0,1.0,-125.0,8,15,8,8,100 ms
1937,Aux Valve 3 Extend Port Estimated Flow,AV03EF,%,-125 to 125 %,,-125.0,125.0,1.0,-125.0,0,7,8,8,100 ms
1938,Aux Valve 3 Retract Port Estimated Flow,AV03EF,%,-125 to 125 %,,-125.0,125.0,1.0,-125.0,8,15,8,8,100 ms
1939,Aux Valve 3 State,AV03EF,bit,0 to 15,,0.0,15.0,1.0,0.0,16,19,4,8,100 ms
1940,Aux Valve 3 Extend Port Pressure,AV03MF,psi,0.0 to 46596.99927595 psi,,0.0,46596.99927595,0.72518869,0.0,16,31,16,8,100 ms
1941,Aux Valve 3 Retract Port Pressure,AV03MF,psi,0.0 to 46596.99927595 psi,,0.0,46596.99927595,0.72518869,0.0,32,47,16,8,100 ms
1942,Aux Valve 3 Return Port Pressure,AV03MF,psi,0.0 to 580.150952 psi,,0.0,580.150952,2.320603808,0.0,48,55,8,8,100 ms
1943,Aux Valve 3 Port Flow Command,AV03C,%,0 to 100 %,,0.0,100.0,0.4,0.0,0,7,8,8,"Minimum rate of 1 second between messages for each valve or when a parameter is required to change state.

??? What's the fastest Rate > or < 100 ms ??"
1944,Aux Valve 3 State Command,AV03C,bit,0 to 15,,0.0,15.0,1.0,0.0,16,19,4,8,"Minimum rate of 1 second between messages for each valve or when a parameter is required to change state.

??? What's the fastest Rate > or < 100 ms ??"
1945,Aux Valve 3 Fail Safe Mode Command,AV03C,bit,0 to 3,,0.0,3.0,1.0,0.0,22,23,2,8,"Minimum rate of 1 second between messages for each valve or when a parameter is required to change state.

??? What's the fastest Rate > or < 100 ms ??"
1946,Aux Valve 3 Fail Safe Mode,AV03EF,bit,0 to 3,,0.0,3.0,1.0,0.0,22,23,2,8,100 ms
1947,Aux Valve 4 Extend Port Measured Flow,AV04MF,%,-125 to 125 %,,-125.0,125.0,1.0,-125.0,0,7,8,8,100 ms
1948,Aux Valve 4 Retract Port Measured Flow,AV04MF,%,-125 to 125 %,,-125.0,125.0,1.0,-125.0,8,15,8,8,100 ms
1949,Aux Valve 4 Extend Port Estimated Flow,AV04EF,%,-125 to 125 %,,-125.0,125.0,1.0,-125.0,0,7,8,8,100 ms
1950,Aux Valve 4 Retract Port Estimated Flow,AV04EF,%,-125 to 125 %,,-125.0,125.0,1.0,-125.0,8,15,8,8,100 ms
1951,Aux Valve 4 State,AV04EF,bit,0 to 15,,0.0,15.0,1.0,0.0,16,19,4,8,100 ms
1952,Aux Valve 4 Extend Port Pressure,AV04MF,psi,0.0 to 46596.99927595 psi,,0.0,46596.99927595,0.72518869,0.0,16,31,16,8,100 ms
1953,Aux Valve 4 Retract Port Pressure,AV04MF,psi,0.0 to 46596.99927595 psi,,0.0,46596.99927595,0.72518869,0.0,32,47,16,8,100 ms
1954,Aux Valve 4 Return Port Pressure,AV04MF,psi,0.0 to 580.150952 psi,,0.0,580.150952,2.320603808,0.0,48,55,8,8,100 ms
1955,Aux Valve 4 Port Flow Command,AV04C,%,0 to 100 %,,0.0,100.0,0.4,0.0,0,7,8,8,"Minimum rate of 1 second between messages for each valve or when a parameter is required to change state.

??? What's the fastest Rate > or < 100 ms ??"
1956,Aux Valve 4 State Command,AV04C,bit,0 to 15,,0.0,15.0,1.0,0.0,16,19,4,8,"Minimum rate of 1 second between messages for each valve or when a parameter is required to change state.

??? What's the fastest Rate > or < 100 ms ??"
1957,Aux Valve 4 Fail Safe Mode Command,AV04C,bit,0 to 3,,0.0,3.0,1.0,0.0,22,23,2,8,"Minimum rate of 1 second between messages for each valve or when a parameter is required to change state.

??? What's the fastest Rate > or < 100 ms ??"
1958,Aux Valve 4 Fail Safe Mode,AV04EF,bit,0 to 3,,0.0,3.0,1.0,0.0,22,23,2,8,100 ms
1959,Aux Valve 5 Extend Port Measured Flow,AV05MF,%,-125 to 125 %,,-125.0,125.0,1.0,-125.0,0,7,8,8,100 ms
1960,Aux Valve 5 Retract Port Measured Flow,AV05MF,%,-125 to 125 %,,-125.0,125.0,1.0,-125.0,8,15,8,8,100 ms
1961,Aux Valve 5 Extend Port Estimated Flow,AV05EF,%,-125 to 125 %,,-125.0,125.0,1.0,-125.0,0,7,8,8,100 ms
1962,Aux Valve 5 Retract Port Estimated Flow,AV05EF,%,-125 to 125 %,,-125.0,125.0,1.0,-125.0,8,15,8,8,100 ms
1963,Aux Valve 5 State,AV05EF,bit,0 to 15,,0.0,15.0,1.0,0.0,16,19,4,8,100 ms
1964,Aux Valve 5 Extend Port Pressure,AV05MF,psi,0.0 to 46596.99927595 psi,,0.0,46596.99927595,0.72518869,0.0,16,31,16,8,100 ms
1965,Aux Valve 5 Retract Port Pressure,AV05MF,psi,0.0 to 46596.99927595 psi,,0.0,46596.99927595,0.72518869,0.0,32,47,16,8,100 ms
1966,Aux Valve 5 Return Port Pressure,AV05MF,psi,0.0 to 580.150952 psi,,0.0,580.150952,2.320603808,0.0,48,55,8,8,100 ms
1967,Aux Valve 5 Port Flow Command,AV05C,%,0 to 100 %,,0.0,100.0,0.4,0.0,0,7,8,8,"Minimum rate of 1 second between messages for each valve or when a parameter is required to change state.

??? What's the fastest Rate > or < 100 ms ??"
1968,Aux Valve 5 State Command,AV05C,bit,0 to 15,,0.0,15.0,1.0,0.0,16,19,4,8,"Minimum rate of 1 second between messages for each valve or when a parameter is required to change state.

??? What's the fastest Rate > or < 100 ms ??"
1969,Aux Valve 5 Fail Safe Mode Command,AV05C,bit,0 to 3,,0.0,3.0,1.0,0.0,22,23,2,8,"Minimum rate of 1 second between messages for each valve or when a parameter is required to change state.

??? What's the fastest Rate > or < 100 ms ??"
1970,Aux Valve 5 Fail Safe Mode,AV05EF,bit,0 to 3,,0.0,3.0,1.0,0.0,22,23,2,8,100 ms
1971,Aux Valve 6 Extend Port Measured Flow,AV06MF,%,-125 to 125 %,,-125.0,125.0,1.0,-125.0,0,7,8,8,100 ms
1972,Aux Valve 6 Retract Port Measured Flow,AV06MF,%,-125 to 125 %,,-125.0,125.0,1.0,-125.0,8,15,8,8,100 ms
1973,Aux Valve 6 Extend Port Estimated Flow,AV06EF,%,-125 to 125 %,,-125.0,125.0,1.0,-125.0,0,7,8,8,100 ms
1974,Aux Valve 6 Retract Port Estimated Flow,AV06EF,%,-125 to 125 %,,-125.0,125.0,1.0,-125.0,8,15,8,8,100 ms
1975,Aux Valve 6 State,AV06EF,bit,0 to 15,,0.0,15.0,1.0,0.0,16,19,4,8,100 ms
1976,Aux Valve 6 Extend Port Pressure,AV06MF,psi,0.0 to 46596.99927595 psi,,0.0,46596.99927595,0.72518869,0.0,16,31,16,8,100 ms
1977,Aux Valve 6 Retract Port Pressure,AV06MF,psi,0.0 to 46596.99927595 psi,,0.0,46596.99927595,0.72518869,0.0,32,47,16,8,100 ms
1978,Aux Valve 6 Return Port Pressure,AV06MF,psi,0.0 to 580.150952 psi,,0.0,580.150952,2.320603808,0.0,48,55,8,8,100 ms
1979,Aux Valve 6 Port Flow Command,AV06C,%,0 to 100 %,,0.0,100.0,0.4,0.0,0,7,8,8,"Minimum rate of 1 second between messages for each valve or when a parameter is required to change state.

??? What's the fastest Rate > or < 100 ms ??"
1980,Aux Valve 6 State Command,AV06C,bit,0 to 15,,0.0,15.0,1.0,0.0,16,19,4,8,"Minimum rate of 1 second between messages for each valve or when a parameter is required to change state.

??? What's the fastest Rate > or < 100 ms ??"
1981,Aux Valve 6 Fail Safe Mode Command,AV06C,bit,0 to 3,,0.0,3.0,1.0,0.0,22,23,2,8,"Minimum rate of 1 second between messages for each valve or when a parameter is required to change state.

??? What's the fastest Rate > or < 100 ms ??"
1982,Aux Valve 6 Fail Safe Mode,AV06EF,bit,0 to 3,,0.0,3.0,1.0,0.0,22,23,2,8,100 ms
1983,Aux Valve 7 Extend Port Measured Flow,AV07MF,%,-125 to 125 %,,-125.0,125.0,1.0,-125.0,0,7,8,8,100 ms
1984,Aux Valve 7 Retract Port Measured Flow,AV07MF,%,-125 to 125 %,,-125.0,125.0,1.0,-125.0,8,15,8,8,100 ms
1985,Aux Valve 7 Extend Port Estimated Flow,AV07EF,%,-125 to 125 %,,-125.0,125.0,1.0,-125.0,0,7,8,8,100 ms
1986,Aux Valve 7 Retract Port Estimated Flow,AV07EF,%,-125 to 125 %,,-125.0,125.0,1.0,-125.0,8,15,8,8,100 ms
1987,Aux Valve 7 State,AV07EF,bit,0 to 15,,0.0,15.0,1.0,0.0,16,19,4,8,100 ms
1988,Aux Valve 7 Extend Port Pressure,AV07MF,psi,0.0 to 46596.99927595 psi,,0.0,46596.99927595,0.72518869,0.0,16,31,16,8,100 ms
1989,Aux Valve 7 Retract Port Pressure,AV07MF,psi,0.0 to 46596.99927595 psi,,0.0,46596.99927595,0.72518869,0.0,32,47,16,8,100 ms
1990,Aux Valve 7 Return Port Pressure,AV07MF,psi,0.0 to 580.150952 psi,,0.0,580.150952,2.320603808,0.0,48,55,8,8,100 ms
1991,Aux Valve 7 Port Flow Command,AV07C,%,0 to 100 %,,0.0,100.0,0.4,0.0,0,7,8,8,"Minimum rate of 1 second between messages for each valve or when a parameter is required to change state.

??? What's the fastest Rate > or < 100 ms ??"
1992,Aux Valve 7 State command,AV07C,bit,0 to 15,,0.0,15.0,1.0,0.0,16,19,4,8,"Minimum rate of 1 second between messages for each valve or when a parameter is required to change state.

??? What's the fastest Rate > or < 100 ms ??"
1993,Aux Valve 7 Fail Safe Mode Command,AV07C,bit,0 to 3,,0.0,3.0,1.0,0.0,22,23,2,8,"Minimum rate of 1 second between messages for each valve or when a parameter is required to change state.

??? What's the fastest Rate > or < 100 ms ??"
1994,Aux Valve 7 Fail Safe Mode,AV07EF,bit,0 to 3,,0.0,3.0,1.0,0.0,22,23,2,8,100 ms
1995,Aux Valve 8 Extend Port Measured Flow,AV08MF,%,-125 to 125 %,,-125.0,125.0,1.0,-125.0,0,7,8,8,100 ms
1996,Aux Valve 8 Retract Port Measured Flow,AV08MF,%,-125 to 125 %,,-125.0,125.0,1.0,-125.0,8,15,8,8,100 ms
1997,Aux Valve 8 Extend Port Estimated Flow,AV08EF,%,-125 to 125 %,,-125.0,125.0,1.0,-125.0,0,7,8,8,100 ms
1998,Aux Valve 8 Retract Port Estimated Flow,AV08EF,%,-125 to 125 %,,-125.0,125.0,1.0,-125.0,8,15,8,8,100 ms
1999,Aux Valve 8 State,AV08EF,bit,0 to 15,,0.0,15.0,1.0,0.0,16,19,4,8,100 ms
20,Engine Extended Range Coolant Pressure,EAC,psi,0.0 to 145.037738 psi,,0.0,145.037738,0.580150952,0.0,24,31,8,8,0.5 s
22,Engine Extended Crankcase Blow-by Pressure,EFL/P1,psi,0.0 to 1.812971725 psi,,0.0,1.812971725,0.0072518869,0.0,8,15,8,8,0.5 s
2256,Aux Valve 8 Extend Port Pressure,AV08MF,psi,0.0 to 46596.99927595 psi,,0.0,46596.99927595,0.72518869,0.0,16,31,16,8,100 ms
2257,Aux Valve 8 Retract Port Pressure,AV08MF,psi,0.0 to 46596.99927595 psi,,0.0,46596.99927595,0.72518869,0.0,32,47,16,8,100 ms
2258,Aux Valve 8 Return Port Pressure,AV08MF,psi,0.0 to 580.150952 psi,,0.0,580.150952,2.320603808,0.0,48,55,8,8,100 ms
2259,Aux Valve 8 Port Flow Command,AV08C,%,0 to 100 %,,0.0,100.0,0.4,0.0,0,7,8,8,"Minimum rate of 1 second between messages for each valve or when a parameter is required to change state.

??? What's the fastest Rate > or < 100 ms ??"
2260,Aux Valve 8 State Command,AV08C,bit,0 to 15,,0.0,15.0,1.0,0.0,16,19,4,8,"Minimum rate of 1 second between messages for each valve or when a parameter is required to change state.

??? What's the fastest Rate > or < 100 ms ??"
2261,Aux Valve 8 Fail Safe Mode Command,AV08C,bit,0 to 3,,0.0,3.0,1.0,0.0,22,23,2,8,"Minimum rate of 1 second between messages for each valve or when a parameter is required to change state.

??? What's the fastest Rate > or < 100 ms ??"
2262,Aux Valve 8 Fail Safe Mode,AV08EF,bit,0 to 3,,0.0,3.0,1.0,0.0,22,23,2,8,100 ms
2263,Aux Valve 9 Extend Port Measured Flow,AV09MF,%,-125 to 125 %,,-125.0,125.0,1.0,-125.0,0,7,8,8,100 ms
2264,Aux Valve 9 Retract Port Measured Flow,AV09MF,%,-125 to 125 %,,-125.0,125.0,1.0,-125.0,8,15,8,8,100 ms
2265,Aux Valve 9 Extend Port Estimated Flow,AV09EF,%,-125 to 125 %,,-125.0,125.0,1.0,-125.0,0,7,8,8,100 ms
2266,Aux Valve 9 Retract Port Estimated Flow,AV09EF,%,-125 to 125 %,,-125.0,125.0,1.0,-125.0,8,15,8,8,100 ms
2267,Aux Valve 9 State,AV09EF,bit,0 to 15,,0.0,15.0,1.0,0.0,16,19,4,8,100 ms
2268,Aux Valve 9 Extend Port Pressure,AV09MF,psi,0.0 to 46596.99927595 psi,,0.0,46596.99927595,0.72518869,0.0,16,31,16,8,100 ms
2269,Aux Valve 9 Retract Port Pressure,AV09MF,psi,0.0 to 46596.99927595 psi,,0.0,46596.99927595,0.72518869,0.0,32,47,16,8,100 ms
2270,Aux Valve 9 Return Port Pressure,AV09MF,psi,0.0 to 580.150952 psi,,0.0,580.150952,2.320603808,0.0,48,55,8,8,100 ms
2271,Aux Valve 9 Port Flow Command,AV09C,%,0 to 100 %,,0.0,100.0,0.4,0.0,0,7,8,8,"Minimum rate of 1 second between messages for each valve or when a parameter is required to change state.

??? What's the fastest Rate > or < 100 ms ??"
2272,Aux Valve 9 State Command,AV09C,bit,0 to 15,,0.0,15.0,1.0,0.0,16,19,4,8,"Minimum rate of 1 second between messages for each valve or when a parameter is required to change state.

??? What's the fastest Rate > or < 100 ms ??"
2273,Aux Valve 9 Fail Safe Mode Command,AV09C,bit,0 to 3,,0.0,3.0,1.0,0.0,22,23,2,8,"Minimum rate of 1 second between messages for each valve or when a parameter is required to change state.

??? What's the fastest Rate > or < 100 ms ??"
2274,Aux Valve 9 Fail Safe Mode,AV09EF,bit,0 to 3,,0.0,3.0,1.0,0.0,22,23,2,8,100 ms
2275,Aux Valve 10 Extend Port Measured Flow,AV10MF,%,-125 to 125 %,,-125.0,125.0,1.0,-125.0,0,7,8,8,100 ms
2276,Aux Valve 10 Retract Port Measured Flow,AV10MF,%,-125 to 125 %,,-125.0,125.0,1.0,-125.0,8,15,8,8,100 ms
2277,Aux Valve 10 Extend Port Estimated Flow,AV10EF,%,-125 to 125 %,,-125.0,125.0,1.0,-125.0,0,7,8,8,100 ms
2278,Aux Valve 10 Retract Port Estimated Flow,AV10EF,%,-125 to 125 %,,-125.0,125.0,1.0,-125.0,8,15,8,8,100 ms
2279,Aux Valve 10 State,AV10EF,bit,0 to 15,,0.0,15.0,1.0,0.0,16,19,4,8,100 ms
2280,Aux Valve 10 Extend Port Pressure,AV10MF,psi,0.0 to 46596.99927595 psi,,0.0,46596.99927595,0.72518869,0.0,16,31,16,8,100 ms
2281,Aux Valve 10 Retract Port Pressure,AV10MF,psi,0.0 to 46596.99927595 psi,,0.0,46596.99927595,0.72518869,0.0,32,47,16,8,100 ms
2282,Aux Valve 10 Return Port Pressure,AV10MF,psi,0.0 to 580.150952 psi,,0.0,580.150952,2.320603808,0.0,48,55,8,8,100 ms
2283,Aux Valve 10 Port Flow Command,AV10C,%,0 to 100 %,,0.0,100.0,0.4,0.0,0,7,8,8,"Minimum rate of 1 second between messages for each valve or when a parameter is required to change state.

??? What's the fastest Rate > or < 100 ms ??"
2284,Aux Valve 10 State Command,AV10C,bit,0 to 15,,0.0,15.0,1.0,0.0,16,19,4,8,"Minimum rate of 1 second between messages for each valve or when a parameter is required to change state.

??? What's the fastest Rate > or < 100 ms ??"
2285,Aux Valve 10 Fail Safe Mode Command,AV10C,bit,0 to 3,,0.0,3.0,1.0,0.0,22,23,2,8,"Minimum rate of 1 second between messages for each valve or when a parameter is required to change state.

??? What's the fastest Rate > or < 100 ms ??"
2286,Aux Valve 10 Fail Safe Mode,AV10EF,bit,0 to 3,,0.0,3.0,1.0,0.0,22,23,2,8,100 ms
2287,Aux Valve 11 Extend Port Measured Flow,AV11MF,%,-125 to 125 %,,-125.0,125.0,1.0,-125.0,0,7,8,8,100 ms
2288,Aux Valve 11 Retract Port Measured Flow,AV11MF,%,-125 to 125 %,,-125.0,125.0,1.0,-125.0,8,15,8,8,100 ms
2289,Aux Valve 11 Extend Port Estimated Flow,AV11EF,%,-125 to 125 %,,-125.0,125.0,1.0,-125.0,0,7,8,8,100 ms
2290,Aux Valve 11 Retract Port Estimated Flow,AV11EF,%,-125 to 125 %,,-125.0,125.0,1.0,-125.0,8,15,8,8,100 ms
2291,Aux Valve 11 State,AV11EF,bit,0 to 15,,0.0,15.0,1.0,0.0,16,19,4,8,100 ms
2292,Aux Valve 11 Extend Port Pressure,AV11MF,psi,0.0 to 46596.99927595 psi,,0.0,46596.99927595,0.72518869,0.0,16,31,16,8,100 ms
2293,Aux Valve 11 Retract Port Pressure,AV11MF,psi,0.0 to 46596.99927595 psi,,0.0,46596.99927595,0.72518869,0.0,32,47,16,8,100 ms
2294,Aux Valve 11 Return Port Pressure,AV11MF,psi,0.0 to 580.150952 psi,,0.0,580.150952,2.320603808,0.0,48,55,8,8,100 ms
2295,Aux Valve 11 Port Flow Command,AV11C,%,0 to 100 %,,0.0,100.0,0.4,0.0,0,7,8,8,"Minimum rate of 1 second between messages for each valve or when a parameter is required to change state.

??? What's the fastest Rate > or < 100 ms ??"
2296,Aux Valve 11 State Command,AV11C,bit,0 to 15,,0.0,15.0,1.0,0.0,16,19,4,8,"Minimum rate of 1 second between messages for each valve or when a parameter is required to change state.

??? What's the fastest Rate > or < 100 ms ??"
2297,Aux Valve 11 Fail Safe Mode Command,AV11C,bit,0 to 3,,0.0,3.0,1.0,0.0,22,23,2,8,"Minimum rate of 1 second between messages for each valve or when a parameter is required to change state.

??? What's the fastest Rate > or < 100 ms ??"
2298,Aux Valve 11 Fail Safe Mode,AV11EF,bit,0 to 3,,0.0,3.0,1.0,0.0,22,23,2,8,100 ms
2299,Aux Valve 12 Extend Port Measured Flow,AV12MF,%,-125 to 125 %,,-125.0,125.0,1.0,-125.0,0,7,8,8,100 ms
2300,Aux Valve 12 Retract Port Measured Flow,AV12MF,%,-125 to 125 %,,-125.0,125.0,1.0,-125.0,8,15,8,8,100 ms
2301,Aux Valve 12 Extend Port Estimated Flow,AV12EF,%,-125 to 125 %,,-125.0,125.0,1.0,-125.0,0,7,8,8,100 ms
2302,Aux Valve 12 Retract Port Estimated Flow,AV12EF,%,-125 to 125 %,,-125.0,125.0,1.0,-125.0,8,15,8,8,100 ms
2303,Aux Valve 12 State,AV12EF,bit,0 to 15,,0.0,15.0,1.0,0.0,16,19,4,8,100 ms
2304,Aux Valve 12 Extend Port Pressure,AV12MF,psi,0.0 to 46596.99927595 psi,,0.0,46596.99927595,0.72518869,0.0,16,31,16,8,100 ms
2305,Aux Valve 12 Retract Port Pressure,AV12MF,psi,0.0 to 46596.99927595 psi,,0.0,46596.99927595,0.72518869,0.0,32,47,16,8,100 ms
2306,Aux Valve 12 Return Port Pressure,AV12MF,psi,0.0 to 580.150952 psi,,0.0,580.150952,2.320603808,0.0,48,55,8,8,100 ms
2307,Aux Valve 12 Port Flow Command,AV12C,%,0 to 100 %,,0.0,100.0,0.4,0.0,0,7,8,8,"Minimum rate of 1 second between messages for each valve or when a parameter is required to change state.

??? What's the fastest Rate > or < 100 ms ??"
2308,Aux Valve 12 State Command,AV12C,bit,0 to 15,,0.0,15.0,1.0,0.0,16,19,4,8,"Minimum rate of 1 second between messages for each valve or when a parameter is required to change state.

??? What's the fastest Rate > or < 100 ms ??"
2309,Aux Valve 12 Fail Safe Mode Command,AV12C,bit,0 to 3,,0.0,3.0,1.0,0.0,22,23,2,8,"Minimum rate of 1 second between messages for each valve or when a parameter is required to change state.

??? What's the fastest Rate > or < 100 ms ??"
2310,Aux Valve 12 Fail Safe Mode,AV12EF,bit,0 to 3,,0.0,3.0,1.0,0.0,22,23,2,8,100 ms
2311,Aux Valve 13 Extend Port Measured Flow,AV13MF,%,-125 to 125 %,,-125.0,125.0,1.0,-125.0,0,7,8,8,100 ms
2312,Aux Valve 13 Retract Port Measured Flow,AV13MF,%,-125 to 125 %,,-125.0,125.0,1.0,-125.0,8,15,8,8,100 ms
2313,Aux Valve 13 Extend Port Estimated Flow,AV13EF,%,-125 to 125 %,,-125.0,125.0,1.0,-125.0,0,7,8,8,100 ms
2314,Aux Valve 13 Retract Port Estimated Flow,AV13EF,%,-125 to 125 %,,-125.0,125.0,1.0,-125.0,8,15,8,8,100 ms
2315,Aux Valve 13 State,AV13EF,bit,0 to 15,,0.0,15.0,1.0,0.0,16,19,4,8,100 ms
2316,Aux Valve 13 Extend Port Pressure,AV13MF,psi,0.0 to 46596.99927595 psi,,0.0,46596.99927595,0.72518869,0.0,16,31,16,8,100 ms
2317,Aux Valve 13 Retract Port Pressure,AV13MF,psi,0.0 to 46596.99927595 psi,,0.0,46596.99927595,0.72518869,0.0,32,47,16,8,100 ms
2318,Aux Valve 13 Return Port Pressure,AV13MF,psi,0.0 to 580.150952 psi,,0.0,580.150952,2.320603808,0.0,48,55,8,8,100 ms
2319,Aux Valve 13 Port Flow Command,AV13C,%,0 to 100 %,,0.0,100.0,0.4,0.0,0,7,8,8,"Minimum rate of 1 second between messages for each valve or when a parameter is required to change state.

??? What's the fastest Rate > or < 100 ms ??"
2320,Aux Valve 13 State Command,AV13C,bit,0 to 15,,0.0,15.0,1.0,0.0,16,19,4,8,"Minimum rate of 1 second between messages for each valve or when a parameter is required to change state.

??? What's the fastest Rate > or < 100 ms ??"
2321,Aux Valve 13 Fail Safe Mode Command,AV13C,bit,0 to 3,,0.0,3.0,1.0,0.0,22,23,2,8,"Minimum rate of 1 second between messages for each valve or when a parameter is required to change state.

??? What's the fastest Rate > or < 100 ms ??"
2322,Aux Valve 13 Fail Safe Mode,AV13EF,bit,0 to 3,,0.0,3.0,1.0,0.0,22,23,2,8,100 ms
2323,Aux Valve 14 Extend Port Measured Flow,AV14MF,%,-125 to 125 %,,-125.0,125.0,1.0,-125.0,0,7,8,8,100 ms
2324,Aux Valve 14 Retract Port Measured Flow,AV14MF,%,-125 to 125 %,,-125.0,125.0,1.0,-125.0,8,15,8,8,100 ms
2325,Aux Valve 14 Extend Port Estimated Flow,AV14EF,%,-125 to 125 %,,-125.0,125.0,1.0,-125.0,0,7,8,8,100 ms
2326,Aux Valve 14 Retract Port Estimated Flow,AV14EF,%,-125 to 125 %,,-125.0,125.0,1.0,-125.0,8,15,8,8,100 ms
2327,Aux Valve 14 State,AV14EF,bit,0 to 15,,0.0,15.0,1.0,0.0,16,19,4,8,100 ms
2328,Aux Valve 14 Extend Port Pressure,AV14MF,psi,0.0 to 46596.99927595 psi,,0.0,46596.99927595,0.72518869,0.0,16,31,16,8,100 ms
2329,Aux Valve 14 Retract Port Pressure,AV14MF,psi,0.0 to 46596.99927595 psi,,0.0,46596.99927595,0.72518869,0.0,32,47,16,8,100 ms
233,Unit Number (Power Unit),CI,ASCII,0 to 255 per byte,,0.0,255.0,-2.0,0.0,-1,-4,1600,Variable,On request
2330,Aux Valve 14 Return Port Pressure,AV14MF,psi,0.0 to 580.150952 psi,,0.0,580.150952,2.320603808,0.0,48,55,8,8,100 ms
2331,Aux Valve 14 Port Flow Command,AV14C,%,0 to 100 %,,0.0,100.0,0.4,0.0,0,7,8,8,"Minimum rate of 1 second between messages for each valve or when a parameter is required to change state.

??? What's the fastest Rate > or < 100 ms ??"
2332,Aux Valve 14 State Command,AV14C,bit,0 to 15,,0.0,15.0,1.0,0.0,16,19,4,8,"Minimum rate of 1 second between messages for each valve or when a parameter is required to change state.

??? What's the fastest Rate > or < 100 ms ??"
2333,Aux Valve 14 Fail Safe Mode Command,AV14C,bit,0 to 3,,0.0,3.0,1.0,0.0,22,23,2,8,"Minimum rate of 1 second between messages for each valve or when a parameter is required to change state.

??? What's the fastest Rate > or < 100 ms ??"
2334,Aux Valve 14 Fail Safe Mode,AV14EF,bit,0 to 3,,0.0,3.0,1.0,0.0,22,23,2,8,100 ms
2335,Aux Valve 15 Extend Port Measured Flow,AV15MF,%,-125 to 125 %,,-125.0,125.0,1.0,-125.0,0,7,8,8,100 ms
2336,Aux Valve 15 Retract Port Measured Flow,AV15MF,%,-125 to 125 %,,-125.0,125.0,1.0,-125.0,8,15,8,8,100 ms
2337,Aux Valve 15 Extend Port Estimated Flow,AV15EF,%,-125 to 125 %,,-125.0,125.0,1.0,-125.0,0,7,8,8,100 ms
2338,Aux Valve 15 Retract Port Estimated Flow,AV15EF,%,-125 to 125 %,,-125.0,125.0,1.0,-125.0,8,15,8,8,100 ms
2339,Aux Valve 15 State,AV15EF,bit,0 to 15,,0.0,15.0,1.0,0.0,16,19,4,8,100 ms
234,Software Identification,SOFT,ASCII,0 to 255 per byte,,0.0,255.0,-2.0,0.0,1,-1,1600,Variable,On request
2340,Aux Valve 15 Extend Port Pressure,AV15MF,psi,0.0 to 46596.99927595 psi,,0.0,46596.99927595,0.72518869,0.0,16,31,16,8,100 ms
2341,Aux Valve 15 Retract Port Pressure,AV15MF,psi,0.0 to 46596.99927595 psi,,0.0,46596.99927595,0.72518869,0.0,32,47,16,8,100 ms
2342,Aux Valve 15 Return Port Pressure,AV15MF,psi,0.0 to 580.150952 psi,,0.0,580.150952,2.320603808,0.0,48,55,8,8,100 ms
2343,Aux Valve 15 Port Flow Command,AV15C,%,0 to 100 %,,0.0,100.0,0.4,0.0,0,7,8,8,"Minimum rate of 1 second between messages for each valve or when a parameter is required to change state.

??? What's the fastest Rate > or < 100 ms ??"
2344,Aux Valve 15 State Command,AV15C,bit,0 to 15,,0.0,15.0,1.0,0.0,16,19,4,8,"Minimum rate of 1 second between messages for each valve or when a parameter is required to change state.

??? What's the fastest Rate > or < 100 ms ??"
2345,Aux Valve 15 Fail Safe Mode Command,AV15C,bit,0 to 3,,0.0,3.0,1.0,0.0,22,23,2,8,"Minimum rate of 1 second between messages for each valve or when a parameter is required to change state.

??? What's the fastest Rate > or < 100 ms ??"
2346,Aux Valve 15 Fail Safe Mode,AV15EF,bit,0 to 3,,0.0,3.0,1.0,0.0,22,23,2,8,100 ms
2347,High Beam Head Light Command,LCMD,bit,0 to 3,,0.0,3.0,1.0,0.0,6,7,2,8,Every 1 s and on change of state but no faster than every 100 ms
2348,High Beam Head Light Data,LD,bit,0 to 3,,0.0,3.0,1.0,0.0,6,7,2,8,As requested.
2349,Low Beam Head Light Command,LCMD,bit,0 to 3,,0.0,3.0,1.0,0.0,4,5,2,8,Every 1 s and on change of state but no faster than every 100 ms
235,Engine Total Idle Hours,IO,hours,"0 to 210,554,060.75 hr",,0.0,210554060.75,0.05,0.0,32,63,32,Variable,On request
2350,Low Beam Head Light Data,LD,bit,0 to 3,,0.0,3.0,1.0,0.0,4,5,2,8,As requested.
2351,Alternate Beam Head Light Command,LCMD,bit,0 to 3,,0.0,3.0,1.0,0.0,2,3,2,8,Every 1 s and on change of state but no faster than every 100 ms
2352,Alternate Beam Head Light Data,LD,bit,0 to 3,,0.0,3.0,1.0,0.0,2,3,2,8,As requested.
2353,Tractor Front Low Mounted Work Lights Command,LCMD,bit,0 to 3,,0.0,3.0,1.0,0.0,44,45,2,8,Every 1 s and on change of state but no faster than every 100 ms
2354,Tractor Front Low Mounted Work Lights,LD,bit,0 to 3,,0.0,3.0,1.0,0.0,44,45,2,8,As requested.
2355,Tractor Front High Mounted Work Lights Command,LCMD,bit,0 to 3,,0.0,3.0,1.0,0.0,46,47,2,8,Every 1 s and on change of state but no faster than every 100 ms
2356,Tractor Front High Mounted Work Lights,LD,bit,0 to 3,,0.0,3.0,1.0,0.0,46,47,2,8,As requested.
2357,Tractor Underside Mounted Work Lights Command,LCMD,bit,0 to 3,,0.0,3.0,1.0,0.0,34,35,2,8,Every 1 s and on change of state but no faster than every 100 ms
2358,Tractor Underside Mounted Work Lights,LD,bit,0 to 3,,0.0,3.0,1.0,0.0,34,35,2,8,As requested.
2359,Tractor Rear Low Mounted Work Lights Command,LCMD,bit,0 to 3,,0.0,3.0,1.0,0.0,36,37,2,8,Every 1 s and on change of state but no faster than every 100 ms
236,Engine Total Idle Fuel Used,IO,gallons,0 to 556224873.36449 US Gal,,0.0,556224873.36449,0.132086,0.0,0,31,32,Variable,On request
2360,Tractor Rear Low Mounted Work Lights,LD,bit,0 to 3,,0.0,3.0,1.0,0.0,36,37,2,8,As requested.
2361,Tractor Rear High Mounted Work Lights Command,LCMD,bit,0 to 3,,0.0,3.0,1.0,0.0,38,39,2,8,Every 1 s and on change of state but no faster than every 100 ms
2362,Tractor Rear High Mounted Work Lights,LD,bit,0 to 3,,0.0,3.0,1.0,0.0,38,39,2,8,As requested.
2363,Tractor Side Low Mounted Work Lights Command,LCMD,bit,0 to 3,,0.0,3.0,1.0,0.0,40,41,2,8,Every 1 s and on change of state but no faster than every 100 ms
2364,Tractor Side Low Mounted Work Lights,LD,bit,0 to 3,,0.0,3.0,1.0,0.0,40,41,2,8,As requested.
2365,Tractor Side High Mounted Work Lights Command,LCMD,bit,0 to 3,,0.0,3.0,1.0,0.0,42,43,2,8,Every 1 s and on change of state but no faster than every 100 ms
2366,Tractor Side High Mounted Work Lights,LD,bit,0 to 3,,0.0,3.0,1.0,0.0,42,43,2,8,As requested.
2367,Left Turn Signal Lights Command,LCMD,bit,0 to 3,,0.0,3.0,1.0,0.0,14,15,2,8,Every 1 s and on change of state but no faster than every 100 ms
2368,Left Turn Signal Lights,LD,bit,0 to 3,,0.0,3.0,1.0,0.0,14,15,2,8,As requested.
2369,Right Turn Signal Lights Command,LCMD,bit,0 to 3,,0.0,3.0,1.0,0.0,12,13,2,8,Every 1 s and on change of state but no faster than every 100 ms
237,Vehicle Identification Number,VI,ASCII,0 to 255 per byte,,0.0,255.0,-2.0,0.0,0,1599,1600,Variable,On request
2370,Right Turn Signal Lights,LD,bit,0 to 3,,0.0,3.0,1.0,0.0,12,13,2,8,As requested.
2371,Left Stop Light Command,LCMD,bit,0 to 3,,0.0,3.0,1.0,0.0,22,23,2,8,Every 1 s and on change of state but no faster than every 100 ms
2372,Left Stop Light,LD,bit,0 to 3,,0.0,3.0,1.0,0.0,22,23,2,8,As requested.
2373,Right Stop Light Command,LCMD,bit,0 to 3,,0.0,3.0,1.0,0.0,20,21,2,8,Every 1 s and on change of state but no faster than every 100 ms
2374,Right Stop Light,LD,bit,0 to 3,,0.0,3.0,1.0,0.0,20,21,2,8,As requested.
2375,Center Stop Light Command,LCMD,bit,0 to 3,,0.0,3.0,1.0,0.0,18,19,2,8,Every 1 s and on change of state but no faster than every 100 ms
2376,Center Stop Light,LD,bit,0 to 3,,0.0,3.0,1.0,0.0,18,19,2,8,As requested.
2377,Tractor Marker Light Command,LCMD,bit,0 to 3,,0.0,3.0,1.0,0.0,30,31,2,8,Every 1 s and on change of state but no faster than every 100 ms
2378,Tractor Marker Light,LD,bit,0 to 3,,0.0,3.0,1.0,0.0,30,31,2,8,As requested.
2379,Implement Marker Light Command,LCMD,bit,0 to 3,,0.0,3.0,1.0,0.0,28,29,2,8,Every 1 s and on change of state but no faster than every 100 ms
2380,Implement Marker Light,LD,bit,0 to 3,,0.0,3.0,1.0,0.0,28,29,2,8,As requested.
2381,Tractor Clearance Light Command,LCMD,bit,0 to 3,,0.0,3.0,1.0,0.0,26,27,2,8,Every 1 s and on change of state but no faster than every 100 ms
2382,Tractor Clearance Light,LD,bit,0 to 3,,0.0,3.0,1.0,0.0,26,27,2,8,As requested.
2383,Implement Clearance Light Command,LCMD,bit,0 to 3,,0.0,3.0,1.0,0.0,24,25,2,8,Every 1 s and on change of state but no faster than every 100 ms
2384,Implement Clearance Light,LD,bit,0 to 3,,0.0,3.0,1.0,0.0,24,25,2,8,As requested.
2385,Rotating Beacon Light Command,LCMD,bit,0 to 3,,0.0,3.0,1.0,0.0,10,11,2,8,Every 1 s and on change of state but no faster than every 100 ms
2386,Rotating Beacon Light,LD,bit,0 to 3,,0.0,3.0,1.0,0.0,10,11,2,8,As requested.
2387,Tractor Front Fog Lights Command,LCMD,bit,0 to 3,,0.0,3.0,1.0,0.0,8,9,2,8,Every 1 s and on change of state but no faster than every 100 ms
2388,Tractor Front Fog Lights,LD,bit,0 to 3,,0.0,3.0,1.0,0.0,8,9,2,8,As requested.
2389,Rear Fog Light Command,LCMD,bit,0 to 3,,0.0,3.0,1.0,0.0,32,33,2,8,Every 1 s and on change of state but no faster than every 100 ms
2390,Rear Fog Lights,LD,bit,0 to 3,,0.0,3.0,1.0,0.0,32,33,2,8,As requested.
2391,Back Up Light and Alarm Horn Command,LCMD,bit,0 to 3,,0.0,3.0,1.0,0.0,16,17,2,8,Every 1 s and on change of state but no faster than every 100 ms
2392,Back Up Light and Alarm Horn,LD,bit,0 to 3,,0.0,3.0,1.0,0.0,16,17,2,8,As requested.
2393,Lighting Data Request Command,LCMD,bit,0 to 3,,0.0,3.0,1.0,0.0,56,57,2,8,Every 1 s and on change of state but no faster than every 100 ms
2394,Implement Rear Work Light,LD,bit,0 to 3,,0.0,3.0,1.0,0.0,62,63,2,8,As requested.
2395,Implement OEM Option 1 Light Command,LCMD,bit,0 to 3,,0.0,3.0,1.0,0.0,50,51,2,8,Every 1 s and on change of state but no faster than every 100 ms
2396,Implement OEM Option 1 Light,LD,bit,0 to 3,,0.0,3.0,1.0,0.0,50,51,2,8,As requested.
2397,Implement OEM Option 2 Light Command,LCMD,bit,0 to 3,,0.0,3.0,1.0,0.0,48,49,2,8,Every 1 s and on change of state but no faster than every 100 ms
2398,Implement OEM Option 2 Light,LD,bit,0 to 3,,0.0,3.0,1.0,0.0,48,49,2,8,As requested.
2399,Implement Left Facing Work Light Command,LCMD,bit,0 to 3,,0.0,3.0,1.0,0.0,60,61,2,8,Every 1 s and on change of state but no faster than every 100 ms
2400,Implement Left Facing Work Light,LD,bit,0 to 3,,0.0,3.0,1.0,0.0,60,61,2,8,As requested.
2401,Implement Right Forward Work Light Command,LCMD,bit,0 to 3,,0.0,3.0,1.0,0.0,58,59,2,8,Every 1 s and on change of state but no faster than every 100 ms
2402,Implement Right Forward Work Light,LD,bit,0 to 3,,0.0,3.0,1.0,0.0,58,59,2,8,As requested.
2403,Running Light Command,LCMD,bit,0 to 3,,0.0,3.0,1.0,0.0,0,1,2,8,Every 1 s and on change of state but no faster than every 100 ms
2404,Running Light,LD,bit,0 to 3,,0.0,3.0,1.0,0.0,0,1,2,8,As requested.
2405,Implement Rear Work Light Command,LCMD,bit,0 to 3,,0.0,3.0,1.0,0.0,62,63,2,8,Every 1 s and on change of state but no faster than every 100 ms
2406,Implement Right Facing Work Light Command,LCMD,bit,0 to 3,,0.0,3.0,1.0,0.0,52,53,2,8,Every 1 s and on change of state but no faster than every 100 ms
2407,Implement Right Facing Work Light,LD,bit,0 to 3,,0.0,3.0,1.0,0.0,52,53,2,8,As requested.
2408,Rear Power Take Off Engagement,RPTO,bit,0 to 3,,0.0,3.0,1.0,0.0,38,39,2,8,"100ms when engage, otherwise on request"
2409,Number of Members in Working Set,WSMSTR,count,0 to 250,,0.0,250.0,1.0,0.0,0,7,8,8,As Required
241,Tire Pressure,TIRE,psi,0.0 to 145.037738 psi,,0.0,145.037738,0.580150952,0.0,8,15,8,8,10 s
2410,Language Code Command,LC,ASCII,0 to 255 per byte,,0.0,255.0,-2.0,0.0,0,15,16,8,On system initialisation and on request
2411,Decimal Symbol Command,LC,bit,0 to 3,,0.0,3.0,1.0,0.0,22,23,2,8,On system initialisation and on request
2412,Date Command,LC,binary,0 to 255,,0.0,255.0,1.0,0.0,24,31,8,8,On system initialisation and on request
2413,Time Command,LC,bit,0 to 3,,0.0,3.0,1.0,0.0,20,21,2,8,On system initialisation and on request
2414,Distance Unit Command,LC,bit,0 to 3,,0.0,3.0,1.0,0.0,38,39,2,8,On system initialisation and on request
2415,Area Unit Command,LC,bit,0 to 3,,0.0,3.0,1.0,0.0,36,37,2,8,On system initialisation and on request
2416,Volume Unit Command,LC,bit,0 to 3,,0.0,3.0,1.0,0.0,34,35,2,8,On system initialisation and on request
2417,Mass Unit Command,LC,bit,0 to 3,,0.0,3.0,1.0,0.0,32,33,2,8,On system initialisation and on request
2418,Repetition Rate Parameter,RESRR,ms,0 to 64.255 s,,0.0,64.255,1.0,0.0,24,39,16,8,On request
2419,Data Format/Error Condition,RESRR,bit,0 to 3,,0.0,3.0,1.0,0.0,45,46,2,8,On request
242,Tire Temperature,TIRE,deg F,-459.40000000000003 to 3154.94375 deg F,,-459.40000000000003,3154.94375,0.05625,-459.40000000000003,16,31,16,8,10 s
2420,Process Data Type,RESRR,bit,0 to 3,,0.0,3.0,1.0,0.0,43,44,2,8,On request
2421,Process Data Modifier,RESRR,bit,0 to 7,,0.0,7.0,1.0,0.0,40,42,3,8,On request
2422,Count Number,PD,count,0 to 255,,0.0,255.0,1.0,0.0,8,15,8,8,As Events Require
2425,Implement Type,RESRR,bit,0 to 15,,0.0,15.0,1.0,0.0,52,55,4,8,On request
2426,Implement Position,RESRR,bit,0 to 15,,0.0,15.0,1.0,0.0,48,51,4,8,On request
2427,Data Dictionary Row,RESRR,bit,0 to 15,,0.0,15.0,1.0,0.0,60,63,4,8,On request
2428,Data Dictionary Column,RESRR,bit,0 to 15,,0.0,15.0,1.0,0.0,56,59,4,8,On request
2429,Process Variable Value,PD,VariantDetermined,Variant Determined,,-1.0,-1.0,-1.0,0.0,32,63,32,8,As Events Require
2432,Engine Demand - Percent Torque,EEC1,%,-125 to 125 %,-125 to +125%,-125.0,125.0,1.0,-125.0,56,63,8,8,engine speed dependent
2433,Engine Exhaust Gas Temperature - Right Manifold,ET,deg F,-459.40000000000003 to 3154.94375 deg F,,-459.40000000000003,3154.94375,0.05625,-459.40000000000003,0,15,16,8,0.5 s
2434,Engine Exhaust Gas Temperature - Left Manifold,ET,deg F,-459.40000000000003 to 3154.94375 deg F,,-459.40000000000003,3154.94375,0.05625,-459.40000000000003,16,31,16,8,0.5 s
2435,Sea Water Pump Outlet Pressure,EAC,psi,0.0 to 72.518869 psi,,0.0,72.518869,0.290075476,0.0,16,23,8,8,0.5 s
2436,Generator Average AC Frequency,GAAC,Hz,0 to 501.9921875 Hz,,0.0,501.9921875,1.0,0.0,32,47,16,8,100 ms
2437,Generator Phase A AC Frequency,GPAAC,Hz,0 to 501.9921875 Hz,,0.0,501.9921875,1.0,0.0,32,47,16,8,100 ms
2438,Generator Phase B AC Frequency,GPBAC,Hz,0 to 501.9921875 Hz,,0.0,501.9921875,1.0,0.0,32,47,16,8,100 ms
2439,Generator Phase C AC Frequency,GPCAC,Hz,0 to 501.9921875 Hz,,0.0,501.9921875,1.0,0.0,32,47,16,8,100 ms
244,Trip Distance,VD,miles,0.0 to 327080468.2212549 mile,,0.0,327080468.2212549,0.077671375,0.0,0,31,32,8,100 ms
2440,Generator Average Line-Line AC RMS Voltage,GAAC,Volts,"0 to 64,255 Volts",,0.0,64255.0,1.0,0.0,0,15,16,8,100 ms
2441,Generator Phase AB Line-Line AC RMS Voltage,GPAAC,Volts,"0 to 64,255 Volts",,0.0,64255.0,1.0,0.0,0,15,16,8,100 ms
2442,Generator Phase BC Line-Line AC RMS Voltage,GPBAC,Volts,"0 to 64,255 Volts",,0.0,64255.0,1.0,0.0,0,15,16,8,100 ms
2443,Generator Phase CA Line-Line AC RMS Voltage,GPCAC,Volts,"0 to 64,255 Volts",,0.0,64255.0,1.0,0.0,0,15,16,8,100 ms
2444,Generator Average Line-Neutral AC RMS Voltage,GAAC,Volts,"0 to 64,255 Volts",,0.0,64255.0,1.0,0.0,16,31,16,8,100 ms
2445,Generator Phase A Line-Neutral AC RMS Voltage,GPAAC,Volts,"0 to 64,255 Volts",,0.0,64255.0,1.0,0.0,16,31,16,8,100 ms
2446,Generator Phase B Line-Neutral AC RMS Voltage,GPBAC,Volts,"0 to 64,255 Volts",,0.0,64255.0,1.0,0.0,16,31,16,8,100 ms
2447,Generator Phase C Line-Neutral AC RMS Voltage,GPCAC,Volts,"0 to 64,255 Volts",,0.0,64255.0,1.0,0.0,16,31,16,8,100 ms
2448,Generator Average AC RMS Current,GAAC,Amps,"0 to 64,255 Amps",,0.0,64255.0,1.0,0.0,48,63,16,8,100 ms
2449,Generator Phase A AC RMS Current,GPAAC,Amps,"0 to 64,255 Amps",,0.0,64255.0,1.0,0.0,48,63,16,8,100 ms
245,Total Vehicle Distance,VD,miles,0.0 to 327080468.2212549 mile,,0.0,327080468.2212549,0.077671375,0.0,32,63,32,8,100 ms
2450,Generator Phase B AC RMS Current,GPBAC,Amps,"0 to 64,255 Amps",,0.0,64255.0,1.0,0.0,48,63,16,8,100 ms
2451,Generator Phase C AC RMS Current,GPCAC,Amps,"0 to 64,255 Amps",,0.0,64255.0,1.0,0.0,48,63,16,8,100 ms
2452,Generator Total Real Power,GTACP,W,"-2,000,000,000 to +2,211,081,215 Watts",,-2000000000.0,2211081215.0,1.0,-2000000000.0,0,31,32,8,100 ms
2453,Generator Phase A Real Power,GPAACP,W,"-2,000,000,000 to +2,211,081,215 Watts",,-2000000000.0,2211081215.0,1.0,-2000000000.0,0,31,32,8,100 ms
2454,Generator Phase B Real Power,GPBACP,W,"-2,000,000,000 to +2,211,081,215 Watts",,-2000000000.0,2211081215.0,1.0,-2000000000.0,0,31,32,8,100 ms
2455,Generator Phase C Real Power,GPCACP,W,"-2,000,000,000 to +2,211,081,215 Watts",,-2000000000.0,2211081215.0,1.0,-2000000000.0,0,31,32,8,100 ms
2456,Generator Total Reactive Power,GTACR,VAr,"-2,000,000,000 to +2,211,081,215 VAr",,-2000000000.0,2211081215.0,1.0,-2000000000.0,0,31,32,8,100 ms
2457,Generator Phase A Reactive Power,GPAACR,VAr,"-2,000,000,000 to +2,211,081,215 VAr",,-2000000000.0,2211081215.0,1.0,-2000000000.0,0,31,32,8,100 ms
2458,Generator Phase B Reactive Power,GPBACRP,VAr,"-2,000,000,000 to +2,211,081,215 VAr",,-2000000000.0,2211081215.0,1.0,-2000000000.0,0,31,32,8,100 ms
2459,Generator Phase C Reactive Power,GPCACR,VAr,"-2,000,000,000 to +2,211,081,215 VAr",,-2000000000.0,2211081215.0,1.0,-2000000000.0,0,31,32,8,100 ms
246,Total Vehicle Hours,VH,hours,"0 to 210,554,060.75 hr",,0.0,210554060.75,0.05,0.0,0,31,32,8,On request
2460,Generator Total Apparent Power,GTACP,VA,"-2,000,000,000 to +2,211,081,215 VA",,-2000000000.0,2211081215.0,1.0,-2000000000.0,32,63,32,8,100 ms
2461,Generator Phase A Apparent Power,GPAACP,VA,"-2,000,000,000 to +2,211,081,215 VA",,-2000000000.0,2211081215.0,1.0,-2000000000.0,32,63,32,8,100 ms
2462,Generator Phase B Apparent Power,GPBACP,VA,"-2,000,000,000 to +2,211,081,215 VA",,-2000000000.0,2211081215.0,1.0,-2000000000.0,32,63,32,8,100 ms
2463,Generator Phase C Apparent Power,GPCACP,VA,"-2,000,000,000 to +2,211,081,215 VA",,-2000000000.0,2211081215.0,1.0,-2000000000.0,32,63,32,8,100 ms
2464,Generator Overall Power Factor,GTACR,,-1.00000 to +2.921814,-1 to +1,-1.0,1.0,1.0,-1.0,32,47,16,8,100 ms
2465,Generator Phase A Power Factor,GPAACR,,-1.00000 to +2.921814,-1 to +1,-1.0,1.0,1.0,-1.0,32,47,16,8,100 ms
2466,Generator Phase B Power Factor,GPBACRP,,-1.00000 to +2.921814,-1 to +1,-1.0,1.0,1.0,-1.0,32,47,16,8,100 ms
2467,Generator Phase C Power Factor,GPCACR,,-1.00000 to +2.921814,-1 to +1,-1.0,1.0,1.0,-1.0,32,47,16,8,100 ms
2468,Generator Total kW Hours Export,GTACE,kWh,0 to 4211081215 kWh,,0.0,4211081215.0,1.0,0.0,0,31,32,8,100 ms
2469,Generator Total kW Hours Import,GTACE,kWh,0 to 4211081215 kWh,,0.0,4211081215.0,1.0,0.0,32,63,32,8,100 ms
247,Engine Total Hours of Operation,HOURS,hours,"0 to 210,554,060.75 hr",,0.0,210554060.75,0.05,0.0,0,31,32,8,On request
2470,Utility Average AC Frequency,UAAC,Hz,0 to 501.9921875 Hz,,0.0,501.9921875,1.0,0.0,32,47,16,8,100 ms
2471,Utility Phase A AC Frequency,UPAAC,Hz,0 to 501.9921875 Hz,,0.0,501.9921875,1.0,0.0,32,47,16,8,100 ms
2472,Utility Phase B AC Frequency,UPBAC,Hz,0 to 501.9921875 Hz,,0.0,501.9921875,1.0,0.0,32,47,16,8,100 ms
2473,Utility Phase C AC Frequency,UPCAC,Hz,0 to 501.9921875 Hz,,0.0,501.9921875,1.0,0.0,32,47,16,8,100 ms
2474,Utility Average Line-Line AC RMS Voltage,UAAC,Volts,"0 to 64,255 Volts",,0.0,64255.0,1.0,0.0,0,15,16,8,100 ms
2475,Utility Phase AB Line-Line AC RMS Voltage,UPAAC,Volts,"0 to 64,255 Volts",,0.0,64255.0,1.0,0.0,0,15,16,8,100 ms
2476,Utility Phase BC Line-Line AC RMS Voltage,UPBAC,Volts,"0 to 64,255 Volts",,0.0,64255.0,1.0,0.0,0,15,16,8,100 ms
2477,Utility Phase CA Line-Line AC RMS Voltage,UPCAC,Volts,"0 to 64,255 Volts",,0.0,64255.0,1.0,0.0,0,15,16,8,100 ms
2478,Utility Average Line-Neutral AC RMS Voltage,UAAC,Volts,"0 to 64,255 Volts",,0.0,64255.0,1.0,0.0,16,31,16,8,100 ms
2479,Utility Phase A Line-Neutral AC RMS Voltage,UPAAC,Volts,"0 to 64,255 Volts",,0.0,64255.0,1.0,0.0,16,31,16,8,100 ms
248,Total Power Takeoff Hours,VH,hours,"0 to 210,554,060.75 hr",,0.0,210554060.75,0.05,0.0,32,63,32,8,On request
2480,Utility Phase B Line-Neutral AC RMS Voltage,UPBAC,Volts,"0 to 64,255 Volts",,0.0,64255.0,1.0,0.0,16,31,16,8,100 ms
2481,Utility Phase C Line-Neutral AC RMS Voltage,UPCAC,Volts,"0 to 64,255 Volts",,0.0,64255.0,1.0,0.0,16,31,16,8,100 ms
2482,Utility Average AC RMS Current,UAAC,Amps,"0 to 64,255 Amps",,0.0,64255.0,1.0,0.0,48,63,16,8,100 ms
2483,Utility Phase A AC RMS Current,UPAAC,Amps,"0 to 64,255 Amps",,0.0,64255.0,1.0,0.0,48,63,16,8,100 ms
2484,Utility Phase B AC RMS Current,UPBAC,Amps,"0 to 64,255 Amps",,0.0,64255.0,1.0,0.0,48,63,16,8,100 ms
2485,Utility Phase C AC RMS Current,UPCAC,Amps,"0 to 64,255 Amps",,0.0,64255.0,1.0,0.0,48,63,16,8,100 ms
2486,Utility Total Real Power,UTACP,W,"-2,000,000,000 to +2,211,081,215 Watts",,-2000000000.0,2211081215.0,1.0,-2000000000.0,0,31,32,8,100 ms
2487,Utility Phase A Real Power,UPAACP,W,"-2,000,000,000 to +2,211,081,215 Watts",,-2000000000.0,2211081215.0,1.0,-2000000000.0,0,31,32,8,100 ms
2488,Utility Phase B Real Power,UPBACP,W,"-2,000,000,000 to +2,211,081,215 Watts",,-2000000000.0,2211081215.0,1.0,-2000000000.0,0,31,32,8,100 ms
2489,Utility Phase C Real Power,UPCACP,W,"-2,000,000,000 to +2,211,081,215 Watts",,-2000000000.0,2211081215.0,1.0,-2000000000.0,0,31,32,8,100 ms
249,Engine Total Revolutions,HOURS,r,"0 to 4,211,081,215,000 r",,0.0,4211081215000.0,1000.0,0.0,32,63,32,8,On request
2490,Utility Total Reactive Power,UTACR,VAr,"-2,000,000,000 to +2,211,081,215 VAr",,-2000000000.0,2211081215.0,1.0,-2000000000.0,0,31,32,8,100 ms
2491,Utility Phase A Reactive Power,UPACCR,VAr,"-2,000,000,000 to +2,211,081,215 VAr",,-2000000000.0,2211081215.0,1.0,-2000000000.0,0,31,32,8,100 ms
2492,Utility Phase B Reactive Power,UPBACR,VAr,"-2,000,000,000 to +2,211,081,215 VAr",,-2000000000.0,2211081215.0,1.0,-2000000000.0,0,31,32,8,100 ms
2493,Utility Phase C Reactive Power,UPCACR,VAr,"-2,000,000,000 to +2,211,081,215 VAr",,-2000000000.0,2211081215.0,1.0,-2000000000.0,0,31,32,8,100 ms
2494,Utility Total Apparent Power,UTACP,VA,"-2,000,000,000 to +2,211,081,215 VA",,-2000000000.0,2211081215.0,1.0,-2000000000.0,32,63,32,8,100 ms
2495,Utility Phase A Apparent Power,UPAACP,VA,"-2,000,000,000 to +2,211,081,215 VA",,-2000000000.0,2211081215.0,1.0,-2000000000.0,32,63,32,8,100 ms
2496,Utility Phase B Apparent Power,UPBACP,VA,"-2,000,000,000 to +2,211,081,215 VA",,-2000000000.0,2211081215.0,1.0,-2000000000.0,32,63,32,8,100 ms
2497,Utility Phase C Apparent Power,UPCACP,VA,"-2,000,000,000 to +2,211,081,215 VA",,-2000000000.0,2211081215.0,1.0,-2000000000.0,32,63,32,8,100 ms
2498,Utility Overall Power Factor,UTACR,,-1.00000 to +2.921814,,-1.0,2.921814,1.0,-1.0,32,47,16,8,100 ms
2499,Utility Phase A Power Factor,UPACCR,,-1.00000 to +2.921814,,-1.0,2.921814,1.0,-1.0,32,47,16,8,100 ms
250,Engine Total Fuel Used,LFC,gallons,0.0 to 556224873.36449 US Gal,,0.0,556224873.36449,0.132086,0.0,32,63,32,8,On request
2500,Utility Phase B Power Factor,UPBACR,,-1.00000 to +2.921814,,-1.0,2.921814,1.0,-1.0,32,47,16,8,100 ms
2501,Utility Phase C Power Factor,UPCACR,,-1.00000 to +2.921814,,-1.0,2.921814,1.0,-1.0,32,47,16,8,100 ms
2502,Utility Total kW Hours Export,UTACE,kWh,0 to 4211081215 kWh,,0.0,4211081215.0,1.0,0.0,0,31,32,8,100 ms
2503,Utility Total kW Hours Import,UTACE,kWh,0 to 4211081215 kWh,,0.0,4211081215.0,1.0,0.0,32,63,32,8,100 ms
2504,Bus #1 Average AC Frequency,BAAC,Hz,0 to 501.9921875 Hz,,0.0,501.9921875,1.0,0.0,32,47,16,8,100 ms
2505,Bus #1 Phase A AC Frequency,BPAAC,Hz,0 to 501.9921875 Hz,,0.0,501.9921875,1.0,0.0,32,47,16,8,100 ms
2506,Bus #1 Phase B AC Frequency,BPBAC,Hz,0 to 501.9921875 Hz,,0.0,501.9921875,1.0,0.0,32,47,16,8,100 ms
2507,Bus #1 Phase C AC Frequency,BPCAC,Hz,0 to 501.9921875 Hz,,0.0,501.9921875,1.0,0.0,32,47,16,8,100 ms
2508,Bus #1 Average Line-Line AC RMS Voltage,BAAC,Volts,"0 to 64,255 Volts",,0.0,64255.0,1.0,0.0,0,15,16,8,100 ms
2509,Bus #1 Phase AB Line-Line AC RMS Voltage,BPAAC,Volts,"0 to 64,255 Volts",,0.0,64255.0,1.0,0.0,0,15,16,8,100 ms
2510,Bus #1 Phase BC Line-Line AC RMS Voltage,BPBAC,Volts,"0 to 64,255 Volts",,0.0,64255.0,1.0,0.0,0,15,16,8,100 ms
2511,Bus #1 Phase CA Line-Line AC RMS Voltage,BPCAC,Volts,"0 to 64,255 Volts",,0.0,64255.0,1.0,0.0,0,15,16,8,100 ms
2512,Bus #1 Average Line-Neutral AC RMS Voltage,BAAC,Volts,"0 to 64,255 Volts",,0.0,64255.0,1.0,0.0,16,31,16,8,100 ms
2513,Bus #1 Phase A Line-Neutral AC RMS Voltage,BPAAC,Volts,"0 to 64,255 Volts",,0.0,64255.0,1.0,0.0,16,31,16,8,100 ms
2514,Bus #1 Phase B Line-Neutral AC RMS Voltage,BPBAC,Volts,"0 to 64,255 Volts",,0.0,64255.0,1.0,0.0,16,31,16,8,100 ms
2515,Bus #1 Phase C Line-Neutral AC RMS Voltage,BPCAC,Volts,"0 to 64,255 Volts",,0.0,64255.0,1.0,0.0,16,31,16,8,100 ms
2516,Bus #1/Generator AC Phase Difference,BGSC,deg,-200 to 301.99 deg,,-200.0,301.99,1.0,-200.0,16,31,16,8,100 ms
2517,Bus #1/Utility AC Phase Difference,BUSC,deg,-200 to 301.99 deg,,-200.0,301.99,1.0,-200.0,16,31,16,8,100 ms
2518,Generator Overall Power Factor Lagging,GTACR,bit,0 to 3,,0.0,3.0,1.0,0.0,48,49,2,8,100 ms
2519,Generator Phase A Power Factor Lagging,GPAACR,bit,0 to 3,,0.0,3.0,1.0,0.0,48,49,2,8,100 ms
2520,Generator Phase B Power Factor Lagging,GPBACRP,bit,0 to 3,,0.0,3.0,1.0,0.0,48,49,2,8,100 ms
2521,Generator Phase C Power Factor Lagging,GPCACR,bit,0 to 3,,0.0,3.0,1.0,0.0,48,49,2,8,100 ms
2522,Utility Overall Power Factor Lagging,UTACR,bit,0 to 3,,0.0,3.0,1.0,0.0,48,49,2,8,100 ms
2523,Utility Phase A Power Factor Lagging,UPACCR,bit,0 to 3,,0.0,3.0,1.0,0.0,48,49,2,8,100 ms
2524,Utility Phase B Power Factor Lagging,UPBACR,bit,0 to 3,,0.0,3.0,1.0,0.0,48,49,2,8,100 ms
2525,Utility Phase C Power Factor Lagging,UPCACR,bit,0 to 3,,0.0,3.0,1.0,0.0,48,49,2,8,100 ms
2526,Bus #1/Generator Phase Match,BGSC,bit,0 to 3,,0.0,3.0,1.0,0.0,2,3,2,8,100 ms
2527,Bus #1/Generator Voltage Match,BGSC,bit,0 to 3,,0.0,3.0,1.0,0.0,6,7,2,8,100 ms
2528,Bus #1/Generator Frequency Match,BGSC,bit,0 to 3,,0.0,3.0,1.0,0.0,4,5,2,8,100 ms
2529,Bus #1/Generator In Sync,BGSC,bit,0 to 3,,0.0,3.0,1.0,0.0,8,9,2,8,100 ms
2530,Bus #1/Generator Dead Bus,BGSC,bit,0 to 3,,0.0,3.0,1.0,0.0,0,1,2,8,100 ms
2531,Bus #1/Utility Phase Match,BUSC,bit,0 to 3,,0.0,3.0,1.0,0.0,2,3,2,8,100 ms
2532,Bus #1/Utility Voltage Match,BUSC,bit,0 to 3,,0.0,3.0,1.0,0.0,6,7,2,8,100 ms
2533,Bus #1/Utility Frequency Match,BUSC,bit,0 to 3,,0.0,3.0,1.0,0.0,4,5,2,8,100 ms
2534,Bus #1/Utility In Sync,BUSC,bit,0 to 3,,0.0,3.0,1.0,0.0,8,9,2,8,100 ms
2535,Bus #1/Utility Dead Bus,BUSC,bit,0 to 3,,0.0,3.0,1.0,0.0,0,1,2,8,100 ms
2536,Transmission Mode 1 Indicator,ETC7,bit,0 to 3,,0.0,3.0,1.0,0.0,22,23,2,8,100 ms
2537,Transmission Mode 2 Indicator,ETC7,bit,0 to 3,,0.0,3.0,1.0,0.0,20,21,2,8,100 ms
2538,Transmission Mode 3 Indicator,ETC7,bit,0 to 3,,0.0,3.0,1.0,0.0,18,19,2,8,100 ms
2539,Transmission Mode 4 Indicator,ETC7,bit,0 to 3,,0.0,3.0,1.0,0.0,16,17,2,8,100 ms
2540,Parameter Group Number (RQST),RQST,binary,"0 to 16,777,215",,0.0,16777215.0,-3.0,0.0,0,23,24,3,"Per user requirements, generally recommended that requests occur no more than 2 or 3 times per second."
2541,Control Byte (ACKM),ACKM,binary,0 to 255,0 to 3,0.0,3.0,1.0,0.0,0,7,8,8,Upon reception of a Parameter Group Number that requires this form of acknowledgment.
2542,Group Function Value (ACK),ACKM,binary,0 to 255,0 to 250,0.0,250.0,1.0,0.0,-1,0,8,8,Upon reception of a Parameter Group Number that requires this form of acknowledgment.
2543,Parameter Group Number (ACK),ACKM,binary,"0 to 16,777,215",,0.0,16777215.0,-3.0,0.0,-1,0,24,8,Upon reception of a Parameter Group Number that requires this form of acknowledgment.
2544,Group Function Value (NACK),ACKM,binary,0 to 255,0 to 250,0.0,250.0,1.0,0.0,-1,0,8,8,Upon reception of a Parameter Group Number that requires this form of acknowledgment.
2545,Parameter Group Number (NACK),ACKM,binary,"0 to 16,777,215",,0.0,16777215.0,-3.0,0.0,-1,0,24,8,Upon reception of a Parameter Group Number that requires this form of acknowledgment.
2546,Group Function Value (NACK_AD),ACKM,binary,0 to 255,0 to 250,0.0,250.0,1.0,0.0,-1,0,8,8,Upon reception of a Parameter Group Number that requires this form of acknowledgment.
2547,Parameter Group Number  (NACK_AD),ACKM,binary,"0 to 16,777,215",,0.0,16777215.0,-3.0,0.0,-1,0,24,8,Upon reception of a Parameter Group Number that requires this form of acknowledgment.
2548,Group Function Value (NACK_Busy),ACKM,binary,0 to 255,0 to 250,0.0,250.0,1.0,0.0,-1,0,8,8,Upon reception of a Parameter Group Number that requires this form of acknowledgment.
2549,Parameter Group Number (NACK_Busy),ACKM,binary,"0 to 16,777,215",,0.0,16777215.0,-3.0,0.0,-1,0,24,8,Upon reception of a Parameter Group Number that requires this form of acknowledgment.
2550,Manufacturer Specific Information (PropA_PDU1),PropA,Manufacturer Determined,Manufacturer Determined,,-1.0,-1.0,-1.0,0.0,0,63,14280,Variable,Per user requirements
2551,Manufacturer Defined Usage (PropB_PDU2),PropB_FF,Manufacturer Determined,Manufacturer Determined,,-1.0,-1.0,-1.0,0.0,0,63,14280,Variable,Per user requirements
2552,Parameter Group Number of Requested Information (XFER),XFER,binary,"0 to 16,777,215",,0.0,16777215.0,-3.0,0.0,0,23,24,9 to 1785 bytes (multipacket supported),"In response to a Request2 PGN with ""Use Transfer PGN"" = 01"
2553,Length of data for the reported PGN (XFER),XFER,bit,0 to 255,,0.0,255.0,1.0,0.0,24,31,8,9 to 1785 bytes (multipacket supported),"In response to a Request2 PGN with ""Use Transfer PGN"" = 01"
2554,Controller Application Identity (CAI),XFER,bit,0 to 4294967296,,0.0,4294967296.0,1.0,0.0,32,63,32,9 to 1785 bytes (multipacket supported),"In response to a Request2 PGN with ""Use Transfer PGN"" = 01"
2555,Transfer Data,XFER,Request Dependent,9 to 1777 bytes of data,,9.0,1777.0,-1.0,0.0,8,-1,14216,9 to 1785 bytes (multipacket supported),"In response to a Request2 PGN with ""Use Transfer PGN"" = 01"
2556,Control Byte (TP.CM),TP.CM.xx,binary,0 to 255,,0.0,255.0,1.0,0.0,0,7,8,8,Per the Parameter Group to be transferred
2560,Parameter Group Number of the packeted message (TP.CM_RTS),TP.CM.xx,binary,"0 to 16,777,215",,0.0,16777215.0,-3.0,0.0,-1,0,24,8,Per the Parameter Group to be transferred
2561,Number of Packets that can be sent (TP.CM_CTS),TP.CM.xx,count,0 to 255,0 to 255,0.0,255.0,1.0,0.0,-1,0,8,8,Per the Parameter Group to be transferred
2563,Parameter Group Number of the packeted message (TP.CM_CTS),TP.CM.xx,binary,"0 to 16,777,215",,0.0,16777215.0,-3.0,0.0,-1,0,24,8,Per the Parameter Group to be transferred
2566,Parameter Group Number of the packeted message (TP.CM_EndofMsgACK),TP.CM.xx,binary,"0 to 16,777,215",,0.0,16777215.0,-3.0,0.0,-1,0,24,8,Per the Parameter Group to be transferred
2569,Parameter Group Number of the packeted message (TP.CM_BAM),TP.CM.xx,binary,"0 to 16,777,215",,0.0,16777215.0,-3.0,0.0,-1,0,24,8,Per the Parameter Group to be transferred
2571,Parameter Group Number of packeted message (TP.CM_Conn_Abort),TP.CM.xx,binary,"0 to 16,777,215",,0.0,16777215.0,-3.0,0.0,-1,0,24,8,Per the Parameter Group to be transferred
2572,Sequence Number (TP.DT),TP.DT,count,0 to 255,1 to 255,1.0,255.0,1.0,0.0,0,7,8,8,Per the Parameter Group to be transferred
2573,Packetized Data (TP.DT),TP.DT,Request Dependent,9 to 1784 bytes of data,,9.0,1784.0,-1.0,0.0,1,-1,14272,8,Per the Parameter Group to be transferred
2574,Parameter Group Number (RQST2),RQST2,binary,"0 to 16,777,215",,0.0,16777215.0,-3.0,0.0,0,23,24,8 bytes (multipacket  supported),"Per user requirements , generally recommended that requests occur 
no more than 2 or 3 times per second.
A NACK is required if the PG being asked for with a destination specifc address and it is not supported, see PGN 59392"
2575,Use Transfer Mode,RQST2,bit,0 to 3,,0.0,3.0,1.0,0.0,24,25,2,8 bytes (multipacket  supported),"Per user requirements , generally recommended that requests occur 
no more than 2 or 3 times per second.
A NACK is required if the PG being asked for with a destination specifc address and it is not supported, see PGN 59392"
2576,Laser Receiver Type,LVD,count,0 to 250,1 to 4,1.0,4.0,1.0,0.0,16,23,8,8,50 ms
2577,Display Deadbands,LVDD,bit,0 to 15,,0.0,15.0,1.0,0.0,20,23,4,8,100 ms
2578,LED Pattern Control,LVDD,bit,0 to 15,,0.0,15.0,1.0,0.0,16,19,4,8,100 ms
2579,Net Battery Current (High Range/Resolution),VEP3,Amps,-1600 to 1612.75 A,,-1600.0,1612.75,0.05,-1600.0,16,31,16,8,1 s
2580,Hydraulic Brake Pressure Circuit 1,HBS,psi,0.0 to 3625.9434499999998 psi,,0.0,3625.9434499999998,14.5037738,0.0,0,7,8,8,100 ms
2581,Hydraulic Brake Pressure Circuit 2,HBS,psi,0.0 to 3625.9434499999998 psi,,0.0,3625.9434499999998,14.5037738,0.0,8,15,8,8,100 ms
2582,Hydraulic Brake Pressure Supply State Circuit 1,HBS,bit,0 to 3,,0.0,3.0,1.0,0.0,20,21,2,8,100 ms
2583,Hydraulic Brake Pressure Supply State Circuit 2,HBS,bit,0 to 3,,0.0,3.0,1.0,0.0,22,23,2,8,100 ms
2584,Hydraulic Brake Pressure Warning State Circuit 1,HBS,bit,0 to 3,,0.0,3.0,1.0,0.0,16,17,2,8,100 ms
2585,Hydraulic Brake Pressure Warning State Circuit 2,HBS,bit,0 to 3,,0.0,3.0,1.0,0.0,18,19,2,8,100 ms
2586,Tire Air Leakage Rate,TIRE,Pa/s,0 to 6425.5 Pa/s,,0.0,6425.5,0.1,0.0,40,55,16,8,10 s
2587,Tire Pressure Threshold Detection,TIRE,bit,0 to 7,,0.0,7.0,1.0,0.0,61,63,3,8,10 s
2588,Maximum Vehicle Speed Limit 1,MVS,mph,0.0 to 155.34275 mph,,0.0,155.34275,0.621371,0.0,0,7,8,8,1 s
2589,Maximum Vehicle Speed Limit 2,MVS,mph,0.0 to 155.34275 mph,,0.0,155.34275,0.621371,0.0,8,15,8,8,1 s
2590,Maximum Vehicle Speed Limit 3,MVS,mph,0.0 to 155.34275 mph,,0.0,155.34275,0.621371,0.0,16,23,8,8,1 s
2591,Maximum Vehicle Speed Limit 4,MVS,mph,0.0 to 155.34275 mph,,0.0,155.34275,0.621371,0.0,24,31,8,8,1 s
2592,Maximum Vehicle Speed Limit 5,MVS,mph,0.0 to 155.34275 mph,,0.0,155.34275,0.621371,0.0,32,39,8,8,1 s
2593,Maximum Vehicle Speed Limit 6,MVS,mph,0.0 to 155.34275 mph,,0.0,155.34275,0.621371,0.0,40,47,8,8,1 s
2594,Maximum Vehicle Speed Limit 7,MVS,mph,0.0 to 155.34275 mph,,0.0,155.34275,0.621371,0.0,48,55,8,8,1 s
2595,Applied Vehicle Speed Limit,MVS,mph,0.0 to 155.34275 mph,,0.0,155.34275,0.621371,0.0,56,63,8,8,1 s
2596,Selected Maximum Vehicle Speed Limit,CM1,count,0 to 250,0 to 7,0.0,7.0,1.0,0.0,56,63,8,8,1 s
2597,Implement Left Forward Work Light Command,LCMD,bit,0 to 3,,0.0,3.0,1.0,0.0,54,55,2,8,Every 1 s and on change of state but no faster than every 100 ms
2598,Implement Left Forward Work Light,LD,bit,0 to 3,,0.0,3.0,1.0,0.0,54,55,2,8,As requested.
2599,Fire Apparatus Pump Engagement,HPG,bit,0 to 3,,0.0,3.0,1.0,0.0,20,21,2,8,50 ms
2600,Payload Percentage,EPD,%,0 to 250 %,,0.0,250.0,1.0,0.0,0,7,8,8,500 mS
2601,Travel Velocity Control Position,EOAC,%,-125 to 125 %,,-125.0,125.0,1.0,-125.0,0,7,8,8,250 mS
2602,Hydraulic Oil Level,VF,%,0 to 100 %,,0.0,100.0,0.4,0.0,16,23,8,8,1 s
2603,Pneumatic Supply Pressure Request,SPR,psi,0.0 to 290.075476 psi,,0.0,290.075476,1.160301904,0.0,0,7,8,8,"1 s, when active"
2604,Parking and/or Trailer Air Pressure Request,SPR,psi,0.0 to 290.075476 psi,,0.0,290.075476,1.160301904,0.0,8,15,8,8,"1 s, when active"
2605,"Service Brake Air Pressure Request, Circuit #1",SPR,psi,0.0 to 290.075476 psi,,0.0,290.075476,1.160301904,0.0,16,23,8,8,"1 s, when active"
2606,"Service Brake Air Pressure Request, Circuit #2",SPR,psi,0.0 to 290.075476 psi,,0.0,290.075476,1.160301904,0.0,24,31,8,8,"1 s, when active"
2607,Auxiliary Equipment Supply Pressure Request,SPR,psi,0.0 to 290.075476 psi,,0.0,290.075476,1.160301904,0.0,32,39,8,8,"1 s, when active"
2608,Air Suspension Supply Pressure Request,SPR,psi,0.0 to 290.075476 psi,,0.0,290.075476,1.160301904,0.0,40,47,8,8,"1 s, when active"
2609,Cab A/C Refrigerant Compressor Outlet Pressure,CACI,psi,0.0 to 580.150952 psi,,0.0,580.150952,2.320603808,0.0,0,7,8,8,1 s
2610,Solar Intensity Percent,AMB2,%,0 to 100 %,,0.0,100.0,0.4,0.0,0,7,8,8,1 s
2611,Solar Sensor Maximum,AMB2,mW/cm^2,0 to 100 mW/cm^2,,0.0,1002.0,0.4,0.0,8,15,8,8,1 s
2612,Front Wheel Drive Actuator Status,FWD,bit,0 to 3,,0.0,3.0,1.0,0.0,0,1,2,8,0.5 s
2613,Drive Axle Lube Pressure,AI,psi,0.0 to 145.037738 psi,,0.0,145.037738,0.580150952,0.0,32,39,8,8,1 s
2614,Steering Axle Lube Pressure,AI,psi,0.0 to 145.037738 psi,,0.0,145.037738,0.580150952,0.0,56,63,8,8,1 s
2615,Engine Throttle Synchronization Mode Status,MCI,bit,0 to 15,,0.0,15.0,1.0,0.0,0,3,4,8,1 s
2616,Trolling Mode Status,MCI,bit,0 to 3,,0.0,3.0,1.0,0.0,4,5,2,8,1 s
2617,Slow Vessel Mode Status,MCI,bit,0 to 3,,0.0,3.0,1.0,0.0,6,7,2,8,1 s
2618,Suspend Signal,DM13,bit,0 to 15,,0.0,15.0,1.0,0.0,24,27,4,8,Sent when ever a Stop or Start broadcast event is necessary. To maintain the modified state of the vehicle network(s) the commanding device must send the Hold Signal once every 5 seconds.
2619,Suspend Duration,DM13,Seconds,"0 to 64,255 s",,0.0,64255.0,1.0,0.0,32,47,16,8,Sent when ever a Stop or Start broadcast event is necessary. To maintain the modified state of the vehicle network(s) the commanding device must send the Hold Signal once every 5 seconds.
2623,Accelerator Pedal #1 Channel 2,EEC15,%,0 to 100 %,,0.0,100.0,0.4,0.0,0,7,8,8,On Request
2624,Accelerator Pedal #1 Channel 3,EEC15,%,0 to 100 %,,0.0,100.0,0.4,0.0,8,15,8,8,On Request
2625,Accelerator Pedal #2 Channel 2,EEC15,%,0 to 100 %,,0.0,100.0,0.4,0.0,16,23,8,8,On Request
2626,Accelerator Pedal #2 Channel 3,EEC15,%,0 to 100 %,,0.0,100.0,0.4,0.0,24,31,8,8,On Request
2629,Engine Turbocharger 1 Compressor Outlet Temperature,TCI6,deg F,-459.40000000000003 to 3154.94375 deg F,,-459.40000000000003,3154.94375,0.05625,-459.40000000000003,0,15,16,8,1 s
2630,Engine Charge Air Cooler 1 Outlet Temperature,ET3,deg F,-459.40000000000003 to 3154.94375 deg F,,-459.40000000000003,3154.94375,0.05625,-459.40000000000003,48,63,16,8,1 s
2631,Engine Charge Air Cooler Outlet Pressure,EFL/P4,psi,0.0 to 72.518869 psi,,0.0,72.518869,0.290075476,0.0,56,63,8,8,500 ms
2659,Engine Exhaust Gas Recirculation 1 (EGR1) Mass Flow Rate,EGF1,kg/h,0 to 3212.75 kg/h,,0.0,3212.75,0.05,0.0,0,15,16,8,50 ms
2660,Joystick 1 X-Axis Position,BJM1,%,0 to 102 %,0.0 to 100.0%,0.0,100.0,0.1,0.0,6,15,10,8,"Every 100 ms and on change of state but no faster than every 20 ms.  Grandfathered definition for systems that implemented this message prior to July, 2010: 100 ms or on change, not to exceed 20 ms"
2661,Joystick 1 Y-Axis Position,BJM1,%,0 to 102 %,0.0 to 100.0%,0.0,100.0,0.1,0.0,22,31,10,8,"Every 100 ms and on change of state but no faster than every 20 ms.  Grandfathered definition for systems that implemented this message prior to July, 2010: 100 ms or on change, not to exceed 20 ms"
2662,Joystick 1 Grip X-Axis Position,EJM1,%,0 to 102 %,0.0 to 100.0%,0.0,100.0,0.1,0.0,6,15,10,8,"Every 100 ms and on change of state but no faster than every 20 ms.  Grandfathered definition for systems that implemented this message prior to July, 2010: 100 ms or on change, not to exceed 20 ms"
2663,Joystick 1 Grip Y-Axis Position,EJM1,%,0 to 102 %,0.0 to 100.0%,0.0,100.0,0.1,0.0,22,31,10,8,"Every 100 ms and on change of state but no faster than every 20 ms.  Grandfathered definition for systems that implemented this message prior to July, 2010: 100 ms or on change, not to exceed 20 ms"
2664,Joystick 1 Theta-Axis Position,EJM1,%,0 to 102 %,0.0 to 100.0%,0.0,100.0,0.1,0.0,38,47,10,8,"Every 100 ms and on change of state but no faster than every 20 ms.  Grandfathered definition for systems that implemented this message prior to July, 2010: 100 ms or on change, not to exceed 20 ms"
2665,Joystick 1 X-Axis Lever Right Positive Position Status,BJM1,bit,0 to 3,,0.0,3.0,1.0,0.0,4,5,2,8,"Every 100 ms and on change of state but no faster than every 20 ms.  Grandfathered definition for systems that implemented this message prior to July, 2010: 100 ms or on change, not to exceed 20 ms"
2666,Joystick 1 Y-Axis Lever Forward Positive Position Status,BJM1,bit,0 to 3,,0.0,3.0,1.0,0.0,20,21,2,8,"Every 100 ms and on change of state but no faster than every 20 ms.  Grandfathered definition for systems that implemented this message prior to July, 2010: 100 ms or on change, not to exceed 20 ms"
2667,Joystick 1 Grip X-Axis Lever Right Positive Position Status,EJM1,bit,0 to 3,,0.0,3.0,1.0,0.0,4,5,2,8,"Every 100 ms and on change of state but no faster than every 20 ms.  Grandfathered definition for systems that implemented this message prior to July, 2010: 100 ms or on change, not to exceed 20 ms"
2668,Joystick 1 Grip Y-Axis Lever Forward Positive Position Status,EJM1,bit,0 to 3,,0.0,3.0,1.0,0.0,20,21,2,8,"Every 100 ms and on change of state but no faster than every 20 ms.  Grandfathered definition for systems that implemented this message prior to July, 2010: 100 ms or on change, not to exceed 20 ms"
2669,Joystick 1 Theta-Axis Clockwise Positive Position Status,EJM1,bit,0 to 3,,0.0,3.0,1.0,0.0,36,37,2,8,"Every 100 ms and on change of state but no faster than every 20 ms.  Grandfathered definition for systems that implemented this message prior to July, 2010: 100 ms or on change, not to exceed 20 ms"
2670,Joystick 1 X-Axis Lever Left Negative Position Status,BJM1,bit,0 to 3,,0.0,3.0,1.0,0.0,2,3,2,8,"Every 100 ms and on change of state but no faster than every 20 ms.  Grandfathered definition for systems that implemented this message prior to July, 2010: 100 ms or on change, not to exceed 20 ms"
2671,Joystick 1 Y-Axis Lever Back Negative Position Status,BJM1,bit,0 to 3,,0.0,3.0,1.0,0.0,18,19,2,8,"Every 100 ms and on change of state but no faster than every 20 ms.  Grandfathered definition for systems that implemented this message prior to July, 2010: 100 ms or on change, not to exceed 20 ms"
2672,Joystick 1 Grip X-Axis Lever Left Negative Position Status,EJM1,bit,0 to 3,,0.0,3.0,1.0,0.0,2,3,2,8,"Every 100 ms and on change of state but no faster than every 20 ms.  Grandfathered definition for systems that implemented this message prior to July, 2010: 100 ms or on change, not to exceed 20 ms"
2673,Joystick 1 Grip Y-Axis Lever Back Negative Position Status,EJM1,bit,0 to 3,,0.0,3.0,1.0,0.0,18,19,2,8,"Every 100 ms and on change of state but no faster than every 20 ms.  Grandfathered definition for systems that implemented this message prior to July, 2010: 100 ms or on change, not to exceed 20 ms"
2674,Joystick 1 Theta-Axis Counter Clockwise Negative Position Status,EJM1,bit,0 to 3,,0.0,3.0,1.0,0.0,34,35,2,8,"Every 100 ms and on change of state but no faster than every 20 ms.  Grandfathered definition for systems that implemented this message prior to July, 2010: 100 ms or on change, not to exceed 20 ms"
2675,Joystick 1 X-Axis Neutral Position Status,BJM1,bit,0 to 3,,0.0,3.0,1.0,0.0,0,1,2,8,"Every 100 ms and on change of state but no faster than every 20 ms.  Grandfathered definition for systems that implemented this message prior to July, 2010: 100 ms or on change, not to exceed 20 ms"
2676,Joystick 1 Y-Axis Neutral Position Status,BJM1,bit,0 to 3,,0.0,3.0,1.0,0.0,16,17,2,8,"Every 100 ms and on change of state but no faster than every 20 ms.  Grandfathered definition for systems that implemented this message prior to July, 2010: 100 ms or on change, not to exceed 20 ms"
2677,Joystick 1 Grip X-Axis Neutral Position Status,EJM1,bit,0 to 3,,0.0,3.0,1.0,0.0,0,1,2,8,"Every 100 ms and on change of state but no faster than every 20 ms.  Grandfathered definition for systems that implemented this message prior to July, 2010: 100 ms or on change, not to exceed 20 ms"
2678,Joystick 1 Grip Y-Axis Neutral Position Status,EJM1,bit,0 to 3,,0.0,3.0,1.0,0.0,16,17,2,8,"Every 100 ms and on change of state but no faster than every 20 ms.  Grandfathered definition for systems that implemented this message prior to July, 2010: 100 ms or on change, not to exceed 20 ms"
2679,Joystick 1 Theta-Axis Neutral Position Status,EJM1,bit,0 to 3,,0.0,3.0,1.0,0.0,32,33,2,8,"Every 100 ms and on change of state but no faster than every 20 ms.  Grandfathered definition for systems that implemented this message prior to July, 2010: 100 ms or on change, not to exceed 20 ms"
2680,Joystick 1 X-Axis Detent Position Status,BJM1,bit,0 to 3,,0.0,3.0,1.0,0.0,38,39,2,8,"Every 100 ms and on change of state but no faster than every 20 ms.  Grandfathered definition for systems that implemented this message prior to July, 2010: 100 ms or on change, not to exceed 20 ms"
2681,Joystick 1 Y-Axis Detent Position Status,BJM1,bit,0 to 3,,0.0,3.0,1.0,0.0,36,37,2,8,"Every 100 ms and on change of state but no faster than every 20 ms.  Grandfathered definition for systems that implemented this message prior to July, 2010: 100 ms or on change, not to exceed 20 ms"
2682,Joystick 1 Grip X-Axis Detent Position Status,EJM1,bit,0 to 3,,0.0,3.0,1.0,0.0,54,55,2,8,"Every 100 ms and on change of state but no faster than every 20 ms.  Grandfathered definition for systems that implemented this message prior to July, 2010: 100 ms or on change, not to exceed 20 ms"
2683,Joystick 1 Grip Y-Axis Detent Position Status,EJM1,bit,0 to 3,,0.0,3.0,1.0,0.0,52,53,2,8,"Every 100 ms and on change of state but no faster than every 20 ms.  Grandfathered definition for systems that implemented this message prior to July, 2010: 100 ms or on change, not to exceed 20 ms"
2684,Joystick 1 Theta-Axis Detent Position Status,EJM1,bit,0 to 3,,0.0,3.0,1.0,0.0,50,51,2,8,"Every 100 ms and on change of state but no faster than every 20 ms.  Grandfathered definition for systems that implemented this message prior to July, 2010: 100 ms or on change, not to exceed 20 ms"
2685,Joystick 1 Button 1 Pressed Status,BJM1,bit,0 to 3,,0.0,3.0,1.0,0.0,46,47,2,8,"Every 100 ms and on change of state but no faster than every 20 ms.  Grandfathered definition for systems that implemented this message prior to July, 2010: 100 ms or on change, not to exceed 20 ms"
2686,Joystick 1 Button 2 Pressed Status,BJM1,bit,0 to 3,,0.0,3.0,1.0,0.0,44,45,2,8,"Every 100 ms and on change of state but no faster than every 20 ms.  Grandfathered definition for systems that implemented this message prior to July, 2010: 100 ms or on change, not to exceed 20 ms"
2687,Joystick 1 Button 3 Pressed Status,BJM1,bit,0 to 3,,0.0,3.0,1.0,0.0,42,43,2,8,"Every 100 ms and on change of state but no faster than every 20 ms.  Grandfathered definition for systems that implemented this message prior to July, 2010: 100 ms or on change, not to exceed 20 ms"
2688,Joystick 1 Button 4 Pressed Status,BJM1,bit,0 to 3,,0.0,3.0,1.0,0.0,40,41,2,8,"Every 100 ms and on change of state but no faster than every 20 ms.  Grandfathered definition for systems that implemented this message prior to July, 2010: 100 ms or on change, not to exceed 20 ms"
2689,Joystick 1 Button 5 Pressed Status,BJM1,bit,0 to 3,,0.0,3.0,1.0,0.0,54,55,2,8,"Every 100 ms and on change of state but no faster than every 20 ms.  Grandfathered definition for systems that implemented this message prior to July, 2010: 100 ms or on change, not to exceed 20 ms"
2690,Joystick 1 Button 6 Pressed Status,BJM1,bit,0 to 3,,0.0,3.0,1.0,0.0,52,53,2,8,"Every 100 ms and on change of state but no faster than every 20 ms.  Grandfathered definition for systems that implemented this message prior to July, 2010: 100 ms or on change, not to exceed 20 ms"
2691,Joystick 1 Button 7 Pressed Status,BJM1,bit,0 to 3,,0.0,3.0,1.0,0.0,50,51,2,8,"Every 100 ms and on change of state but no faster than every 20 ms.  Grandfathered definition for systems that implemented this message prior to July, 2010: 100 ms or on change, not to exceed 20 ms"
2692,Joystick 1 Button 8 Pressed Status,BJM1,bit,0 to 3,,0.0,3.0,1.0,0.0,48,49,2,8,"Every 100 ms and on change of state but no faster than every 20 ms.  Grandfathered definition for systems that implemented this message prior to July, 2010: 100 ms or on change, not to exceed 20 ms"
2693,Joystick 1 Button 9 Pressed Status,BJM1,bit,0 to 3,,0.0,3.0,1.0,0.0,62,63,2,8,"Every 100 ms and on change of state but no faster than every 20 ms.  Grandfathered definition for systems that implemented this message prior to July, 2010: 100 ms or on change, not to exceed 20 ms"
2694,Joystick 1 Button 10 Pressed Status,BJM1,bit,0 to 3,,0.0,3.0,1.0,0.0,60,61,2,8,"Every 100 ms and on change of state but no faster than every 20 ms.  Grandfathered definition for systems that implemented this message prior to July, 2010: 100 ms or on change, not to exceed 20 ms"
2695,Joystick 1 Button 11 Pressed Status,BJM1,bit,0 to 3,,0.0,3.0,1.0,0.0,58,59,2,8,"Every 100 ms and on change of state but no faster than every 20 ms.  Grandfathered definition for systems that implemented this message prior to July, 2010: 100 ms or on change, not to exceed 20 ms"
2696,Joystick 1 Button 12 Pressed Status,BJM1,bit,0 to 3,,0.0,3.0,1.0,0.0,56,57,2,8,"Every 100 ms and on change of state but no faster than every 20 ms.  Grandfathered definition for systems that implemented this message prior to July, 2010: 100 ms or on change, not to exceed 20 ms"
2697,Joystick 2 X-Axis Position,BJM2,%,0 to 102 %,0.0 to 100.0%,0.0,100.0,0.1,0.0,6,15,10,8,"Every 100 ms and on change of state but no faster than every 20 ms.  Grandfathered definition for systems that implemented this message prior to July, 2010: 100 ms or on change, not to exceed 20 ms"
2698,Joystick 2 Y-Axis Position,BJM2,%,0 to 102 %,0.0 to 100.0%,0.0,100.0,0.1,0.0,22,31,10,8,"Every 100 ms and on change of state but no faster than every 20 ms.  Grandfathered definition for systems that implemented this message prior to July, 2010: 100 ms or on change, not to exceed 20 ms"
2699,Joystick 2 Grip X-Axis Position,EJM2,%,0 to 102 %,0.0 to 100.0%,0.0,100.0,0.1,0.0,6,15,10,8,"Every 100 ms and on change of state but no faster than every 20 ms.  Grandfathered definition for systems that implemented this message prior to July, 2010: 100 ms or on change, not to exceed 20 ms"
27,Engine Exhaust Gas Recirculation 1 Valve Position,EEC7,%,0 to 160.6375 %,,0.0,160.6375,0.0025,0.0,0,15,16,8,100 ms
2700,Joystick 2 Grip Y-Axis Position,EJM2,%,0 to 102 %,0.0 to 100.0%,0.0,100.0,0.1,0.0,22,31,10,8,"Every 100 ms and on change of state but no faster than every 20 ms.  Grandfathered definition for systems that implemented this message prior to July, 2010: 100 ms or on change, not to exceed 20 ms"
2701,Joystick 2 Theta-Axis Position,EJM2,%,0 to 102 %,0.0 to 100.0%,0.0,100.0,0.1,0.0,38,47,10,8,"Every 100 ms and on change of state but no faster than every 20 ms.  Grandfathered definition for systems that implemented this message prior to July, 2010: 100 ms or on change, not to exceed 20 ms"
2702,Joystick 2 X-Axis Lever Right Positive Position Status,BJM2,bit,0 to 3,,0.0,3.0,1.0,0.0,4,5,2,8,"Every 100 ms and on change of state but no faster than every 20 ms.  Grandfathered definition for systems that implemented this message prior to July, 2010: 100 ms or on change, not to exceed 20 ms"
2703,Joystick 2 Y-Axis Lever Forward Positive Position Status,BJM2,bit,0 to 3,,0.0,3.0,1.0,0.0,20,21,2,8,"Every 100 ms and on change of state but no faster than every 20 ms.  Grandfathered definition for systems that implemented this message prior to July, 2010: 100 ms or on change, not to exceed 20 ms"
2704,Joystick 2 Grip X-Axis Lever Right Positive Position Status,EJM2,bit,0 to 3,,0.0,3.0,1.0,0.0,4,5,2,8,"Every 100 ms and on change of state but no faster than every 20 ms.  Grandfathered definition for systems that implemented this message prior to July, 2010: 100 ms or on change, not to exceed 20 ms"
2705,Joystick 2 Grip Y-Axis Lever Forward Positive Position Status,EJM2,bit,0 to 3,,0.0,3.0,1.0,0.0,20,21,2,8,"Every 100 ms and on change of state but no faster than every 20 ms.  Grandfathered definition for systems that implemented this message prior to July, 2010: 100 ms or on change, not to exceed 20 ms"
2706,Joystick 2 Theta-Axis Clockwise Positive Position Status,EJM2,bit,0 to 3,,0.0,3.0,1.0,0.0,36,37,2,8,"Every 100 ms and on change of state but no faster than every 20 ms.  Grandfathered definition for systems that implemented this message prior to July, 2010: 100 ms or on change, not to exceed 20 ms"
2707,Joystick 2 X-Axis Lever Left Negative Position Status,BJM2,bit,0 to 3,,0.0,3.0,1.0,0.0,2,3,2,8,"Every 100 ms and on change of state but no faster than every 20 ms.  Grandfathered definition for systems that implemented this message prior to July, 2010: 100 ms or on change, not to exceed 20 ms"
2708,Joystick 2 Y-Axis Lever Back Negative Position Status,BJM2,bit,0 to 3,,0.0,3.0,1.0,0.0,18,19,2,8,"Every 100 ms and on change of state but no faster than every 20 ms.  Grandfathered definition for systems that implemented this message prior to July, 2010: 100 ms or on change, not to exceed 20 ms"
2709,Joystick 2 Grip X-Axis Lever Left Negative Position Status,EJM2,bit,0 to 3,,0.0,3.0,1.0,0.0,2,3,2,8,"Every 100 ms and on change of state but no faster than every 20 ms.  Grandfathered definition for systems that implemented this message prior to July, 2010: 100 ms or on change, not to exceed 20 ms"
2710,Joystick 2 Grip Y-Axis Lever Back Negative Position Status,EJM2,bit,0 to 3,,0.0,3.0,1.0,0.0,18,19,2,8,"Every 100 ms and on change of state but no faster than every 20 ms.  Grandfathered definition for systems that implemented this message prior to July, 2010: 100 ms or on change, not to exceed 20 ms"
2711,Joystick 2 Theta-Axis Counter Clockwise Negative Position Status,EJM2,bit,0 to 3,,0.0,3.0,1.0,0.0,34,35,2,8,"Every 100 ms and on change of state but no faster than every 20 ms.  Grandfathered definition for systems that implemented this message prior to July, 2010: 100 ms or on change, not to exceed 20 ms"
2712,Joystick 2 X-Axis Neutral Position Status,BJM2,bit,0 to 3,,0.0,3.0,1.0,0.0,0,1,2,8,"Every 100 ms and on change of state but no faster than every 20 ms.  Grandfathered definition for systems that implemented this message prior to July, 2010: 100 ms or on change, not to exceed 20 ms"
2713,Joystick 2 Y-Axis Neutral Position Status,BJM2,bit,0 to 3,,0.0,3.0,1.0,0.0,16,17,2,8,"Every 100 ms and on change of state but no faster than every 20 ms.  Grandfathered definition for systems that implemented this message prior to July, 2010: 100 ms or on change, not to exceed 20 ms"
2714,Joystick 2 Grip X-Axis Neutral Position Status,EJM2,bit,0 to 3,,0.0,3.0,1.0,0.0,0,1,2,8,"Every 100 ms and on change of state but no faster than every 20 ms.  Grandfathered definition for systems that implemented this message prior to July, 2010: 100 ms or on change, not to exceed 20 ms"
2715,Joystick 2 Grip Y-Axis Neutral Position Status,EJM2,bit,0 to 3,,0.0,3.0,1.0,0.0,16,17,2,8,"Every 100 ms and on change of state but no faster than every 20 ms.  Grandfathered definition for systems that implemented this message prior to July, 2010: 100 ms or on change, not to exceed 20 ms"
2716,Joystick 2 Theta-Axis Neutral Position Status,EJM2,bit,0 to 3,,0.0,3.0,1.0,0.0,32,33,2,8,"Every 100 ms and on change of state but no faster than every 20 ms.  Grandfathered definition for systems that implemented this message prior to July, 2010: 100 ms or on change, not to exceed 20 ms"
2717,Joystick 2 X-Axis Detent Position Status,BJM2,bit,0 to 3,,0.0,3.0,1.0,0.0,38,39,2,8,"Every 100 ms and on change of state but no faster than every 20 ms.  Grandfathered definition for systems that implemented this message prior to July, 2010: 100 ms or on change, not to exceed 20 ms"
2718,Joystick 2 Y-Axis Detent Position Status,BJM2,bit,0 to 3,,0.0,3.0,1.0,0.0,36,37,2,8,"Every 100 ms and on change of state but no faster than every 20 ms.  Grandfathered definition for systems that implemented this message prior to July, 2010: 100 ms or on change, not to exceed 20 ms"
2719,Joystick 2 Grip X-Axis Detent Position Status,EJM2,bit,0 to 3,,0.0,3.0,1.0,0.0,54,55,2,8,"Every 100 ms and on change of state but no faster than every 20 ms.  Grandfathered definition for systems that implemented this message prior to July, 2010: 100 ms or on change, not to exceed 20 ms"
2720,Joystick 2 Grip Y-Axis Detent Position Status,EJM2,bit,0 to 3,,0.0,3.0,1.0,0.0,52,53,2,8,"Every 100 ms and on change of state but no faster than every 20 ms.  Grandfathered definition for systems that implemented this message prior to July, 2010: 100 ms or on change, not to exceed 20 ms"
2721,Joystick 2 Theta-Axis Detent Position Status,EJM2,bit,0 to 3,,0.0,3.0,1.0,0.0,50,51,2,8,"Every 100 ms and on change of state but no faster than every 20 ms.  Grandfathered definition for systems that implemented this message prior to July, 2010: 100 ms or on change, not to exceed 20 ms"
2722,Joystick 2 Button 1 Pressed Status,BJM2,bit,0 to 3,,0.0,3.0,1.0,0.0,46,47,2,8,"Every 100 ms and on change of state but no faster than every 20 ms.  Grandfathered definition for systems that implemented this message prior to July, 2010: 100 ms or on change, not to exceed 20 ms"
2723,Joystick 2 Button 2 Pressed Status,BJM2,bit,0 to 3,,0.0,3.0,1.0,0.0,44,45,2,8,"Every 100 ms and on change of state but no faster than every 20 ms.  Grandfathered definition for systems that implemented this message prior to July, 2010: 100 ms or on change, not to exceed 20 ms"
2724,Joystick 2 Button 3 Pressed Status,BJM2,bit,0 to 3,,0.0,3.0,1.0,0.0,42,43,2,8,"Every 100 ms and on change of state but no faster than every 20 ms.  Grandfathered definition for systems that implemented this message prior to July, 2010: 100 ms or on change, not to exceed 20 ms"
2725,Joystick 2 Button 4 Pressed Status,BJM2,bit,0 to 3,,0.0,3.0,1.0,0.0,40,41,2,8,"Every 100 ms and on change of state but no faster than every 20 ms.  Grandfathered definition for systems that implemented this message prior to July, 2010: 100 ms or on change, not to exceed 20 ms"
2726,Joystick 2 Button 5 Pressed Status,BJM2,bit,0 to 3,,0.0,3.0,1.0,0.0,54,55,2,8,"Every 100 ms and on change of state but no faster than every 20 ms.  Grandfathered definition for systems that implemented this message prior to July, 2010: 100 ms or on change, not to exceed 20 ms"
2727,Joystick 2 Button 6 Pressed Status,BJM2,bit,0 to 3,,0.0,3.0,1.0,0.0,52,53,2,8,"Every 100 ms and on change of state but no faster than every 20 ms.  Grandfathered definition for systems that implemented this message prior to July, 2010: 100 ms or on change, not to exceed 20 ms"
2728,Joystick 2 Button 7 Pressed Status,BJM2,bit,0 to 3,,0.0,3.0,1.0,0.0,50,51,2,8,"Every 100 ms and on change of state but no faster than every 20 ms.  Grandfathered definition for systems that implemented this message prior to July, 2010: 100 ms or on change, not to exceed 20 ms"
2729,Joystick 2 Button 8 Pressed Status,BJM2,bit,0 to 3,,0.0,3.0,1.0,0.0,48,49,2,8,"Every 100 ms and on change of state but no faster than every 20 ms.  Grandfathered definition for systems that implemented this message prior to July, 2010: 100 ms or on change, not to exceed 20 ms"
2730,Joystick 2 Button 9 Pressed Status,BJM2,bit,0 to 3,,0.0,3.0,1.0,0.0,62,63,2,8,"Every 100 ms and on change of state but no faster than every 20 ms.  Grandfathered definition for systems that implemented this message prior to July, 2010: 100 ms or on change, not to exceed 20 ms"
2731,Joystick 2 Button 10 Pressed Status,BJM2,bit,0 to 3,,0.0,3.0,1.0,0.0,60,61,2,8,"Every 100 ms and on change of state but no faster than every 20 ms.  Grandfathered definition for systems that implemented this message prior to July, 2010: 100 ms or on change, not to exceed 20 ms"
2732,Joystick 2 Button 11 Pressed Status,BJM2,bit,0 to 3,,0.0,3.0,1.0,0.0,58,59,2,8,"Every 100 ms and on change of state but no faster than every 20 ms.  Grandfathered definition for systems that implemented this message prior to July, 2010: 100 ms or on change, not to exceed 20 ms"
2733,Joystick 2 Button 12 Pressed Status,BJM2,bit,0 to 3,,0.0,3.0,1.0,0.0,56,57,2,8,"Every 100 ms and on change of state but no faster than every 20 ms.  Grandfathered definition for systems that implemented this message prior to July, 2010: 100 ms or on change, not to exceed 20 ms"
2734,Joystick 3 X-Axis Position,BJM3,%,0 to 102 %,0.0 to 100.0%,0.0,100.0,0.1,0.0,6,15,10,8,"Every 100 ms and on change of state but no faster than every 20 ms.  Grandfathered definition for systems that implemented this message prior to July, 2010: 100 ms or on change, not to exceed 20 ms"
2735,Joystick 3 Y-Axis Position,BJM3,%,0 to 102 %,0.0 to 100.0%,0.0,100.0,0.1,0.0,22,31,10,8,"Every 100 ms and on change of state but no faster than every 20 ms.  Grandfathered definition for systems that implemented this message prior to July, 2010: 100 ms or on change, not to exceed 20 ms"
2736,Joystick 3 Grip X-Axis Position,EJM3,%,0 to 102 %,0.0 to 100.0%,0.0,100.0,0.1,0.0,6,15,10,8,"Every 100 ms and on change of state but no faster than every 20 ms.  Grandfathered definition for systems that implemented this message prior to July, 2010: 100 ms or on change, not to exceed 20 ms"
2737,Joystick 3 Grip Y-Axis Position,EJM3,%,0 to 102 %,0.0 to 100.0%,0.0,100.0,0.1,0.0,22,31,10,8,"Every 100 ms and on change of state but no faster than every 20 ms.  Grandfathered definition for systems that implemented this message prior to July, 2010: 100 ms or on change, not to exceed 20 ms"
2738,Joystick 3 Theta-Axis Position,EJM3,%,0 to 102 %,0.0 to 100.0%,0.0,100.0,0.1,0.0,38,47,10,8,"Every 100 ms and on change of state but no faster than every 20 ms.  Grandfathered definition for systems that implemented this message prior to July, 2010: 100 ms or on change, not to exceed 20 ms"
2739,Joystick 3 X-Axis Lever Right Positive Position Status,BJM3,bit,0 to 3,,0.0,3.0,1.0,0.0,4,5,2,8,"Every 100 ms and on change of state but no faster than every 20 ms.  Grandfathered definition for systems that implemented this message prior to July, 2010: 100 ms or on change, not to exceed 20 ms"
2740,Joystick 3 Y-Axis Lever Forward Positive Position Status,BJM3,bit,0 to 3,,0.0,3.0,1.0,0.0,20,21,2,8,"Every 100 ms and on change of state but no faster than every 20 ms.  Grandfathered definition for systems that implemented this message prior to July, 2010: 100 ms or on change, not to exceed 20 ms"
2741,Joystick 3 Grip X-Axis Lever Right Positive Position Status,EJM3,bit,0 to 3,,0.0,3.0,1.0,0.0,4,5,2,8,"Every 100 ms and on change of state but no faster than every 20 ms.  Grandfathered definition for systems that implemented this message prior to July, 2010: 100 ms or on change, not to exceed 20 ms"
2742,Joystick 3 Grip Y-Axis Lever Forward Positive Position Status,EJM3,bit,0 to 3,,0.0,3.0,1.0,0.0,20,21,2,8,"Every 100 ms and on change of state but no faster than every 20 ms.  Grandfathered definition for systems that implemented this message prior to July, 2010: 100 ms or on change, not to exceed 20 ms"
2743,Joystick 3 Theta-Axis Clockwise Positive Position Status,EJM3,bit,0 to 3,,0.0,3.0,1.0,0.0,36,37,2,8,"Every 100 ms and on change of state but no faster than every 20 ms.  Grandfathered definition for systems that implemented this message prior to July, 2010: 100 ms or on change, not to exceed 20 ms"
2744,Joystick 3 X-Axis Lever Left Negative Position Status,BJM3,bit,0 to 3,,0.0,3.0,1.0,0.0,2,3,2,8,"Every 100 ms and on change of state but no faster than every 20 ms.  Grandfathered definition for systems that implemented this message prior to July, 2010: 100 ms or on change, not to exceed 20 ms"
2745,Joystick 3 Y-Axis Lever Back Negative Position Status,BJM3,bit,0 to 3,,0.0,3.0,1.0,0.0,18,19,2,8,"Every 100 ms and on change of state but no faster than every 20 ms.  Grandfathered definition for systems that implemented this message prior to July, 2010: 100 ms or on change, not to exceed 20 ms"
2746,Joystick 3 Grip X-Axis Lever Left Negative Position Status,EJM3,bit,0 to 3,,0.0,3.0,1.0,0.0,2,3,2,8,"Every 100 ms and on change of state but no faster than every 20 ms.  Grandfathered definition for systems that implemented this message prior to July, 2010: 100 ms or on change, not to exceed 20 ms"
2747,Joystick 3 Grip Y-Axis Lever Back Negative Position Status,EJM3,bit,0 to 3,,0.0,3.0,1.0,0.0,18,19,2,8,"Every 100 ms and on change of state but no faster than every 20 ms.  Grandfathered definition for systems that implemented this message prior to July, 2010: 100 ms or on change, not to exceed 20 ms"
2748,Joystick 3 Theta-Axis Counter Clockwise Negative Position Status,EJM3,bit,0 to 3,,0.0,3.0,1.0,0.0,34,35,2,8,"Every 100 ms and on change of state but no faster than every 20 ms.  Grandfathered definition for systems that implemented this message prior to July, 2010: 100 ms or on change, not to exceed 20 ms"
2749,Joystick 3 X-Axis Neutral Position Status,BJM3,bit,0 to 3,,0.0,3.0,1.0,0.0,0,1,2,8,"Every 100 ms and on change of state but no faster than every 20 ms.  Grandfathered definition for systems that implemented this message prior to July, 2010: 100 ms or on change, not to exceed 20 ms"
2750,Joystick 3 Y-Axis Neutral Position Status,BJM3,bit,0 to 3,,0.0,3.0,1.0,0.0,16,17,2,8,"Every 100 ms and on change of state but no faster than every 20 ms.  Grandfathered definition for systems that implemented this message prior to July, 2010: 100 ms or on change, not to exceed 20 ms"
2751,Joystick 3 Grip X-Axis Neutral Position Status,EJM3,bit,0 to 3,,0.0,3.0,1.0,0.0,0,1,2,8,"Every 100 ms and on change of state but no faster than every 20 ms.  Grandfathered definition for systems that implemented this message prior to July, 2010: 100 ms or on change, not to exceed 20 ms"
2752,Joystick 3 Grip Y-Axis Neutral Position Status,EJM3,bit,0 to 3,,0.0,3.0,1.0,0.0,16,17,2,8,"Every 100 ms and on change of state but no faster than every 20 ms.  Grandfathered definition for systems that implemented this message prior to July, 2010: 100 ms or on change, not to exceed 20 ms"
2753,Joystick 3 Theta-Axis Neutral Position Status,EJM3,bit,0 to 3,,0.0,3.0,1.0,0.0,32,33,2,8,"Every 100 ms and on change of state but no faster than every 20 ms.  Grandfathered definition for systems that implemented this message prior to July, 2010: 100 ms or on change, not to exceed 20 ms"
2754,Joystick 3 X-Axis Detent Position Status,BJM3,bit,0 to 3,,0.0,3.0,1.0,0.0,38,39,2,8,"Every 100 ms and on change of state but no faster than every 20 ms.  Grandfathered definition for systems that implemented this message prior to July, 2010: 100 ms or on change, not to exceed 20 ms"
2755,Joystick 3 Y-Axis Detent Position Status,BJM3,bit,0 to 3,,0.0,3.0,1.0,0.0,36,37,2,8,"Every 100 ms and on change of state but no faster than every 20 ms.  Grandfathered definition for systems that implemented this message prior to July, 2010: 100 ms or on change, not to exceed 20 ms"
2756,Joystick 3 Grip X-Axis Detent Position Status,EJM3,bit,0 to 3,,0.0,3.0,1.0,0.0,54,55,2,8,"Every 100 ms and on change of state but no faster than every 20 ms.  Grandfathered definition for systems that implemented this message prior to July, 2010: 100 ms or on change, not to exceed 20 ms"
2757,Joystick 3 Grip Y-Axis Detent Position Status,EJM3,bit,0 to 3,,0.0,3.0,1.0,0.0,52,53,2,8,"Every 100 ms and on change of state but no faster than every 20 ms.  Grandfathered definition for systems that implemented this message prior to July, 2010: 100 ms or on change, not to exceed 20 ms"
2758,Joystick 3 Theta-Axis Detent Position Status,EJM3,bit,0 to 3,,0.0,3.0,1.0,0.0,50,51,2,8,"Every 100 ms and on change of state but no faster than every 20 ms.  Grandfathered definition for systems that implemented this message prior to July, 2010: 100 ms or on change, not to exceed 20 ms"
2759,Joystick 3 Button 1 Pressed Status,BJM3,bit,0 to 3,,0.0,3.0,1.0,0.0,46,47,2,8,"Every 100 ms and on change of state but no faster than every 20 ms.  Grandfathered definition for systems that implemented this message prior to July, 2010: 100 ms or on change, not to exceed 20 ms"
2760,Joystick 3 Button 2 Pressed Status,BJM3,bit,0 to 3,,0.0,3.0,1.0,0.0,44,45,2,8,"Every 100 ms and on change of state but no faster than every 20 ms.  Grandfathered definition for systems that implemented this message prior to July, 2010: 100 ms or on change, not to exceed 20 ms"
2761,Joystick 3 Button 3 Pressed Status,BJM3,bit,0 to 3,,0.0,3.0,1.0,0.0,42,43,2,8,"Every 100 ms and on change of state but no faster than every 20 ms.  Grandfathered definition for systems that implemented this message prior to July, 2010: 100 ms or on change, not to exceed 20 ms"
2762,Joystick 3 Button 4 Pressed Status,BJM3,bit,0 to 3,,0.0,3.0,1.0,0.0,40,41,2,8,"Every 100 ms and on change of state but no faster than every 20 ms.  Grandfathered definition for systems that implemented this message prior to July, 2010: 100 ms or on change, not to exceed 20 ms"
2763,Joystick 3 Button 5 Pressed Status,BJM3,bit,0 to 3,,0.0,3.0,1.0,0.0,54,55,2,8,"Every 100 ms and on change of state but no faster than every 20 ms.  Grandfathered definition for systems that implemented this message prior to July, 2010: 100 ms or on change, not to exceed 20 ms"
2764,Joystick 3 Button 6 Pressed Status,BJM3,bit,0 to 3,,0.0,3.0,1.0,0.0,52,53,2,8,"Every 100 ms and on change of state but no faster than every 20 ms.  Grandfathered definition for systems that implemented this message prior to July, 2010: 100 ms or on change, not to exceed 20 ms"
2765,Joystick 3 Button 7 Pressed Status,BJM3,bit,0 to 3,,0.0,3.0,1.0,0.0,50,51,2,8,"Every 100 ms and on change of state but no faster than every 20 ms.  Grandfathered definition for systems that implemented this message prior to July, 2010: 100 ms or on change, not to exceed 20 ms"
2766,Joystick 3 Button 8 Pressed Status,BJM3,bit,0 to 3,,0.0,3.0,1.0,0.0,48,49,2,8,"Every 100 ms and on change of state but no faster than every 20 ms.  Grandfathered definition for systems that implemented this message prior to July, 2010: 100 ms or on change, not to exceed 20 ms"
2767,Joystick 3 Button 9 Pressed Status,BJM3,bit,0 to 3,,0.0,3.0,1.0,0.0,62,63,2,8,"Every 100 ms and on change of state but no faster than every 20 ms.  Grandfathered definition for systems that implemented this message prior to July, 2010: 100 ms or on change, not to exceed 20 ms"
2768,Joystick 3 Button 10 Pressed Status,BJM3,bit,0 to 3,,0.0,3.0,1.0,0.0,60,61,2,8,"Every 100 ms and on change of state but no faster than every 20 ms.  Grandfathered definition for systems that implemented this message prior to July, 2010: 100 ms or on change, not to exceed 20 ms"
2769,Joystick 3 Button 11 Pressed Status,BJM3,bit,0 to 3,,0.0,3.0,1.0,0.0,58,59,2,8,"Every 100 ms and on change of state but no faster than every 20 ms.  Grandfathered definition for systems that implemented this message prior to July, 2010: 100 ms or on change, not to exceed 20 ms"
2770,Joystick 3 Button 12 Pressed Status,BJM3,bit,0 to 3,,0.0,3.0,1.0,0.0,56,57,2,8,"Every 100 ms and on change of state but no faster than every 20 ms.  Grandfathered definition for systems that implemented this message prior to July, 2010: 100 ms or on change, not to exceed 20 ms"
2789,Engine Turbocharger 1 Calculated Turbine Intake Temperature,EEC5,deg F,-459.40000000000003 to 3154.94375 deg F,,-459.40000000000003,3154.94375,0.05625,-459.40000000000003,0,15,16,8,On request
2790,Engine Turbocharger 1 Calculated Turbine Outlet Temperature,EEC5,deg F,-459.40000000000003 to 3154.94375 deg F,,-459.40000000000003,3154.94375,0.05625,-459.40000000000003,16,31,16,8,On request
2791,Engine Exhaust Gas Recirculation 1 (EGR1) Valve Control,EEC5,%,0 to 160.6375 %,0 to 100%,0.0,100.0,0.0025,0.0,32,47,16,8,On request
2792,Engine Variable Geometry Turbocharger (VGT) Air Control Shutoff Valve,EEC5,bit,0 to 3,,0.0,3.0,1.0,0.0,48,49,2,8,On request
2793,Laser Strike Data Latency,LVD,us,0 to 3.289856 s,,0.0,3.289856,51.2,0.0,24,39,16,8,50 ms
2794,Absolute Laser Strike Position,LVD,m,"0 to 6,425.5 mm (0 to 6.4255 m)",,0.0,6425.5,0.1,0.0,40,55,16,8,50 ms
2795,Engine Variable Geometry Turbocharger (VGT) 1 Actuator Position,EEC5,%,0 to 100 %,,0.0,100.0,0.4,0.0,56,63,8,8,On request
2796,Transfer Case Selector Switch,CM3,bit,0 to 7,,0.0,7.0,1.0,0.0,0,2,3,8,"Every 10 s and on change of state but no faster than every 100 ms.  Grandfathered definition for systems that implemented this message prior to July, 2010: On change or every 10 s"
2799,Engine Turbocharger 2 Compressor Outlet Temperature,TCI6,deg F,-459.40000000000003 to 3154.94375 deg F,,-459.40000000000003,3154.94375,0.05625,-459.40000000000003,16,31,16,8,1 s
2800,Engine Turbocharger 3 Compressor Outlet Temperature,TCI6,deg F,-459.40000000000003 to 3154.94375 deg F,,-459.40000000000003,3154.94375,0.05625,-459.40000000000003,32,47,16,8,1 s
2801,Engine Turbocharger 4 Compressor Outlet Temperature,TCI6,deg F,-459.40000000000003 to 3154.94375 deg F,,-459.40000000000003,3154.94375,0.05625,-459.40000000000003,48,63,16,8,1 s
2802,Data Memory Usage,EP,%,0 to 100 %,,0.0,100.0,0.4,0.0,16,23,8,8,On request
2803,Keep-Alive Battery Consumption,EP,mAhr,0 to 64255mAhr (64.255Ahr),,0.0,6425564.255,1.0,0.0,0,15,16,8,On request
2804,FMS-standard Diagnostics Supported,FMS,bit,0 to 3,,0.0,3.0,1.0,0.0,0,1,2,8,10 s
2805,FMS-standard Requests Supported,FMS,bit,0 to 3,,0.0,3.0,1.0,0.0,2,3,2,8,10 s
2806,FMS-standard SW-version supported.,FMS,ASCII,0 to 255 per byte,,0.0,255.0,-2.0,0.0,8,39,32,8,10 s
2807,Engine Fuel Shutoff 2 Control,EOI,bit,0 to 3,,0.0,3.0,1.0,0.0,28,29,2,8,250 ms
2809,Engine Air Filter 2 Differential Pressure,IC2,psi,0.0 to 1.812971725 psi,,0.0,1.812971725,0.0072518869,0.0,0,7,8,8,0.5 s
2810,Engine Air Filter 3 Differential Pressure,IC2,psi,0.0 to 1.812971725 psi,,0.0,1.812971725,0.0072518869,0.0,8,15,8,8,0.5 s
2811,Engine Air Filter 4 Differential Pressure,IC2,psi,0.0 to 1.812971725 psi,,0.0,1.812971725,0.0072518869,0.0,16,23,8,8,0.5 s
2812,Engine Overspeed Test,SHUTDN,bit,0 to 3,,0.0,3.0,1.0,0.0,54,55,2,8,1 s
2813,Engine Air Shutoff Command Status,SHUTDN,bit,0 to 3,,0.0,3.0,1.0,0.0,52,53,2,8,1 s
2814,Engine Alarm Output Command Status,SHUTDN,bit,0 to 3,,0.0,3.0,1.0,0.0,50,51,2,8,1 s
2815,Engine Alarm Acknowledge,SHUTDN,bit,0 to 3,,0.0,3.0,1.0,0.0,48,49,2,8,1 s
2845,NAME of Working Set Member,WSMM,binary,0 to 18446744073709551615,,0.0,1.8446744073709552e+19,1.0,0.0,0,63,64,8,As required
2847,Address Assignment (new source address),CA,SA,0 to 255,,0.0,255.0,1.0,0.0,64,71,8,9,As required
2848,NAME of Controller Application (for address claimed),AC,binary,0 to 18446744073709551615,,0.0,1.8446744073709552e+19,1.0,0.0,0,63,64,8,As required
2849,NAME of Commanded Address Target,CA,binary,0 to 18446744073709551615,,0.0,1.8446744073709552e+19,1.0,0.0,0,63,64,9,As required
2863,Front Operator Wiper Switch,OWW,bit,0 to 15,,0.0,15.0,1.0,0.0,4,7,4,8,200 ms
2864,Front Non-operator Wiper Switch,OWW,bit,0 to 15,,0.0,15.0,1.0,0.0,0,3,4,8,200 ms
2865,Rear Wiper Switch,OWW,bit,0 to 15,,0.0,15.0,1.0,0.0,12,15,4,8,200 ms
2866,Front Operator Washer Switch,OWW,bit,0 to 7,,0.0,7.0,1.0,0.0,45,47,3,8,200 ms
2867,Front Non-operator Washer Switch,OWW,bit,0 to 7,,0.0,7.0,1.0,0.0,42,44,3,8,200 ms
2868,Rear Washer Function,OWW,bit,0 to 7,,0.0,7.0,1.0,0.0,53,55,3,8,200 ms
2869,Front Operator Wiper Delay Control,OWW,%,0 to 100 %,,0.0,100.0,0.4,0.0,16,23,8,8,200 ms
2870,Front Non-operator Wiper Delay Control,OWW,%,0 to 100 %,,0.0,100.0,0.4,0.0,24,31,8,8,200 ms
2871,Rear Wiper Delay Control,OWW,%,0 to 100 %,,0.0,100.0,0.4,0.0,32,39,8,8,200 ms
2872,Main Light Switch,OEL,bit,0 to 15,,0.0,15.0,1.0,0.0,4,7,4,8,Every 1 s and on change of switch state but no faster than every 100 ms
2873,Work Light Switch,OEL,bit,0 to 15,,0.0,15.0,1.0,0.0,0,3,4,8,Every 1 s and on change of switch state but no faster than every 100 ms
2874,High-Low Beam Switch,OEL,bit,0 to 3,,0.0,3.0,1.0,0.0,14,15,2,8,Every 1 s and on change of switch state but no faster than every 100 ms
2875,Hazard Light Switch,OEL,bit,0 to 3,,0.0,3.0,1.0,0.0,12,13,2,8,Every 1 s and on change of switch state but no faster than every 100 ms
2876,Turn Signal Switch,OEL,bit,0 to 15,,0.0,15.0,1.0,0.0,8,11,4,8,Every 1 s and on change of switch state but no faster than every 100 ms
2877,Operators Desired - Delayed Lamp Off Time,OEL,Seconds,"0 to 64,255 s",,0.0,64255.0,1.0,0.0,24,39,16,8,Every 1 s and on change of switch state but no faster than every 100 ms
2878,Operators Desired Back-light,OEL,%,0 to 100 %,,0.0,100.0,0.4,0.0,16,23,8,8,Every 1 s and on change of switch state but no faster than every 100 ms
2879,Engine Alternate Droop Accelerator 2 Select,OHECS,bit,0 to 15,,0.0,15.0,1.0,0.0,20,23,4,8,500 ms
2880,Engine Operator Primary Intermediate Speed Select,ISC,bit,0 to 15,,0.0,15.0,1.0,0.0,0,3,4,8,1 s
2881,Engine Alternate Droop Accelerator 1 Select,OHECS,bit,0 to 15,,0.0,15.0,1.0,0.0,16,19,4,8,500 ms
2882,Engine Alternate Rating Select,OHECS,selection,0 to 255,,0.0,255.0,1.0,0.0,8,15,8,8,500 ms
2883,Engine Alternate Low Idle Switch,OHECS,bit,0 to 3,,0.0,3.0,1.0,0.0,4,5,2,8,500 ms
2884,Engine Auxiliary Governor Switch,OHECS,bit,0 to 3,,0.0,3.0,1.0,0.0,0,1,2,8,500 ms
2885,Engine Alternate Droop Auxiliary Input Select,OHECS,bit,0 to 15,,0.0,15.0,1.0,0.0,28,31,4,8,500 ms
2886,Engine Alternate Droop Remote Accelerator Select,OHECS,bit,0 to 15,,0.0,15.0,1.0,0.0,24,27,4,8,500 ms
2887,Total Count of Configuration Changes Made,CMI,count,"0 to 64,255",,0.0,64255.0,1.0,0.0,0,15,16,8,As required
2888,Engine Alternate Rating Select State,OHCSS,bit,0 to 255,,0.0,255.0,1.0,0.0,8,15,8,8,0.5 s
2889,Engine Alternate Droop Accelerator 1 Select State,OHCSS,bit,0 to 15,,0.0,15.0,1.0,0.0,16,19,4,8,0.5 s
2890,Engine Multi-Unit Sync State,OHCSS,bit,0 to 3,,0.0,3.0,1.0,0.0,2,3,2,8,0.5 s
2891,Engine Alternate Low Idle Select State,OHCSS,bit,0 to 3,,0.0,3.0,1.0,0.0,4,5,2,8,0.5 s
2892,Engine Operator Primary Intermediate Speed Select State,ISCS,bit,0 to 15,,0.0,15.0,1.0,0.0,0,3,4,8,1 s
2893,Engine Alternate Droop Accelerator 2 Select State,OHCSS,bit,0 to 15,,0.0,15.0,1.0,0.0,20,23,4,8,0.5 s
2894,Engine Alternate Droop Remote Accelerator Select State,OHCSS,bit,0 to 15,,0.0,15.0,1.0,0.0,24,27,4,8,0.5 s
2895,Engine Alternate Droop Auxiliary Input Select State,OHCSS,bit,0 to 15,,0.0,15.0,1.0,0.0,28,31,4,8,0.5 s
2896,Engine Auxiliary Governor State,OHCSS,bit,0 to 3,,0.0,3.0,1.0,0.0,0,1,2,8,0.5 s
2897,Operator Engine PTO Governor Memory Select Switch,PTO,bit,0 to 3,,0.0,3.0,1.0,0.0,56,57,2,8,100 ms
2898,Engine Start Enable Device 2 Configuration,CSA,bit,0 to 15,,0.0,15.0,1.0,0.0,12,15,4,8,As required
2899,Engine Start Enable Device 1 Configuration,CSA,bit,0 to 15,,0.0,15.0,1.0,0.0,8,11,4,8,As required
29,Accelerator Pedal Position 2,EEC2,%,0 to 100 %,,0.0,100.0,0.4,0.0,32,39,8,8,50 msec (preferred) or Engine Speed Dependent (if required by application)
2900,Transmission Engine Crank Enable,ETC7,bit,0 to 3,,0.0,3.0,1.0,0.0,12,13,2,8,100 ms
2901,ECU Part Number,ECUID,ASCII,0 to 255 per byte,,0.0,255.0,-2.0,0.0,-1,-1,1600,Variable,On request
2902,ECU Serial Number,ECUID,ASCII,0 to 255 per byte,,0.0,255.0,-2.0,0.0,-1,-2,1600,Variable,On request
2903,ECU Location,ECUID,ASCII,0 to 255 per byte,,0.0,255.0,-2.0,0.0,-1,-3,1600,Variable,On request
2904,ECU Type,ECUID,ASCII,0 to 255 per byte,,0.0,255.0,-2.0,0.0,-1,-4,1600,Variable,On request
2911,Halt brake switch,EBC1,bit,0 to 3,,0.0,3.0,1.0,0.0,58,59,2,8,100 ms
2912,Hill holder mode,EBC5,bit,0 to 7,,0.0,7.0,1.0,0.0,5,7,3,8,100 ms
2913,Halt brake mode,EBC5,bit,0 to 7,,0.0,7.0,1.0,0.0,2,4,3,8,100 ms
2914,XBR EBI Mode,XBR,bit,0 to 3,,0.0,3.0,1.0,0.0,16,17,2,8,When active: 20 ms; else 200 ms
2915,XBR Priority,XBR,bit,0 to 3,,0.0,3.0,1.0,0.0,18,19,2,8,When active: 20 ms; else 200 ms
2916,XBR Control Mode,XBR,bit,0 to 3,,0.0,3.0,1.0,0.0,20,21,2,8,When active: 20 ms; else 200 ms
2917,XBR System State,EBC5,bit,0 to 3,,0.0,3.0,1.0,0.0,10,11,2,8,100 ms
2918,XBR Active Control Mode,EBC5,bit,0 to 15,,0.0,15.0,1.0,0.0,12,15,4,8,100 ms
2919,Foundation Brake Use,EBC5,bit,0 to 3,,0.0,3.0,1.0,0.0,8,9,2,8,100 ms
2920,External Acceleration Demand,XBR,m/s^2,-15.687 to +15.687 m/s^2,-10.0 to +10.0 m/s^2,-10.0,10.02,1.0,-15.687,0,15,16,8,When active: 20 ms; else 200 ms
2921,XBR Acceleration Limit,EBC5,m/s^2,-12.5 to +12.5 m/s^2,-10.0 to +10.0 m/s^2,-10.0,10.02,0.1,-12.5,16,23,8,8,100 ms
2922,Steerable Lift Axle Lowering Inhibit,ESC1,bit,0 to 3,,0.0,3.0,1.0,0.0,28,29,2,8,20 ms
2923,Status of Steering Axle,ESC1,bit,0 to 15,,0.0,15.0,1.0,0.0,24,27,4,8,20 ms
2924,Steering Type,ESC1,bit,0 to 15,,0.0,15.0,1.0,0.0,32,35,4,8,20 ms
2925,Type of Steering Forces,ESC1,bit,0 to 15,,0.0,15.0,1.0,0.0,36,39,4,8,20 ms
2926,Type of Steering Transmission,ESC1,bit,0 to 15,,0.0,15.0,1.0,0.0,40,43,4,8,20 ms
2927,Actual Inner wheel steering angle,ESC1,deg,-125 to 125 deg,,-125.0,125.0,1.0,-125.0,0,15,16,8,20 ms
2928,Axle Location,ESC1,bit,0 to 255,,0.0,255.0,1.0,0.0,16,23,8,8,20 ms
2930,Hydraulic Brake System Audible Warning Command,HBS,bit,0 to 3,,0.0,3.0,1.0,0.0,24,25,2,8,100 ms
2931,Hydraulic Brake Fluid Level Switch,HBS,bit,0 to 3,,0.0,3.0,1.0,0.0,26,27,2,8,100 ms
2932,Valve State,GPV1,bit,0 to 15,,0.0,15.0,1.0,0.0,16,19,4,8,100 ms
2934,Valve Fail Safe Mode,GPV1,bit,0 to 3,,0.0,3.0,1.0,0.0,22,23,2,8,100 ms
2937,Extend Port Measured Flow,GPV2,%,-125 to 125 %,,-125.0,125.0,1.0,-125.0,0,7,8,8,100 ms
2938,Retract Port Measured Flow,GPV2,%,-125 to 125 %,,-125.0,125.0,1.0,-125.0,8,15,8,8,100 ms
2939,Extend Port Estimated Flow,GPV1,%,-125 to 125 %,,-125.0,125.0,1.0,-125.0,0,7,8,8,100 ms
2940,Retract Port Estimated Flow,GPV1,%,-125 to 125 %,,-125.0,125.0,1.0,-125.0,8,15,8,8,100 ms
2941,Extend Port Pressure,GPV2,psi,0.0 to 46596.99927595 psi,,0.0,46596.99927595,0.72518869,0.0,16,31,16,8,100 ms
2942,Retract Port Pressure,GPV2,psi,0.0 to 46596.99927595 psi,,0.0,46596.99927595,0.72518869,0.0,32,47,16,8,100 ms
2943,Return Port Pressure,GPV2,psi,0.0 to 580.150952 psi,,0.0,580.150952,2.320603808,0.0,48,55,8,8,100 ms
2944,Port Flow Command,GPV3,%,0 to 100 %,,0.0,100.0,0.4,0.0,0,7,8,8,1 s for each valve or on change of state.
2945,Active Shift Console Indicator,ETC7,bit,0 to 3,,0.0,3.0,1.0,0.0,10,11,2,8,100 ms
2948,Engine Intake Valve Actuation System Oil Pressure,EFL/P3,psi,0.0 to 36404.472237999995 psi,,0.0,36404.472237999995,0.5665536640625,0.0,0,15,16,8,500 ms
2970,Accelerator Pedal 2 Low Idle Switch,EEC2,bit,0 to 3,,0.0,3.0,1.0,0.0,6,7,2,8,50 msec (preferred) or Engine Speed Dependent (if required by application)
2978,Estimated Engine Parasitic Losses - Percent Torque,EEC3,%,-125 to 125 %,0 to 125%,0.0,125.0,1.0,-125.0,32,39,8,8,250 msec (preferred) or Engine Speed Dependent (if required by application)
2979,Vehicle Acceleration Rate Limit Status,EEC2,bit,0 to 3,,0.0,3.0,1.0,0.0,40,41,2,8,50 msec (preferred) or Engine Speed Dependent (if required by application)
2980,Engine Fuel  Valve 1 Outlet Absolute Pressure,GFP,psi,0.0 to 931.939985519 psi,,0.0,931.939985519,0.0145037738,0.0,48,63,16,8,On request
2983,Clutch Life Remaining,ETC6,%,0 to 100 %,,0.0,100.0,0.4,0.0,24,31,8,8,On request
2984,Automatic traction help (load transfer),ASC2,bit,0 to 3,,0.0,3.0,1.0,0.0,0,1,2,8,100 ms
2985,Transmission Shift Selector Display Mode Switch,TC1,bit,0 to 3,,0.0,3.0,1.0,0.0,54,55,2,8,When active; 50 ms to transmission and axles
2986,Engine Intake Valve Actuation System Oil Temperature,ET3,deg F,-459.40000000000003 to 3154.94375 deg F,,-459.40000000000003,3154.94375,0.05625,-459.40000000000003,32,47,16,8,1 s
3026,Transmission Oil Level 1 Measurement Status,TRF1,bit,0 to 15,,0.0,15.0,1.0,0.0,60,63,4,8,1 s
3027,Transmission Oil Level 1 High / Low,TRF1,liters,-62.5 to 62.5 L,,-62.5,62.5,0.5,-62.5,48,55,8,8,1 s
3028,Transmission Oil Level 1 Countdown Timer,TRF1,bit,0 to 15,0 to 13 minutes,0.0,13.0,1.0,0.0,56,59,4,8,1 s
3030,Transmission Torque Converter Ratio,ETC8,Ratio,0 to 64.255,,0.0,64.255,0.001,0.0,0,15,16,8,"20 ms when torque converter unlocked, 100 ms when torque converter locked"
3031,Aftertreatment 1 Diesel Exhaust Fluid Tank Temperature,AT1T1I,deg F,-40.0 to 410.0 deg F,,-40.0,410.0,1.8,-40.0,8,15,8,8,1 s
3034,DM22 Control Byte - Individual DTC Clear/Reset Control Byte,DM22,bit,0 to 255,,0.0,255.0,1.0,0.0,0,7,8,8,On request
3035,DM22 - Control Byte Specific Indicator For Individual DTC Clear,DM22,bit,0 to 255,,0.0,255.0,1.0,0.0,8,15,8,8,On request
3036,DM22 - SPN,DM22,binary,"0 to 524,287",,0.0,524287.0,-3.0,0.0,40,61,19,8,On request
3037,DM22 - FMI,DM22,binary,0 to 31,,0.0,31.0,-3.0,0.0,56,60,5,8,On request
3038,Flash Malfunction Indicator Lamp (MIL),DM12,bit,0 to 3,,0.0,3.0,1.0,0.0,14,15,2,Variable,On request
3039,Flash Red Stop Lamp (RSL),DM12,bit,0 to 3,,0.0,3.0,1.0,0.0,12,13,2,Variable,On request
3040,Flash Amber Warning Lamp (AWL),DM12,bit,0 to 3,,0.0,3.0,1.0,0.0,10,11,2,Variable,On request
3041,Flash Protect Lamp,DM12,bit,0 to 3,,0.0,3.0,1.0,0.0,8,9,2,Variable,On request
3043,Type of Passenger Count,TR7,bit,0 to 255,,0.0,255.0,1.0,0.0,0,7,8,8,On request
3044,Silent Alarm Status,TR7,bit,0 to 3,,0.0,3.0,1.0,0.0,16,17,2,8,On request
3045,Vehicle Use Status,TR7,bit,0 to 3,,0.0,3.0,1.0,0.0,18,19,2,8,On request
3046,Transit Run Status,TR7,bit,0 to 3,,0.0,3.0,1.0,0.0,20,21,2,8,On request
3047,Patron Count,TR7,count,0 to 250,,0.0,250.0,1.0,0.0,8,15,8,8,On request
3048,Ignition Cycle Counter,DM20,count,"0 to 65,535",,0.0,65535.0,1.0,0.0,0,15,16,Variable,On request
3049,OBD Monitoring Conditions Encountered,DM20,count,"0 to 65,535",,0.0,65535.0,1.0,0.0,16,31,16,Variable,On request
3066,SPN of Applicable System Monitor,DM20,binary,"0 to 524,287",,0.0,524287.0,-3.0,0.0,32,50,19,Variable,On request
3067,Applicable System Monitor Numerator,DM20,count,"0 to 65,535",,0.0,65535.0,1.0,0.0,56,71,16,Variable,On request
3068,Applicable System Monitor Denominator,DM20,count,"0 to 65,535",,0.0,65535.0,1.0,0.0,72,87,16,Variable,On request
3069,Distance Travelled While MIL is Activated,DM21,miles,0.0 to 39926.193605 mile,,0.0,39926.193605,0.621371,0.0,0,15,16,8,On request
3070,Number of bytes in the Milepost Identification,TR2,byte,0 to 250 bytes,0 to 100 bytes,0.0,100.0,1.0,0.0,0,7,8,variable,On request
3071,Number of bytes in the Transit Assigned Route Identity,TR1,byte,0 to 250 bytes,1 to 100 bytes,1.0,100.0,1.0,0.0,8,15,8,variable,On request
3072,Number of bytes in the Transit Assigned Run Identity,TR1,byte,0 to 250 bytes,1 to 100 bytes,1.0,100.0,1.0,0.0,16,23,8,variable,On request
3073,Number of bytes in the Transit Assigned Block Identity,TR1,byte,0 to 250 bytes,1 to 100 bytes,1.0,100.0,1.0,0.0,24,31,8,variable,On request
3074,Transit Assigned Route Identity,TR1,ASCII,0 to 255 per byte,,0.0,255.0,-2.0,0.0,-1,0,800,variable,On request
3075,Transit Assigned Run Identity,TR1,ASCII,0 to 255 per byte,,0.0,255.0,-2.0,0.0,-1,0,800,variable,On request
3076,Transit Assigned Block Identity,TR1,ASCII,0 to 255 per byte,,0.0,255.0,-2.0,0.0,-1,0,800,variable,On request
3078,Agency,TR1,count,0 to 255,,0.0,255.0,1.0,0.0,0,7,8,variable,On request
3079,Intersection Preemption Request/Response,TR3,bit,0 to 3,,0.0,3.0,1.0,0.0,6,7,2,8,On request
3080,Transit Route ID Usage,TR3,bit,0 to 3,,0.0,3.0,1.0,0.0,4,5,2,8,On request
3081,Range Code Enable,TR3,bit,0 to 3,,0.0,3.0,1.0,0.0,2,3,2,8,On request
3082,Strobe Activation Control Status,TR3,bit,0 to 3,,0.0,3.0,1.0,0.0,14,15,2,8,On request
3083,Transit Door Enable,TR3,bit,0 to 3,,0.0,3.0,1.0,0.0,12,13,2,8,On request
3084,Priority of Response Sent by Emitter,TR3,bit,0 to 15,,0.0,15.0,1.0,0.0,8,11,4,8,On request
3085,Vehicle ID,TR3,count,"0 to 65,535","0 to 65,534",0.0,65534.0,1.0,0.0,16,31,16,8,On request
3086,Transmission Ready for Brake Release,ETC7,bit,0 to 3,,0.0,3.0,1.0,0.0,8,9,2,8,100 ms
3087,Auxiliary Level,AAI,m,"0 to 6,425.5 mm (0 to 6.4255 m)",,0.0,6425.5,0.1,0.0,32,47,16,8,On request
3156,Blade Control Mode Switch,LOI,bit,0 to 15,,0.0,15.0,1.0,0.0,0,3,4,8,100 ms
3157,Desired Grade Offset Switch,LOI,bit,0 to 15,,0.0,15.0,1.0,0.0,4,7,4,8,100 ms
3158,Blade Auto Mode Command,LOI,bit,0 to 15,,0.0,15.0,1.0,0.0,8,11,4,8,100 ms
3159,Trip Number,TR4,count,"0 to 65,535",,0.0,65535.0,1.0,0.0,24,39,16,15,On request
3160,Assigned Route,TR4,count,"0 to 65,535",,0.0,65535.0,1.0,0.0,56,71,16,15,On request
3161,Pattern Number ,TR4,count,"0 to 65,535",,0.0,65535.0,1.0,0.0,40,55,16,15,On request
3162,Assigned Run,TR4,count,"0 to 65,535",,0.0,65535.0,1.0,0.0,72,87,16,15,On request
3163,Assigned Block,TR4,count,"0 to 65,535",,0.0,65535.0,1.0,0.0,88,103,16,15,On request
3164,Driver's farebox security code,TR4,count,"0 to 65,535",,0.0,65535.0,1.0,0.0,104,119,16,15,On request
3165,Fare Validity,TR5,count,0 to 15,,0.0,15.0,1.0,0.0,16,19,4,8,On request
3166,Pass Category,TR5,count,0 to 15,,0.0,15.0,1.0,0.0,20,23,4,8,On request
3167,Initial Fare Agency,TR5,count,0 to 31,1 to 31,1.0,31.0,1.0,0.0,24,28,5,8,On request
3168,Transfer Sold,TR5,count,0 to 255,,0.0,255.0,1.0,0.0,56,63,8,8,On request
3169,Route Number,TR5,count,0 to 4095,,0.0,4095.0,1.0,0.0,40,55,12,8,On request
3170,Transaction Type,TR5,bit,0 to 15,,0.0,15.0,1.0,0.0,0,3,4,8,On request
3171,Passenger Type,TR5,bit,0 to 15,,0.0,15.0,1.0,0.0,4,7,4,8,On request
3172,Type of Service,TR5,bit,0 to 7,,0.0,7.0,1.0,0.0,32,34,3,8,On request
3173,Transfer Type,TR5,bit,0 to 31,,0.0,31.0,1.0,0.0,35,39,5,8,On request
3174,Trip Direction,TR4,bit,0 to 15,,0.0,15.0,1.0,0.0,8,11,4,15,On request
3175,Fare Presets,TR4,bit,0 to 255,,0.0,255.0,1.0,0.0,16,23,8,15,On request
3176,Type of Fare,TR5,bit,0 to 15,,0.0,15.0,1.0,0.0,8,11,4,8,On request
3177,Payment Details,TR5,bit,0 to 15,,0.0,15.0,1.0,0.0,12,15,4,8,On request
3178,Farebox Service Status,TR4,bit,0 to 3,,0.0,3.0,1.0,0.0,0,1,2,15,On request
3179,Farebox Emergency Status,TR6,bit,0 to 3,,0.0,3.0,1.0,0.0,0,1,2,8,On request
3180,Trip Status,TR4,bit,0 to 7,,0.0,7.0,1.0,0.0,2,4,3,15,On request
3181,Farebox Alarm Identifier,TR6,bit,0 to 127,,0.0,127.0,1.0,0.0,8,14,7,8,On request
3188,XBR Message Checksum,XBR,count,0 to 15,,0.0,15.0,1.0,0.0,60,63,4,8,When active: 20 ms; else 200 ms
3189,XBR Message Counter,XBR,count,0 to 15,,0.0,15.0,1.0,0.0,56,59,4,8,When active: 20 ms; else 200 ms
3190,Tire Location,TPRI,bit,0 to 255,,0.0,255.0,1.0,0.0,0,7,8,8,On request
3191,Reference Tire Pressure,TPRI,psi,0.0 to 290.075476 psi,,0.0,290.075476,1.160301904,0.0,8,15,8,8,On request
3192,Tire Location,TPRS,bit,0 to 255,,0.0,255.0,1.0,0.0,0,7,8,8,As needed
3193,Reference Tire Pressure Setting,TPRS,psi,0.0 to 290.075476 psi,,0.0,290.075476,1.160301904,0.0,8,15,8,8,As needed
3215,Prohibit air suspension control,ASC2,bit,0 to 3,,0.0,3.0,1.0,0.0,52,53,2,8,100 ms
3216,Aftertreatment 1 Intake NOx,AT1IG1,ppm,-200 to 3012.75 ppm,,-200.0,3012.75,0.05,-200.0,0,15,16,8,50 ms
3217,Aftertreatment 1 Intake O2,AT1IG1,%,-12 to 21%,,-12.0,21.0,0.000514,-12.0,16,31,16,8,50 ms
3218,Aftertreatment 1 Intake Gas Sensor Power Status,AT1IG1,bit,0 to 3,,0.0,3.0,1.0,0.0,32,33,2,8,50 ms
3219,Aftertreatment 1 Intake Gas Sensor at Temperature,AT1IG1,bit,0 to 3,,0.0,3.0,1.0,0.0,34,35,2,8,50 ms
3220,Aftertreatment 1 Intake NOx Reading Stable,AT1IG1,bit,0 to 3,,0.0,3.0,1.0,0.0,36,37,2,8,50 ms
3221,Aftertreatment 1 Intake Wide-Range % O2 Reading Stable,AT1IG1,bit,0 to 3,,0.0,3.0,1.0,0.0,38,39,2,8,50 ms
3222,Aftertreatment 1 Intake Gas Sensor Heater Preliminary FMI,AT1IG1,binary,0 to 31,,0.0,31.0,-3.0,0.0,40,44,5,8,50 ms
3223,Aftertreatment 1 Intake Gas Sensor Heater Control,AT1IG1,bit,0 to 3,,0.0,3.0,1.0,0.0,45,46,2,8,50 ms
3224,Aftertreatment 1 Intake NOx Sensor Preliminary FMI,AT1IG1,binary,0 to 31,,0.0,31.0,-3.0,0.0,48,52,5,8,50 ms
3225,Aftertreatment 1 Intake Oxygen Sensor Preliminary FMI,AT1IG1,binary,0 to 31,,0.0,31.0,-3.0,0.0,56,60,5,8,50 ms
3226,Aftertreatment 1 Outlet NOx,AT1OG1,ppm,-200 to 3012.75 ppm,,-200.0,3012.75,0.05,-200.0,0,15,16,8,50 ms
3227,Aftertreatment 1 Outlet O2,AT1OG1,%,-12 to 21%,,-12.0,21.0,0.000514,-12.0,16,31,16,8,50 ms
3228,Aftertreatment 1 Outlet Gas Sensor Power Status,AT1OG1,bit,0 to 3,,0.0,3.0,1.0,0.0,32,33,2,8,50 ms
3229,Aftertreatment 1 Outlet Gas Sensor at Temperature,AT1OG1,bit,0 to 3,,0.0,3.0,1.0,0.0,34,35,2,8,50 ms
3230,Aftertreatment 1 Outlet NOx Reading Stable,AT1OG1,bit,0 to 3,,0.0,3.0,1.0,0.0,36,37,2,8,50 ms
3231,Aftertreatment 1 Outlet Wide-Range %O2 Reading Stable,AT1OG1,bit,0 to 3,,0.0,3.0,1.0,0.0,38,39,2,8,50 ms
3232,Aftertreatment 1 Outlet Gas Sensor Heater Preliminary FMI,AT1OG1,binary,0 to 31,,0.0,31.0,-3.0,0.0,40,44,5,8,50 ms
3233,Aftertreatment 1 Outlet Gas Sensor Heater Control,AT1OG1,bit,0 to 3,,0.0,3.0,1.0,0.0,45,46,2,8,50 ms
3234,Aftertreatment 1 Outlet NOx Sensor Preliminary FMI,AT1OG1,binary,0 to 31,,0.0,31.0,-3.0,0.0,48,52,5,8,50 ms
3235,Aftertreatment 1 Outlet Oxygen Sensor Preliminary FMI,AT1OG1,binary,0 to 31,,0.0,31.0,-3.0,0.0,56,60,5,8,50 ms
3236,Aftertreatment 1 Exhaust Gas Mass Flow,EEC3,kg/h,0 to 12851 kg/h per bit,,0.0,12851.0,0.2,0.0,40,55,16,8,250 msec (preferred) or Engine Speed Dependent (if required by application)
3237,Aftertreatment 1 Intake Dew Point,EEC3,bit,0 to 3,,0.0,3.0,1.0,0.0,56,57,2,8,250 msec (preferred) or Engine Speed Dependent (if required by application)
3238,Aftertreatment 1 Exhaust Dew Point,EEC3,bit,0 to 3,,0.0,3.0,1.0,0.0,58,59,2,8,250 msec (preferred) or Engine Speed Dependent (if required by application)
3239,Aftertreatment 2 Intake Dew Point,EEC3,bit,0 to 3,,0.0,3.0,1.0,0.0,60,61,2,8,250 msec (preferred) or Engine Speed Dependent (if required by application)
3240,Aftertreatment 2 Exhaust Dew Point,EEC3,bit,0 to 3,,0.0,3.0,1.0,0.0,62,63,2,8,250 msec (preferred) or Engine Speed Dependent (if required by application)
3241,Aftertreatment 1 Exhaust Gas Temperature 1,AT1IG2,deg F,-459.40000000000003 to 3154.94375 deg F,,-459.40000000000003,3154.94375,0.05625,-459.40000000000003,0,15,16,8,500 ms
3242,Aftertreatment 1 DPF Intake Gas Temperature,AT1IG2,deg F,-459.40000000000003 to 3154.94375 deg F,,-459.40000000000003,3154.94375,0.05625,-459.40000000000003,16,31,16,8,500 ms
3243,Aftertreatment 1 Exhaust Gas Temperature 1 Preliminary FMI,AT1IG2,binary,0 to 31,,0.0,31.0,-3.0,0.0,32,36,5,8,500 ms
3244,Aftertreatment 1 DPF Intake Gas Temperature Preliminary FMI,AT1IG2,binary,0 to 31,,0.0,31.0,-3.0,0.0,40,44,5,8,500 ms
3245,Aftertreatment 1 Exhaust Gas Temperature 3,AT1OG2,deg F,-459.40000000000003 to 3154.94375 deg F,,-459.40000000000003,3154.94375,0.05625,-459.40000000000003,0,15,16,8,500 ms
3246,Aftertreatment 1 DPF Outlet Gas Temperature,AT1OG2,deg F,-459.40000000000003 to 3154.94375 deg F,,-459.40000000000003,3154.94375,0.05625,-459.40000000000003,16,31,16,8,500 ms
3247,Aftertreatment 1 Exhaust Gas Temperature 3 Preliminary FMI,AT1OG2,binary,0 to 31,,0.0,31.0,-3.0,0.0,32,36,5,8,500 ms
3248,Aftertreatment 1 DPF Outlet Exhaust Gas Temperature  Preliminary FMI,AT1OG2,binary,0 to 31,,0.0,31.0,-3.0,0.0,40,44,5,8,500 ms
3249,Aftertreatment 1 Exhaust Gas Temperature 2,AT1IMG,deg F,-459.40000000000003 to 3154.94375 deg F,,-459.40000000000003,3154.94375,0.05625,-459.40000000000003,0,15,16,8,500 ms
3250,Aftertreatment 1 DPF Intermediate Gas Temperature,AT1IMG,deg F,-459.40000000000003 to 3154.94375 deg F,,-459.40000000000003,3154.94375,0.05625,-459.40000000000003,16,31,16,8,500 ms
3251,Aftertreatment 1 DPF Differential Pressure,AT1IMG,psi,0.0 to 931.939985519 psi,,0.0,931.939985519,0.0145037738,0.0,32,47,16,8,500 ms
3252,Aftertreatment 1 Exhaust Gas Temperature 2 Preliminary FMI,AT1IMG,binary,0 to 31,,0.0,31.0,-3.0,0.0,48,52,5,8,500 ms
3253,Aftertreatment 1 DPF Delta Pressure Preliminary FMI,AT1IMG,binary,0 to 31,,0.0,31.0,-3.0,0.0,53,56,5,8,500 ms
3254,Aftertreatment 1 DPF Intermediate Gas Temperature Preliminary FMI,AT1IMG,binary,0 to 31,,0.0,31.0,-3.0,0.0,58,62,5,8,500 ms
3255,Aftertreatment 2 Intake NOx,AT2IG1,ppm,-200 to 3012.75 ppm,,-200.0,3012.75,0.05,-200.0,0,15,16,8,50 ms
3256,Aftertreatment 2 Intake O2,AT2IG1,%,-12 to 21%,,-12.0,21.0,0.000514,-12.0,16,31,16,8,50 ms
3257,Aftertreatment 2 Intake Gas Sensor Power Status,AT2IG1,bit,0 to 3,,0.0,3.0,1.0,0.0,32,33,2,8,50 ms
3258,Aftertreatment 2 Intake Gas Sensor at Temperature,AT2IG1,bit,0 to 3,,0.0,3.0,1.0,0.0,34,35,2,8,50 ms
3259,Aftertreatment 2 Intake NOx Reading Stable,AT2IG1,bit,0 to 3,,0.0,3.0,1.0,0.0,36,37,2,8,50 ms
3260,Aftertreatment 2 Intake Wide-Range % O2 Reading Stable,AT2IG1,bit,0 to 3,,0.0,3.0,1.0,0.0,38,39,2,8,50 ms
3261,Aftertreatment 2 Intake Gas Sensor Heater Preliminary FMI,AT2IG1,binary,0 to 31,,0.0,31.0,-3.0,0.0,40,44,5,8,50 ms
3262,Aftertreatment 2 Intake Gas Sensor Heater Control,AT2IG1,bit,0 to 3,,0.0,3.0,1.0,0.0,45,46,2,8,50 ms
3263,Aftertreatment 2 Intake NOx Sensor Preliminary FMI,AT2IG1,binary,0 to 31,,0.0,31.0,-3.0,0.0,48,52,5,8,50 ms
3264,Aftertreatment 2 Intake Oxygen Sensor Preliminary FMI,AT2IG1,binary,0 to 31,,0.0,31.0,-3.0,0.0,56,60,5,8,50 ms
3265,Aftertreatment 2 Outlet NOx,AT2OG1,ppm,-200 to 3012.75 ppm,,-200.0,3012.75,0.05,-200.0,0,15,16,8,50 ms
3266,Aftertreatment 2 Outlet O2,AT2OG1,%,-12 to 21%,,-12.0,21.0,0.000514,-12.0,16,31,16,8,50 ms
3267,Aftertreatment 2 Outlet Gas Sensor Power Status,AT2OG1,bit,0 to 3,,0.0,3.0,1.0,0.0,32,33,2,8,50 ms
3268,Aftertreatment 2 Outlet Gas Sensor at Temperature,AT2OG1,bit,0 to 3,,0.0,3.0,1.0,0.0,34,35,2,8,50 ms
3269,Aftertreatment 2 Outlet NOx Reading Stable,AT2OG1,bit,0 to 3,,0.0,3.0,1.0,0.0,36,37,2,8,50 ms
3270,Aftertreatment 2 Outlet Wide-Range % O2 Reading Stable,AT2OG1,bit,0 to 3,,0.0,3.0,1.0,0.0,38,39,2,8,50 ms
3271,Aftertreatment 2 Outlet Gas Sensor Heater Preliminary FMI,AT2OG1,binary,0 to 31,,0.0,31.0,-3.0,0.0,40,44,5,8,50 ms
3272,Aftertreatment 2 Outlet Gas Sensor Heater Control,AT2OG1,bit,0 to 3,,0.0,3.0,1.0,0.0,45,46,2,8,50 ms
3273,Aftertreatment 2 Outlet NOx Sensor Preliminary FMI,AT2OG1,binary,0 to 31,,0.0,31.0,-3.0,0.0,48,52,5,8,50 ms
3274,Aftertreatment 2 Outlet Oxygen Sensor Preliminary FMI,AT2OG1,binary,0 to 31,,0.0,31.0,-3.0,0.0,56,60,5,8,50 ms
3275,Aftertreatment 2 Exhaust Gas Temperature 1,AT2IG2,deg F,-459.40000000000003 to 3154.94375 deg F,,-459.40000000000003,3154.94375,0.05625,-459.40000000000003,0,15,16,8,500 ms
3276,Aftertreatment 2 DPF Intake Gas Temperature,AT2IG2,deg F,-459.40000000000003 to 3154.94375 deg F,,-459.40000000000003,3154.94375,0.05625,-459.40000000000003,16,31,16,8,500 ms
3277,Aftertreatment 2 Exhaust Gas Temperature 1 Preliminary FMI,AT2IG2,binary,0 to 31,,0.0,31.0,-3.0,0.0,32,36,5,8,500 ms
3278,Aftertreatment 2 DPF Intake Gas Temperature Preliminary FMI,AT2IG2,binary,0 to 31,,0.0,31.0,-3.0,0.0,40,44,5,8,500 ms
3279,Aftertreatment 2 Exhaust Gas Temperature 3,AT2OG2,deg F,-459.40000000000003 to 3154.94375 deg F,,-459.40000000000003,3154.94375,0.05625,-459.40000000000003,0,15,16,8,500 ms
3280,Aftertreatment 2 DPF Outlet Gas Temperature,AT2OG2,deg F,-459.40000000000003 to 3154.94375 deg F,,-459.40000000000003,3154.94375,0.05625,-459.40000000000003,16,31,16,8,500 ms
3281,Aftertreatment 2 Exhaust Gas Temperature 3 Preliminary FMI,AT2OG2,binary,0 to 31,,0.0,31.0,-3.0,0.0,32,36,5,8,500 ms
3282,Aftertreatment 2 DPF Exhaust Gas Temperature  Preliminary FMI,AT2OG2,binary,0 to 31,,0.0,31.0,-3.0,0.0,40,44,5,8,500 ms
3283,Aftertreatment 2 Exhaust Gas Temperature 2,AT2IMG,deg F,-459.40000000000003 to 3154.94375 deg F,,-459.40000000000003,3154.94375,0.05625,-459.40000000000003,0,15,16,8,500 ms
3284,Aftertreatment 2 DPF Intermediate Gas Temperature,AT2IMG,deg F,-459.40000000000003 to 3154.94375 deg F,,-459.40000000000003,3154.94375,0.05625,-459.40000000000003,16,31,16,8,500 ms
3285,Aftertreatment 2 DPF Differential Pressure,AT2IMG,psi,0.0 to 931.939985519 psi,,0.0,931.939985519,0.0145037738,0.0,32,47,16,8,500 ms
3286,Aftertreatment 2 Exhaust Gas Temperature 2 Preliminary FMI,AT2IMG,binary,0 to 31,,0.0,31.0,-3.0,0.0,48,52,5,8,500 ms
3287,Aftertreatment 2 DPF Delta Pressure Preliminary FMI,AT2IMG,binary,0 to 31,,0.0,31.0,-3.0,0.0,53,56,5,8,500 ms
3288,Aftertreatment 2 DPF Intermediate Gas Temperature Preliminary FMI,AT2IMG,binary,0 to 31,,0.0,31.0,-3.0,0.0,58,62,5,8,500 ms
3289,Transmission Requested Gear Feedback,ETC7,gear value,-125 to 125,,-125.0,125.0,1.0,-125.0,24,31,8,8,100 ms
3294,Distance Since Diagnostic Trouble Codes Cleared,DM21,miles,0.0 to 39926.193605 mile,,0.0,39926.193605,0.621371,0.0,16,31,16,8,On request
3295,Minutes Accumulated While MIL Activated,DM21,minutes,"0 to 64,255 mins",,0.0,64255.0,1.0,0.0,32,47,16,8,On request
3296,Time Since Diagnostic Trouble Codes Cleared,DM21,minutes,"0 to 64,255 mins",,0.0,64255.0,1.0,0.0,48,63,16,8,On request
3297,SPN Supported,DM24,binary,"0 to 524,287",,0.0,524287.0,-3.0,0.0,0,18,19,8,On request
3300,Expanded Freeze Frame Length,DM25,bit,0 to 255,,0.0,255.0,1.0,0.0,0,7,8,8,On request
3301,Time Since Engine Start,DM26,Seconds,"0 to 64,255 s",,0.0,64255.0,1.0,0.0,0,15,16,8,On request
3302,Number of Warm-Ups Since DTCs Cleared,DM26,count,0 to 250,,0.0,250.0,1.0,0.0,16,23,8,8,On request
3303,Continuously Monitored Systems Enabled/Completed Status,DM26,bit-mapped,bit-mapped,,-1.0,-1.0,8.0,0.0,24,31,8,8,On request
3304,Non-Continuously Monitored Systems Enabled Status,DM26,bit-mapped,bit-mapped,,-1.0,-1.0,16.0,0.0,32,47,16,8,On request
3305,Non-Continuously Monitored Systems Complete Status,DM26,bit-mapped,bit-mapped,,-1.0,-1.0,16.0,0.0,48,63,16,8,On request
3307,Fifth Wheel Error Status,FWSS2,bit,0 to 15,,0.0,15.0,1.0,0.0,0,3,4,8,On request
3308,Fifth Wheel Vertical Force,FWSS1,N,"0 to 321,275 N",,0.0,321275.0,5.0,0.0,0,15,16,8,50 ms
3309,Fifth Wheel Drawbar Force,FWSS1,N,"-320,000 to 322,550 N",,-320000.0,322550.0,10.0,-320000.0,16,31,16,8,50 ms
3310,Fifth Wheel Roll Moment ,FWSS1,N,"-320,000 to 322,550 N",,-320000.0,322550.0,10.0,-320000.0,32,47,16,8,50 ms
3311,Fifth Wheel Slider Position,FWSS2,mm,0 to 2500 mm (0 to 2.500 m),,0.0,25000.0,10.0,0.0,8,15,8,8,On request
3312,Fifth Wheel Lock Ready to Couple Indicator,FWSS2,bit,0 to 3,,0.0,3.0,1.0,0.0,4,5,2,8,On request
3313,Fifth Wheel Lock Couple Status Indicator,FWSS2,bit,0 to 3,,0.0,3.0,1.0,0.0,6,7,2,8,On request
3314,Fifth Wheel Release Control,CM3,bit,0 to 3,,0.0,3.0,1.0,0.0,8,9,2,8,"Every 10 s and on change of state but no faster than every 100 ms.  Grandfathered definition for systems that implemented this message prior to July, 2010: On change or every 10 s"
3315,Fifth Wheel Release Control Security Lockout,CM3,bit,0 to 3,,0.0,3.0,1.0,0.0,10,11,2,8,"Every 10 s and on change of state but no faster than every 100 ms.  Grandfathered definition for systems that implemented this message prior to July, 2010: On change or every 10 s"
3316,Fifth Wheel Slider Lock Indicator,FWSS2,bit,0 to 3,,0.0,3.0,1.0,0.0,16,17,2,8,On request
3317,Fifth Wheel Roll Warning Indicator,FWSS1,bit,0 to 3,,0.0,3.0,1.0,0.0,48,49,2,8,50 ms
3318,Pitch Angle,SSI,deg,-64 to 64.51 deg,,-64.0,64.51,0.002,-64.0,0,15,16,8,10 ms
3319,Roll Angle,SSI,deg,-64 to 64.51 deg,,-64.0,64.51,0.002,-64.0,16,31,16,8,10 ms
3322,Pitch Rate,SSI,deg/sec,-64 to 64.51 deg/sec,,-64.0,64.51,0.002,-64.0,32,47,16,8,10 ms
3323,Pitch Angle Figure of Merit,SSI,bit,0 to 3,,0.0,3.0,1.0,0.0,48,49,2,8,10 ms
3324,Roll Angle Figure of Merit,SSI,bit,0 to 3,,0.0,3.0,1.0,0.0,50,51,2,8,10 ms
3325,Pitch Rate Figure of Merit,SSI,bit,0 to 3,,0.0,3.0,1.0,0.0,52,53,2,8,10 ms
3326,Pitch and Roll Compensated,SSI,bit,0 to 3,,0.0,3.0,1.0,0.0,54,55,2,8,10 ms
3327,Roll and Pitch Measurement Latency,SSI,Milliseconds,0 to 125 ms,,0.0,125.0,0.5,0.0,56,63,8,8,10 ms
3328,Manufacturer Specific Information (PropA2_PDU1),PropA2,Manufacturer Determined,Manufacturer Determined,,-1.0,-1.0,-1.0,0.0,0,63,14280,Variable,Per user requirements
3329,Message Selection Control,RCMS,count,0 to 250,,0.0,250.0,1.0,0.0,0,7,8,8,As Needed
3330,PGN of Configurable Message Desired,RCMS,binary,"0 to 16,777,215",,0.0,16777215.0,-3.0,0.0,8,31,24,8,As Needed
3331,Blade Rotation Angle,BI,deg,-200 to 301.99 deg,,-200.0,301.99,1.0,-200.0,16,31,16,8,50 ms
3332,Blade Rotation Angle Figure of Merit,BI,bit,0 to 3,,0.0,3.0,1.0,0.0,42,43,2,8,50 ms
3334,Left Blade Control Mode Operator Control,LOI,bit,0 to 15,,0.0,15.0,1.0,0.0,12,15,4,8,100 ms
3335,Right Blade Control Mode Operator Control,LOI,bit,0 to 15,,0.0,15.0,1.0,0.0,16,19,4,8,100 ms
3336,Left Desired Blade Offset Operator Control,LOI,bit,0 to 15,,0.0,15.0,1.0,0.0,20,23,4,8,100 ms
3337,Right Desired Blade Offset Operator Control,LOI,bit,0 to 15,,0.0,15.0,1.0,0.0,24,27,4,8,100 ms
3338,Side-shift Blade Control Mode Operator Control,LOI,bit,0 to 15,,0.0,15.0,1.0,0.0,28,31,4,8,100 ms
3339,Side-shift Desired Blade Offset Operator Control,LOI,bit,0 to 15,,0.0,15.0,1.0,0.0,32,35,4,8,100 ms
3340,Engine Charge Air Cooler 1 Intake Pressure,EFL/P4,psi,0.0 to 72.518869 psi,,0.0,72.518869,0.290075476,0.0,0,7,8,8,500 ms
3341,Engine Charge Air Cooler 2 Intake Pressure,EFL/P4,psi,0.0 to 72.518869 psi,,0.0,72.518869,0.290075476,0.0,8,15,8,8,500 ms
3342,Engine Coolant Pump Differential Pressure,EFL/P4,psi,-1.015264166 to 58.450208414 psi,,-1.015264166,58.450208414,0.23786189032,-1.015264166,16,23,8,8,500 ms
3343,Engine Centrifugal Oil Filter speed,EFL/P4,rpm,"0 to 257,020 rpm",,0.0,257020.0,4.0,0.0,24,39,16,8,500 ms
3344,Support Variable Rate TSC1 Message,EC1,bit,0 to 255,,0.0,255.0,1.0,0.0,272,279,8,39,Every 5 s and on change of torque/speed points of more than 10% since last transmission but no faster than every 500 ms
3345,Support TSC1 Control Purpose Group 1,EC1,bit,0 to 255,,0.0,255.0,1.0,0.0,280,287,8,39,Every 5 s and on change of torque/speed points of more than 10% since last transmission but no faster than every 500 ms
3346,Support TSC1 Control Purpose Group 2,EC1,bit,0 to 255,,0.0,255.0,1.0,0.0,288,295,8,39,Every 5 s and on change of torque/speed points of more than 10% since last transmission but no faster than every 500 ms
3347,Support TSC1 Control Purpose Group 3,EC1,bit,0 to 255,,0.0,255.0,1.0,0.0,296,303,8,39,Every 5 s and on change of torque/speed points of more than 10% since last transmission but no faster than every 500 ms
3348,Support TSC1 Control Purpose Group 4,EC1,bit,0 to 255,,0.0,255.0,1.0,0.0,304,311,8,39,Every 5 s and on change of torque/speed points of more than 10% since last transmission but no faster than every 500 ms
3349,TSC1 Transmission Rate,TSC1,bit,0 to 7,,0.0,7.0,1.0,0.0,32,34,3,8,"To engine: Control Purpose dependent or 10 ms
To retarder: 50 ms"
3350,TSC1 Control Purpose,TSC1,bit,0 to 31,,0.0,31.0,1.0,0.0,35,39,5,8,"To engine: Control Purpose dependent or 10 ms
To retarder: 50 ms"
3353,Alternator 1 Status,AS,bit,0 to 3,,0.0,3.0,1.0,0.0,16,17,2,8,1 sec
3354,Alternator 2 Status,AS,bit,0 to 3,,0.0,3.0,1.0,0.0,18,19,2,8,1 sec
3355,Alternator 3 Status,AS,bit,0 to 3,,0.0,3.0,1.0,0.0,20,21,2,8,1 sec
3356,Alternator 4 Status,AS,bit,0 to 3,,0.0,3.0,1.0,0.0,22,23,2,8,1 sec
3357,Actual Maximum Available Engine - Percent Torque,EEC2,%,0 to 100 %,,0.0,100.0,0.4,0.0,48,55,8,8,50 msec (preferred) or Engine Speed Dependent (if required by application)
3358,Engine Exhaust Gas Recirculation 1 Intake Pressure,EFL/P3,psi,0.0 to 72.518869 psi,,0.0,72.518869,0.290075476,0.0,16,23,8,8,500 ms
3359,Transmission Oil Filter Restriction Switch,TRF2,bit,0 to 3,,0.0,3.0,1.0,0.0,0,1,2,8,1 s
3363,Aftertreatment 1 Diesel Exhaust Fluid Tank Heater,AT1T1I,%,0 to 100 %,,0.0,100.0,0.4,0.0,48,55,8,8,1 s
3365,Relative Blade Height,BI,m,"-3,200 to 3,225.5 mm",,-3200.0,3225.5,0.1,-3.2,0,15,16,8,50 ms
3366,Relative Blade Height and Blade Rotation Angle Measurement Latency,BI,Milliseconds,0 to 125 ms,,0.0,125.0,0.5,0.0,32,39,8,8,50 ms
3367,Relative Blade Height Figure of Merit,BI,bit,0 to 3,,0.0,3.0,1.0,0.0,40,41,2,8,50 ms
3368,Network Transceiver Status 1,WCM1,bit,0 to 255,,0.0,255.0,1.0,0.0,0,7,8,8,On request
3369,Network Service Status 1,WCM1,bit,0 to 255,,0.0,255.0,1.0,0.0,8,15,8,8,On request
3370,Network Antenna Status 1,WCM1,bit,0 to 255,,0.0,255.0,1.0,0.0,16,23,8,8,On request
3371,Network Signal Strength 1,WCM1,%,0 to 100 %,,0.0,100.0,0.4,0.0,24,31,8,8,On request
3372,Wireless Communication Network Type 1,WCM1,bit,0 to 255,,0.0,255.0,1.0,0.0,32,39,8,8,On request
3375,Voltage Regulator Load Compensation Mode,VROM,bit,0 to 7,,0.0,7.0,1.0,0.0,0,2,3,8,1 sec
3376,Voltage Regulator VAr/Power Factor operating mode,VROM,bit,0 to 7,,0.0,7.0,1.0,0.0,3,5,3,8,1 sec
3377,Voltage Regulator Underfrequency Compensation enabled,VROM,bit,0 to 3,,0.0,3.0,1.0,0.0,6,7,2,8,1 sec
3378,Voltage Regulator Soft Start State,VROM,bit,0 to 3,,0.0,3.0,1.0,0.0,8,9,2,8,1 sec
3379,Voltage Regulator Enabled,VROM,bit,0 to 3,,0.0,3.0,1.0,0.0,10,11,2,8,1 sec
3380,Generator Excitation Field Voltage,VREP,Volts,-1606.00 to 1606.75 V,,-1606.0,1606.75,0.05,-1606.0,0,15,16,8,100 ms
3381,Generator Excitation Field Current,VREP,Amps,0 to 3212.75 A,,0.0,3212.75,0.05,0.0,16,31,16,8,100 ms
3382,Generator Output Voltage Bias Percentage,VREP,%,-100 to 100 %,-100 to 100%,-100.0,100.0,0.1,-3212.75,32,47,16,8,100 ms
3383,Requested Generator Total AC Reactive Power,RGTACRP,VA,"-2,000,000,000 to +2,211,081,215 VA",,-2000000000.0,2211081215.0,1.0,-2000000000.0,0,31,32,8,100 ms
3384,Requested Generator Overall Power Factor,RGTACRP,,-1.00000 to +2.921814,-1 to 1,-1.0,1.0,1.0,-1.0,32,47,16,8,100 ms
3385,Requested Generator Overall Power Factor Lagging,RGTACRP,bit,0 to 3,,0.0,3.0,1.0,0.0,48,49,2,8,100 ms
3386,Requested Generator Average Line-Line AC RMS Voltage,RGAAC,Volts,"0 to 32,899,071 V",,0.0,32899071.0,1.0,0.0,0,31,32,8,100 ms
3387,Engine Cylinder 1 Combustion Status,CCS,bit,0 to 3,,0.0,3.0,1.0,0.0,0,1,2,8,"Engine speed dependent when there is no combustion, once every 5 seconds otherwise"
3388,Engine Cylinder 2 Combustion Status,CCS,bit,0 to 3,,0.0,3.0,1.0,0.0,2,3,2,8,"Engine speed dependent when there is no combustion, once every 5 seconds otherwise"
3389,Engine Cylinder 3 Combustion Status,CCS,bit,0 to 3,,0.0,3.0,1.0,0.0,4,5,2,8,"Engine speed dependent when there is no combustion, once every 5 seconds otherwise"
3390,Engine Cylinder 4 Combustion Status,CCS,bit,0 to 3,,0.0,3.0,1.0,0.0,6,7,2,8,"Engine speed dependent when there is no combustion, once every 5 seconds otherwise"
3391,Engine Cylinder 5 Combustion Status,CCS,bit,0 to 3,,0.0,3.0,1.0,0.0,8,9,2,8,"Engine speed dependent when there is no combustion, once every 5 seconds otherwise"
3392,Engine Cylinder 6 Combustion Status,CCS,bit,0 to 3,,0.0,3.0,1.0,0.0,10,11,2,8,"Engine speed dependent when there is no combustion, once every 5 seconds otherwise"
3393,Engine Cylinder 7 Combustion Status,CCS,bit,0 to 3,,0.0,3.0,1.0,0.0,12,13,2,8,"Engine speed dependent when there is no combustion, once every 5 seconds otherwise"
3394,Engine Cylinder 8 Combustion Status,CCS,bit,0 to 3,,0.0,3.0,1.0,0.0,14,15,2,8,"Engine speed dependent when there is no combustion, once every 5 seconds otherwise"
3395,Engine Cylinder 9 Combustion Status,CCS,bit,0 to 3,,0.0,3.0,1.0,0.0,16,17,2,8,"Engine speed dependent when there is no combustion, once every 5 seconds otherwise"
3396,Engine Cylinder 10 Combustion Status,CCS,bit,0 to 3,,0.0,3.0,1.0,0.0,18,19,2,8,"Engine speed dependent when there is no combustion, once every 5 seconds otherwise"
3397,Engine Cylinder 11 Combustion Status,CCS,bit,0 to 3,,0.0,3.0,1.0,0.0,20,21,2,8,"Engine speed dependent when there is no combustion, once every 5 seconds otherwise"
3398,Engine Cylinder 12 Combustion Status,CCS,bit,0 to 3,,0.0,3.0,1.0,0.0,22,23,2,8,"Engine speed dependent when there is no combustion, once every 5 seconds otherwise"
3399,Engine Cylinder 13 Combustion Status,CCS,bit,0 to 3,,0.0,3.0,1.0,0.0,24,25,2,8,"Engine speed dependent when there is no combustion, once every 5 seconds otherwise"
3400,Engine Cylinder 14 Combustion Status,CCS,bit,0 to 3,,0.0,3.0,1.0,0.0,26,27,2,8,"Engine speed dependent when there is no combustion, once every 5 seconds otherwise"
3401,Engine Cylinder 15 Combustion Status,CCS,bit,0 to 3,,0.0,3.0,1.0,0.0,28,29,2,8,"Engine speed dependent when there is no combustion, once every 5 seconds otherwise"
3402,Engine Cylinder 16 Combustion Status,CCS,bit,0 to 3,,0.0,3.0,1.0,0.0,30,31,2,8,"Engine speed dependent when there is no combustion, once every 5 seconds otherwise"
3403,Engine Cylinder 17 Combustion Status,CCS,bit,0 to 3,,0.0,3.0,1.0,0.0,32,33,2,8,"Engine speed dependent when there is no combustion, once every 5 seconds otherwise"
3404,Engine Cylinder 18 Combustion Status,CCS,bit,0 to 3,,0.0,3.0,1.0,0.0,34,35,2,8,"Engine speed dependent when there is no combustion, once every 5 seconds otherwise"
3405,Engine Cylinder 19 Combustion Status,CCS,bit,0 to 3,,0.0,3.0,1.0,0.0,36,37,2,8,"Engine speed dependent when there is no combustion, once every 5 seconds otherwise"
3406,Engine Cylinder 20 Combustion Status,CCS,bit,0 to 3,,0.0,3.0,1.0,0.0,38,39,2,8,"Engine speed dependent when there is no combustion, once every 5 seconds otherwise"
3407,Engine Cylinder 21 Combustion Status,CCS,bit,0 to 3,,0.0,3.0,1.0,0.0,40,41,2,8,"Engine speed dependent when there is no combustion, once every 5 seconds otherwise"
3408,Engine Cylinder 22 Combustion Status,CCS,bit,0 to 3,,0.0,3.0,1.0,0.0,42,43,2,8,"Engine speed dependent when there is no combustion, once every 5 seconds otherwise"
3409,Engine Cylinder 23 Combustion Status,CCS,bit,0 to 3,,0.0,3.0,1.0,0.0,44,45,2,8,"Engine speed dependent when there is no combustion, once every 5 seconds otherwise"
3410,Engine Cylinder 24 Combustion Status,CCS,bit,0 to 3,,0.0,3.0,1.0,0.0,46,47,2,8,"Engine speed dependent when there is no combustion, once every 5 seconds otherwise"
3411,Status 2 of doors,DC1,bit,0 to 3,,0.0,3.0,1.0,0.0,6,7,2,8,100 ms
3412,Lock Status of Door 1,DC2,bit,0 to 3,,0.0,3.0,1.0,0.0,0,1,2,8,100 ms
3413,Open Status of Door 1,DC2,bit,0 to 3,,0.0,3.0,1.0,0.0,2,3,2,8,100 ms
3414,Enable Status of Door 1,DC2,bit,0 to 3,,0.0,3.0,1.0,0.0,4,5,2,8,100 ms
3415,Lock Status of Door 2,DC2,bit,0 to 3,,0.0,3.0,1.0,0.0,6,7,2,8,100 ms
3416,Open Status of Door 2,DC2,bit,0 to 3,,0.0,3.0,1.0,0.0,8,9,2,8,100 ms
3417,Enable Status of Door 2,DC2,bit,0 to 3,,0.0,3.0,1.0,0.0,10,11,2,8,100 ms
3418,Lock Status of Door 3,DC2,bit,0 to 3,,0.0,3.0,1.0,0.0,12,13,2,8,100 ms
3419,Open Status of Door 3,DC2,bit,0 to 3,,0.0,3.0,1.0,0.0,14,15,2,8,100 ms
3420,Enable Status of Door 3,DC2,bit,0 to 3,,0.0,3.0,1.0,0.0,16,17,2,8,100 ms
3421,Lock Status of Door 4,DC2,bit,0 to 3,,0.0,3.0,1.0,0.0,18,19,2,8,100 ms
3422,Open Status of Door 4,DC2,bit,0 to 3,,0.0,3.0,1.0,0.0,20,21,2,8,100 ms
3423,Enable Status of Door 4,DC2,bit,0 to 3,,0.0,3.0,1.0,0.0,22,23,2,8,100 ms
3424,Lock Status of Door 5,DC2,bit,0 to 3,,0.0,3.0,1.0,0.0,24,25,2,8,100 ms
3425,Open Status of Door 5,DC2,bit,0 to 3,,0.0,3.0,1.0,0.0,26,27,2,8,100 ms
3426,Enable Status of Door 5,DC2,bit,0 to 3,,0.0,3.0,1.0,0.0,28,29,2,8,100 ms
3427,Lock Status of Door 6,DC2,bit,0 to 3,,0.0,3.0,1.0,0.0,30,31,2,8,100 ms
3428,Open Status of Door 6,DC2,bit,0 to 3,,0.0,3.0,1.0,0.0,32,33,2,8,100 ms
3429,Enable Status of Door 6,DC2,bit,0 to 3,,0.0,3.0,1.0,0.0,34,35,2,8,100 ms
3430,Lock Status of Door 7,DC2,bit,0 to 3,,0.0,3.0,1.0,0.0,36,37,2,8,100 ms
3431,Open Status of Door 7,DC2,bit,0 to 3,,0.0,3.0,1.0,0.0,38,39,2,8,100 ms
3432,Enable Status of Door 7,DC2,bit,0 to 3,,0.0,3.0,1.0,0.0,40,41,2,8,100 ms
3433,Lock Status of Door 8,DC2,bit,0 to 3,,0.0,3.0,1.0,0.0,42,43,2,8,100 ms
3434,Open Status of Door 8,DC2,bit,0 to 3,,0.0,3.0,1.0,0.0,44,45,2,8,100 ms
3435,Enable Status of Door 8,DC2,bit,0 to 3,,0.0,3.0,1.0,0.0,46,47,2,8,100 ms
3436,Lock Status of Door 9,DC2,bit,0 to 3,,0.0,3.0,1.0,0.0,48,49,2,8,100 ms
3437,Open Status of Door 9,DC2,bit,0 to 3,,0.0,3.0,1.0,0.0,50,51,2,8,100 ms
3438,Enable Status of Door 9,DC2,bit,0 to 3,,0.0,3.0,1.0,0.0,52,53,2,8,100 ms
3439,Lock Status of Door 10,DC2,bit,0 to 3,,0.0,3.0,1.0,0.0,54,55,2,8,100 ms
3440,Open Status of Door 10,DC2,bit,0 to 3,,0.0,3.0,1.0,0.0,56,57,2,8,100 ms
3441,Enable Status of Door 10,DC2,bit,0 to 3,,0.0,3.0,1.0,0.0,58,59,2,8,100 ms
3442,Network Transceiver Status 2,WCM2,bit,0 to 255,,0.0,255.0,1.0,0.0,0,7,8,8,On request
3443,Network Service Status 2,WCM2,bit,0 to 255,,0.0,255.0,1.0,0.0,8,15,8,8,On request
3444,Network Antenna Status 2,WCM2,bit,0 to 255,,0.0,255.0,1.0,0.0,16,23,8,8,On request
3445,Network Signal Strength 2,WCM2,%,0 to 100 %,,0.0,100.0,0.4,0.0,24,31,8,8,On request
3446,Wireless Communication Network Type 2,WCM2,bit,0 to 255,,0.0,255.0,1.0,0.0,32,39,8,8,On request
3447,Remote PTO Governor Preprogrammed Speed Control Switch #2,PTO,bit,0 to 3,,0.0,3.0,1.0,0.0,58,59,2,8,100 ms
3448,Auxiliary Input Ignore Switch,PTO,bit,0 to 3,,0.0,3.0,1.0,0.0,60,61,2,8,100 ms
3452,Enable Switch - Transmission input shaft PTO 1,PTODE,bit,0 to 3,,0.0,3.0,1.0,0.0,6,7,2,8,100 ms
3453,Enable Switch - Transmission input shaft PTO 2,PTODE,bit,0 to 3,,0.0,3.0,1.0,0.0,4,5,2,8,100 ms
3454,Enable Switch - Transmission output shaft PTO,PTODE,bit,0 to 3,,0.0,3.0,1.0,0.0,2,3,2,8,100 ms
3455,Enable Switch - Transfer case output shaft PTO,PTODE,bit,0 to 3,,0.0,3.0,1.0,0.0,0,1,2,8,100 ms
3456,Engagement Consent - Transmission input shaft PTO 1,PTODE,bit,0 to 3,,0.0,3.0,1.0,0.0,22,23,2,8,100 ms
3457,Engagement Consent - Transmission input shaft PTO 2,PTODE,bit,0 to 3,,0.0,3.0,1.0,0.0,20,21,2,8,100 ms
3458,Engagement Consent - Transmission output shaft PTO,PTODE,bit,0 to 3,,0.0,3.0,1.0,0.0,18,19,2,8,100 ms
3459,Engagement Consent - Transfer case output shaft PTO,PTODE,bit,0 to 3,,0.0,3.0,1.0,0.0,16,17,2,8,100 ms
3460,Engagement Status - Transmission input shaft PTO 1,PTODE,bit,0 to 3,,0.0,3.0,1.0,0.0,38,39,2,8,100 ms
3461,Engagement Status - Transmission input shaft PTO 2,PTODE,bit,0 to 3,,0.0,3.0,1.0,0.0,36,37,2,8,100 ms
3462,Engagement Status - Transmission output shaft PTO,PTODE,bit,0 to 3,,0.0,3.0,1.0,0.0,34,35,2,8,100 ms
3463,Engagement Status - Transfer case output shaft PTO,PTODE,bit,0 to 3,,0.0,3.0,1.0,0.0,32,33,2,8,100 ms
3464,Engine Throttle Actuator 1 Control Command,TFAC,%,0 to 160.6375 %,0 to 100%,0.0,100.0,0.0025,0.0,0,15,16,8,50 msec (preferred) or Engine Speed Dependent (if required by application)
3465,Engine Throttle Actuator 2 Control Command,TFAC,%,0 to 160.6375 %,0 to 100%,0.0,100.0,0.0025,0.0,16,31,16,8,50 msec (preferred) or Engine Speed Dependent (if required by application)
3466,Engine Fuel Valve 2 Intake Absolute Pressure,GFI,psi,0.0 to 931.939985519 psi,,0.0,931.939985519,0.0145037738,0.0,0,15,16,8,500 ms
3467,Engine Gas 2 Mass Flow Rate,GFI,kg/h,0 to 3212.75 kg/h,,0.0,3212.75,0.05,0.0,16,31,16,8,500 ms
3468,Engine Fuel Temperature 2,GFI,deg F,-40.0 to 410.0 deg F,,-40.0,410.0,1.8,-40.0,32,39,8,8,500 ms
3469,Engine Fuel  Valve 2 Outlet Absolute Pressure,GFI,psi,0.0 to 931.939985519 psi,,0.0,931.939985519,0.0145037738,0.0,48,63,16,8,500 ms
3470,Engine Turbocharger Compressor Bypass Actuator 1 Command,EEC6,%,0 to 160.6375 %,0 to 100%,0.0,100.0,0.0025,0.0,0,15,16,8,100 msec (preferred) or Engine Speed Dependent (if required by application)
3479,Aftertreatment 1 Fuel Pressure 1 Control,AT1FC1,%,0 to 160.6375 %,,0.0,160.6375,0.0025,0.0,32,47,16,8,500 ms
3480,Aftertreatment 1 Fuel Pressure 1,AT1FC1,psi,0.0 to 931.939985519 psi,,0.0,931.939985519,0.0145037738,0.0,0,15,16,8,500 ms
3481,Aftertreatment 1 Fuel Rate,AT1FC1,l/h,"0 to 3,212.75 L/h",,0.0,3212.75,0.05,0.0,16,31,16,8,500 ms
3482,Aftertreatment 1 Fuel Enable Actuator,AT1FC1,bit,0 to 3,,0.0,3.0,1.0,0.0,54,55,2,8,500 ms
3483,Aftertreatment 1 Regeneration Status,AT1FC1,bit,0 to 3,,0.0,3.0,1.0,0.0,52,53,2,8,500 ms
3484,Aftertreatment 1 Ignition,AT1FC1,bit,0 to 3,,0.0,3.0,1.0,0.0,50,51,2,8,500 ms
3485,Aftertreatment 1 Supply Air Pressure,AT1AC1,psi,0.0 to 931.939985519 psi,,0.0,931.939985519,0.0145037738,0.0,0,15,16,8,500 ms
3486,Aftertreatment 1 Purge Air Pressure,AT1AC1,psi,0.0 to 931.939985519 psi,,0.0,931.939985519,0.0145037738,0.0,16,31,16,8,500 ms
3487,Aftertreatment 1 Air Pressure Control,AT1AC1,%,0 to 160.6375 %,,0.0,160.6375,0.0025,0.0,32,47,16,8,500 ms
3488,Aftertreatment 1 Air Pressure Actuator Position,AT1AC1,%,0 to 100 %,,0.0,100.0,0.4,0.0,48,55,8,8,500 ms
3489,Aftertreatment 1 Air Enable Actuator,AT1AC1,bit,0 to 3,,0.0,3.0,1.0,0.0,62,63,2,8,500 ms
3490,Aftertreatment 1 Purge Air Actuator,AT1AC1,bit,0 to 3,,0.0,3.0,1.0,0.0,60,61,2,8,500 ms
3491,Aftertreatment 1 Atomization Air Actuator,AT1AC1,bit,0 to 3,,0.0,3.0,1.0,0.0,58,59,2,8,500 ms
3492,Aftertreatment 1 Air System Relay,AT1AC1,bit,0 to 3,,0.0,3.0,1.0,0.0,56,57,2,8,500 ms
3493,Aftertreatment 2 Fuel Pressure 1 Control,AT2FC1,%,0 to 160.6375 %,,0.0,160.6375,0.0025,0.0,32,47,16,8,500 ms
3494,Aftertreatment 2 Fuel Pressure 1,AT2FC1,psi,0.0 to 931.939985519 psi,,0.0,931.939985519,0.0145037738,0.0,0,15,16,8,500 ms
3495,Aftertreatment 2 Fuel Rate,AT2FC1,l/h,"0 to 3,212.75 L/h",,0.0,3212.75,0.05,0.0,16,31,16,8,500 ms
3496,Aftertreatment 2 Fuel Enable Actuator,AT2FC1,bit,0 to 3,,0.0,3.0,1.0,0.0,54,55,2,8,500 ms
3497,Aftertreatment 2 Regeneration Status,AT2FC1,bit,0 to 3,,0.0,3.0,1.0,0.0,52,53,2,8,500 ms
3498,Aftertreatment 2 Ignition,AT2FC1,bit,0 to 3,,0.0,3.0,1.0,0.0,50,51,2,8,500 ms
3499,Aftertreatment 2 Supply Air Pressure,AT2AC1,psi,0.0 to 931.939985519 psi,,0.0,931.939985519,0.0145037738,0.0,0,15,16,8,500 ms
3500,Aftertreatment 2 Purge Air Pressure,AT2AC1,psi,0.0 to 931.939985519 psi,,0.0,931.939985519,0.0145037738,0.0,16,31,16,8,500 ms
3501,Aftertreatment 2 Air Pressure Control,AT2AC1,%,0 to 160.6375 %,,0.0,160.6375,0.0025,0.0,32,47,16,8,500 ms
3502,Aftertreatment 2 Air Pressure Actuator Position,AT2AC1,%,0 to 100 %,,0.0,100.0,0.4,0.0,48,55,8,8,500 ms
3503,Aftertreatment 2 Air Enable Actuator,AT2AC1,bit,0 to 3,,0.0,3.0,1.0,0.0,62,63,2,8,500 ms
3504,Aftertreatment 2 Purge Air Actuator,AT2AC1,bit,0 to 3,,0.0,3.0,1.0,0.0,60,61,2,8,500 ms
3505,Aftertreatment 2 Atomization Air Actuator,AT2AC1,bit,0 to 3,,0.0,3.0,1.0,0.0,58,59,2,8,500 ms
3506,Aftertreatment 2 Air System Relay,AT2AC1,bit,0 to 3,,0.0,3.0,1.0,0.0,56,57,2,8,500 ms
3509,Sensor supply voltage 1,SEP1,Volts,0 to 3212.75 V,,0.0,3212.75,0.05,0.0,0,15,16,8,1 sec
3510,Sensor supply voltage 2,SEP1,Volts,0 to 3212.75 V,,0.0,3212.75,0.05,0.0,16,31,16,8,1 sec
3511,Sensor supply voltage 3,SEP1,Volts,0 to 3212.75 V,,0.0,3212.75,0.05,0.0,32,47,16,8,1 sec
3512,Sensor supply voltage 4,SEP1,Volts,0 to 3212.75 V,,0.0,3212.75,0.05,0.0,48,63,16,8,1 sec
3513,Sensor supply voltage 5,SEP2,Volts,0 to 3212.75 V,,0.0,3212.75,0.05,0.0,0,15,16,8,1 sec
3514,Sensor supply voltage 6,SEP2,Volts,0 to 3212.75 V,,0.0,3212.75,0.05,0.0,16,31,16,8,1 sec
3515,Aftertreatment 1 Diesel Exhaust Fluid Temperature 2,A1DEFI,deg F,-40.0 to 410.0 deg F,,-40.0,410.0,1.8,-40.0,0,7,8,8,1 sec
3516,Aftertreatment 1 Diesel Exhaust Fluid Concentration,A1DEFI,%,0 to 62.5 %,,0.0,62.5,0.25,0.0,8,15,8,8,1 sec
3517,Aftertreatment 1 Diesel Exhaust Fluid Tank Level 2,AT1T1I,m,"0 to 6,425.5 mm (0 to 6.4255 m)",,0.0,6425.5,0.1,0.0,16,31,16,8,1 s
3518,Aftertreatment 1 Diesel Exhaust Fluid Conductivity,A1DEFI,microSiemens/mm,0 to 1250 microSiemens/mm,,0.0,1250.0,5.0,0.0,16,23,8,8,1 sec
3519,Aftertreatment 1 SCR Catalyst Reagent Temperature 2 Preliminary FMI,A1DEFI,binary,0 to 31,,0.0,31.0,-3.0,0.0,24,28,5,8,1 sec
3520,Aftertreatment 1 SCR Catalyst Reagent Properties Preliminary FMI,A1DEFI,binary,0 to 31,,0.0,31.0,-3.0,0.0,32,36,5,8,1 sec
3521,Aftertreatment 1 Diesel Exhaust Fluid Property,A1DEFI,bit,0 to 15,,0.0,15.0,1.0,0.0,40,43,4,8,1 sec
3522,Aftertreatment 1 Total Fuel Used,AT1HI,liters,"0 to 2,105,540,607.5 L",,0.0,2105540607.5,0.5,0.0,0,31,32,Variable,On request
3523,Aftertreatment 1 Total Regeneration Time,AT1HI,Seconds,"0 to 4,211,081,215 s",,0.0,4211081215.0,1.0,0.0,32,63,32,Variable,On request
3524,Aftertreatment 1 Total Disabled Time,AT1HI,Seconds,"0 to 4,211,081,215 s",,0.0,4211081215.0,1.0,0.0,64,95,32,Variable,On request
3525,Aftertreatment 1 Total Number of Active Regenerations,AT1HI,count,"0 to 4,211,081,215",,0.0,4211081215.0,1.0,0.0,96,127,32,Variable,On request
3526,Aftertreatment 2 Total Fuel Used,AT2HI,liters,"0 to 2,105,540,607.5 L",,0.0,2105540607.5,0.5,0.0,0,31,32,Variable,On request
3527,Aftertreatment 2 Total Regeneration Time,AT2HI,Seconds,"0 to 4,211,081,215 s",,0.0,4211081215.0,1.0,0.0,32,63,32,Variable,On request
3528,Aftertreatment 2 Total Disabled Time,AT2HI,Seconds,"0 to 4,211,081,215 s",,0.0,4211081215.0,1.0,0.0,64,95,32,Variable,On request
3529,Aftertreatment 2 Total Number of Active Regenerations,AT2HI,count,"0 to 4,211,081,215",,0.0,4211081215.0,1.0,0.0,96,127,32,Variable,On request
3532,Aftertreatment 1 Diesel Exhaust Fluid Tank Level Preliminary FMI,AT1T1I,binary,0 to 31,,0.0,31.0,-3.0,0.0,32,36,5,8,1 s
3533,Transmission Oil Level Switch,TRF2,bit,0 to 3,,0.0,3.0,1.0,0.0,2,3,2,8,1 s
354,Relative Humidity,AAI,%,0 to 100 %,,0.0,100.0,0.4,0.0,48,55,8,8,On request
3542,Requested Engine Control Mode,GC1,bit,0 to 15,,0.0,15.0,1.0,0.0,0,3,4,8,100 ms
3543,Engine Operating State,EOI,bit,0 to 15,,0.0,15.0,1.0,0.0,0,3,4,8,250 ms
3544,Time Remaining in Engine Operating State,EOI,Seconds,"0 to 64,255 s",,0.0,64255.0,1.0,0.0,8,23,16,8,250 ms
3545,Generator Circuit Breaker Status,ACS,bit,0 to 7,,0.0,7.0,1.0,0.0,0,2,3,8,250 ms
3546,Utility Circuit Breaker Status,ACS,bit,0 to 7,,0.0,7.0,1.0,0.0,3,5,3,8,250 ms
3547,Automatic Transfer Switch Status,ACS,bit,0 to 7,,0.0,7.0,1.0,0.0,8,10,3,8,250 ms
3548,Engine Waste Oil Reservoir Level,EFS,%,0 to 100 %,,0.0,100.0,0.4,0.0,24,31,8,8,0.5 s
3549,Engine Oil-Filter Outlet Pressure,EFS,psi,0.0 to 145.037738 psi,,0.0,145.037738,0.580150952,0.0,32,39,8,8,0.5 s
3550,Engine Oil Priming Pump Switch,EFS,bit,0 to 3,,0.0,3.0,1.0,0.0,40,41,2,8,0.5 s
3551,Engine Oil Priming State,EFS,bit,0 to 3,,0.0,3.0,1.0,0.0,42,43,2,8,0.5 s
3552,Engine Oil Pre-Heated State,EFS,bit,0 to 3,,0.0,3.0,1.0,0.0,44,45,2,8,0.5 s
3553,Engine Coolant Pre-heated State,EFS,bit,0 to 3,,0.0,3.0,1.0,0.0,46,47,2,8,0.5 s
3554,Engine Ventilation Status,EFS,bit,0 to 7,,0.0,7.0,1.0,0.0,48,50,3,8,0.5 s
3557,Parking Brake Red Warning Signal,B,bit,0 to 3,,0.0,3.0,1.0,0.0,26,27,2,8,1 s
3558,AETC Data Collection Standard,AETC,bit,0 to 15,,0.0,15.0,1.0,0.0,0,3,4,Variable,On request
3559,Number of AETC data points,AETC,bit,0 to 15,5 to 15 points,5.0,15.0,1.0,0.0,4,7,4,Variable,On request
3560,AETC Speed Value,AETC,rpm,"0 to 8,031.875 rpm",,0.0,8031.875,0.125,0.0,-1,-1,16,Variable,On request
3561,AETC Torque value,AETC,Nm,"0 to 64,255 Nm",,0.0,64255.0,1.0,0.0,-1,-2,16,Variable,On request
3562,Engine Intake Manifold #2 Pressure,IC2,psi,0.0 to 72.518869 psi,,0.0,72.518869,0.290075476,0.0,24,31,8,8,0.5 s
3563,Engine Intake Manifold #1 Absolute Pressure,IC2,psi,0.0 to 72.518869 psi,,0.0,72.518869,0.290075476,0.0,32,39,8,8,0.5 s
3564,Lane Departure Warning Enable Command,FLIC,bit,0 to 3,,0.0,3.0,1.0,0.0,0,1,2,8,On event
3565,Lane Departure Left,FLI1,bit,0 to 3,,0.0,3.0,1.0,0.0,0,1,2,8,50 ms (only when active)
3566,Lane Departure Right,FLI1,bit,0 to 3,,0.0,3.0,1.0,0.0,2,3,2,8,50 ms (only when active)
3567,Generator Control Not In Automatic Start State,GC1,bit,0 to 3,,0.0,3.0,1.0,0.0,4,5,2,8,100 ms
3568,Generator Not Ready to Automatically Parallel State,GC1,bit,0 to 3,,0.0,3.0,1.0,0.0,6,7,2,8,100 ms
3589,Engine Oil Priming Pump Control,EOI,bit,0 to 3,,0.0,3.0,1.0,0.0,32,33,2,8,250 ms
3590,Generator Total Percent kW,GTACPP,%,-251 to 250.99 %,,-251.0,250.99,0.0078125,-251.0,0,15,16,8,250 ms
3591,Generator Total Percent kVA,GTACPP,%,-251 to 250.99 %,,-251.0,250.99,0.0078125,-251.0,16,31,16,8,250 ms
3592,Generator Total Percent kVAr,GTACPP,%,-251 to 250.99 %,,-251.0,250.99,0.0078125,-251.0,32,47,16,8,250 ms
3593,Generator Total kVAr Hours Export,GTACER,kVArh,0 to 4211081215 kVArh,,0.0,4211081215.0,1.0,0.0,0,31,32,8,250 ms
3594,Generator Total kVAr Hours Import,GTACER,kVArh,0 to 4211081215 kVArh,,0.0,4211081215.0,1.0,0.0,32,63,32,8,250 ms
3595,Utility Total kVAr Hours Export,UTACER,kVArh,0 to 4211081215 kVArh,,0.0,4211081215.0,1.0,0.0,0,31,32,8,250 ms
3596,Utility Total kVAr Hours Import,UTACER,kVArh,0 to 4211081215 kVArh,,0.0,4211081215.0,1.0,0.0,32,63,32,8,250 ms
3597,ECU Power Output Supply Voltage #1,VEP2,Volts,0 to 3212.75 V,,0.0,3212.75,0.05,0.0,16,31,16,8,On request
3598,ECU Power Output Supply Voltage #2,VEP2,Volts,0 to 3212.75 V,,0.0,3212.75,0.05,0.0,32,47,16,8,On request
3599,ECU Power Output Supply Voltage #3,VEP2,Volts,0 to 3212.75 V,,0.0,3212.75,0.05,0.0,48,63,16,8,On request
3600,Steering Straight Ahead Position Reset,RESET,bit,0 to 3,,0.0,3.0,1.0,0.0,18,19,2,8,When needed
3601,Engine Fuel Shutoff Valve Leak Test Control,EOI,bit,0 to 3,,0.0,3.0,1.0,0.0,30,31,2,8,250 ms
3602,Engine Oil Pre-heater Control,EOI,bit,0 to 3,,0.0,3.0,1.0,0.0,34,35,2,8,250 ms
3603,Engine Electrical System Power Conservation Control,EOI,bit,0 to 3,,0.0,3.0,1.0,0.0,36,37,2,8,250 ms
3604,Engine Block / Coolant Pre-heater Control,EOI,bit,0 to 3,,0.0,3.0,1.0,0.0,38,39,2,8,250 ms
3605,Engine Coolant Circulating Pump Control,EOI,bit,0 to 3,,0.0,3.0,1.0,0.0,40,41,2,8,250 ms
3606,Engine Controlled Shutdown Request,EOI,bit,0 to 3,,0.0,3.0,1.0,0.0,42,43,2,8,250 ms
3607,Engine Emergency (Immediate) Shutdown Indication,EOI,bit,0 to 3,,0.0,3.0,1.0,0.0,44,45,2,8,250 ms
3608,Engine Fuel Shutoff Vent Control,EOI,bit,0 to 3,,0.0,3.0,1.0,0.0,24,25,2,8,250 ms
3609,DPF Intake Pressure 1,AT1GP,psi,0.0 to 931.939985519 psi,,0.0,931.939985519,0.0145037738,0.0,0,15,16,8,500 ms
3610,DPF Outlet Pressure 1,AT1GP,psi,0.0 to 931.939985519 psi,,0.0,931.939985519,0.0145037738,0.0,16,31,16,8,500 ms
3611,DPF Intake Pressure 2,AT2GP,psi,0.0 to 931.939985519 psi,,0.0,931.939985519,0.0145037738,0.0,0,15,16,8,500 ms
3612,DPF Outlet Pressure 2,AT2GP,psi,0.0 to 931.939985519 psi,,0.0,931.939985519,0.0145037738,0.0,16,31,16,8,500 ms
3613,Text Display Instructions,DISP1,bit,0 to 15,,0.0,15.0,1.0,0.0,0,3,4,Variable - up to 200 characters,As required
3614,Text Display Index,DISP1,count,0 to 250,0 to 200,0.0,200.0,1.0,0.0,16,23,8,Variable - up to 200 characters,As required
3615,Text Display Character,DISP1,ASCII,0 to 255 per byte,,0.0,255.0,-2.0,0.0,-1,0,1600,Variable - up to 200 characters,As required
3619,Number of J2012 DTCs,J2012,count,0 to 250,,0.0,250.0,1.0,0.0,0,7,8,Variable,On request
3620,J2012 DTC,J2012,ASCII,0 to 255 per byte,,0.0,255.0,-2.0,0.0,8,47,40,Variable,On request
3621,J2012 DTC Status,J2012,bit,0 to 1,,0.0,1.0,1.0,0.0,48,48,1,Variable,On request
3622,J2012 DTC Occurrence Count,J2012,count,0 to 127,,0.0,127.0,1.0,0.0,49,55,7,Variable,On request
3623,Vehicle Roll,VDS2,deg,-200 to 301.99 deg,-90 to 90 degrees,-90.0,90.0,1.0,-200.0,0,15,16,8,On request
3624,Engine Intake Valve Actuation Oil Pressure for Cylinder #1,EFL/P5,psi,0.0 to 931.939985519 psi,,0.0,931.939985519,0.0145037738,0.0,0,15,16,8,500 ms
3625,Engine Intake Valve Actuation Oil Pressure for Cylinder #2,EFL/P5,psi,0.0 to 931.939985519 psi,,0.0,931.939985519,0.0145037738,0.0,16,31,16,8,500 ms
3626,Engine Intake Valve Actuation Oil Pressure for Cylinder #3,EFL/P5,psi,0.0 to 931.939985519 psi,,0.0,931.939985519,0.0145037738,0.0,32,47,16,8,500 ms
3627,Engine Intake Valve Actuation Oil Pressure for Cylinder #4,EFL/P5,psi,0.0 to 931.939985519 psi,,0.0,931.939985519,0.0145037738,0.0,48,63,16,8,500 ms
3628,Engine Intake Valve Actuation Oil Pressure for Cylinder #5,EFL/P6,psi,0.0 to 931.939985519 psi,,0.0,931.939985519,0.0145037738,0.0,0,15,16,8,500 ms
3629,Engine Intake Valve Actuation Oil Pressure for Cylinder #6,EFL/P6,psi,0.0 to 931.939985519 psi,,0.0,931.939985519,0.0145037738,0.0,16,31,16,8,500 ms
3630,Engine Intake Valve Actuation Oil Pressure for Cylinder #7,EFL/P6,psi,0.0 to 931.939985519 psi,,0.0,931.939985519,0.0145037738,0.0,32,47,16,8,500 ms
3631,Engine Intake Valve Actuation Oil Pressure for Cylinder #8,EFL/P6,psi,0.0 to 931.939985519 psi,,0.0,931.939985519,0.0145037738,0.0,48,63,16,8,500 ms
3632,Engine Intake Valve Actuation Oil Pressure for Cylinder #9,EFL/P7,psi,0.0 to 931.939985519 psi,,0.0,931.939985519,0.0145037738,0.0,0,15,16,8,500 ms
3633,Engine Intake Valve Actuation Oil Pressure for Cylinder #10,EFL/P7,psi,0.0 to 931.939985519 psi,,0.0,931.939985519,0.0145037738,0.0,16,31,16,8,500 ms
3634,Engine Intake Valve Actuation Oil Pressure for Cylinder #11,EFL/P7,psi,0.0 to 931.939985519 psi,,0.0,931.939985519,0.0145037738,0.0,32,47,16,8,500 ms
3635,Engine Intake Valve Actuation Oil Pressure for Cylinder #12,EFL/P7,psi,0.0 to 931.939985519 psi,,0.0,931.939985519,0.0145037738,0.0,48,63,16,8,500 ms
3636,Engine Intake Valve Actuation Oil Pressure for Cylinder #13,EFL/P8,psi,0.0 to 931.939985519 psi,,0.0,931.939985519,0.0145037738,0.0,0,15,16,8,500 ms
3637,Engine Intake Valve Actuation Oil Pressure for Cylinder #14,EFL/P8,psi,0.0 to 931.939985519 psi,,0.0,931.939985519,0.0145037738,0.0,16,31,16,8,500 ms
3638,Engine Intake Valve Actuation Oil Pressure for Cylinder #15,EFL/P8,psi,0.0 to 931.939985519 psi,,0.0,931.939985519,0.0145037738,0.0,32,47,16,8,500 ms
3639,Engine Intake Valve Actuation Oil Pressure for Cylinder #16,EFL/P8,psi,0.0 to 931.939985519 psi,,0.0,931.939985519,0.0145037738,0.0,48,63,16,8,500 ms
3640,Engine Intake Valve Actuation Oil Pressure for Cylinder #17,EFL/P9,psi,0.0 to 931.939985519 psi,,0.0,931.939985519,0.0145037738,0.0,0,15,16,8,500 ms
3641,Engine Intake Valve Actuation Oil Pressure for Cylinder #18,EFL/P9,psi,0.0 to 931.939985519 psi,,0.0,931.939985519,0.0145037738,0.0,16,31,16,8,500 ms
3642,Engine Intake Valve Actuation Oil Pressure for Cylinder #19,EFL/P9,psi,0.0 to 931.939985519 psi,,0.0,931.939985519,0.0145037738,0.0,32,47,16,8,500 ms
3643,Engine Intake Valve Actuation Oil Pressure for Cylinder #20,EFL/P9,psi,0.0 to 931.939985519 psi,,0.0,931.939985519,0.0145037738,0.0,48,63,16,8,500 ms
3644,Engine Derate Request,EOI,%,0 to 100 %,,0.0,100.0,0.4,0.0,56,63,8,8,250 ms
3645,Transfer case status,TCI,bit,0 to 7,,0.0,7.0,1.0,0.0,0,2,3,8,"Every 1 s and on change of state but no faster than every 100 ms.  Grandfathered definition for systems that implemented this message prior to July, 2010:  1 s or on change"
3667,Engine Air Shutoff Status,SHUTDN,bit,0 to 3,,0.0,3.0,1.0,0.0,56,57,2,8,1 s
3668,Engine Intercooler Coolant Level,EFL/P4,%,0 to 100 %,,0.0,100.0,0.4,0.0,40,47,8,8,500 ms
3669,Engine Rotation Direction,EEC4,bit,0 to 3,,0.0,3.0,1.0,0.0,32,33,2,8,On request
3670,Maximum Crank Attempts per Start Attempt,EC2,count,0 to 250,,0.0,250.0,1.0,0.0,0,7,8,8,On request
3671,Crank Attempt Count on Present Start Attempt,EEC4,count,0 to 250,,0.0,250.0,1.0,0.0,40,47,8,8,On request
3672,EGR1 Cooler Bypass Actuator Postion,EGRBV,%,0 to 100 %,,0.0,100.0,0.4,0.0,0,7,8,8,500 ms
3673,Engine Throttle Valve 2 Position,LFE1,%,0 to 100 %,,0.0,100.0,0.4,0.0,56,63,8,8,100 ms
3675,Engine Turbocharger Compressor Bypass Actuator 1  Position,EEC6,%,0 to 100 %,,0.0,100.0,0.4,0.0,24,31,8,8,100 msec (preferred) or Engine Speed Dependent (if required by application)
3676,Engine Aftercooler Coolant Level,EFL/P4,%,0 to 100 %,,0.0,100.0,0.4,0.0,48,55,8,8,500 ms
3683,Steering Wheel Angle,SAS,rad,-31.374 to +31.374 rad,,-31.374,31.374,1.0,-31.374,0,15,16,8,10 ms
3684,Steering Wheel Angle Range Counter,SAS,range,-32 to 29 ranges,,-32.0,29.0,1.0,-32.0,16,21,6,8,10 ms
3685,Steering Wheel Angle Range Counter Type,SAS,bit,0 to 3,,0.0,3.0,1.0,0.0,22,23,2,8,10 ms
3686,Steering Wheel Angle Range,SAS,rad,-31.374 to +31.374 rad,0 to +31.374 rad,0.0,31.374,1.0,-31.374,32,47,16,8,10 ms
3687,Steering Angle Sensor Active Mode,SAS,bit,0 to 3,,0.0,3.0,1.0,0.0,48,49,2,8,10 ms
3688,Steering Angle Sensor Calibrated,SAS,bit,0 to 3,,0.0,3.0,1.0,0.0,50,51,2,8,10 ms
3689,Message Counter,SAS,count,0 to 15,,0.0,15.0,1.0,0.0,56,59,4,8,10 ms
3690,Message Checksum,SAS,count,0 to 15,,0.0,15.0,1.0,0.0,60,63,4,8,10 ms
3691,Left Headlamp Dynamic Bending Light,AFSS,bit,0 to 7,,0.0,7.0,1.0,0.0,0,2,3,8,On request
3692,Right Headlamp Dynamic Bending Light,AFSS,bit,0 to 7,,0.0,7.0,1.0,0.0,3,5,3,8,On request
3693,Left Headlamp Light Distribution,AFSS,bit,0 to 15,,0.0,15.0,1.0,0.0,8,11,4,8,On request
3694,Right Headlamp Light Distribution,AFSS,bit,0 to 15,,0.0,15.0,1.0,0.0,12,15,4,8,On request
3695,DPF Regeneration Inhibit Switch,CM1,bit,0 to 3,,0.0,3.0,1.0,0.0,40,41,2,8,1 s
3696,DPF Regeneration Force Switch,CM1,bit,0 to 3,,0.0,3.0,1.0,0.0,42,43,2,8,1 s
3697,DPF Lamp Command,DPFC1,bit,0 to 7,,0.0,7.0,1.0,0.0,0,2,3,8,"Every 1 s and on change of state but no faster than every 100 ms.  Grandfathered definition for systems that implemented this message prior to July, 2010:  1 s and on change"
3698,Exhaust System High Temperature Lamp Command,DPFC1,bit,0 to 7,,0.0,7.0,1.0,0.0,50,52,3,8,"Every 1 s and on change of state but no faster than every 100 ms.  Grandfathered definition for systems that implemented this message prior to July, 2010:  1 s and on change"
3699,DPF Passive Regeneration Status,DPFC1,bit,0 to 3,,0.0,3.0,1.0,0.0,8,9,2,8,"Every 1 s and on change of state but no faster than every 100 ms.  Grandfathered definition for systems that implemented this message prior to July, 2010:  1 s and on change"
3700,DPF Active Regeneration Status,DPFC1,bit,0 to 3,,0.0,3.0,1.0,0.0,10,11,2,8,"Every 1 s and on change of state but no faster than every 100 ms.  Grandfathered definition for systems that implemented this message prior to July, 2010:  1 s and on change"
3701,DPF Status,DPFC1,bit,0 to 7,,0.0,7.0,1.0,0.0,12,14,3,8,"Every 1 s and on change of state but no faster than every 100 ms.  Grandfathered definition for systems that implemented this message prior to July, 2010:  1 s and on change"
3702,DPF Active Regeneration Inhibited Status,DPFC1,bit,0 to 3,,0.0,3.0,1.0,0.0,16,17,2,8,"Every 1 s and on change of state but no faster than every 100 ms.  Grandfathered definition for systems that implemented this message prior to July, 2010:  1 s and on change"
3703,DPF Active Regeneration Inhibited Due to Inhibit Switch,DPFC1,bit,0 to 3,,0.0,3.0,1.0,0.0,18,19,2,8,"Every 1 s and on change of state but no faster than every 100 ms.  Grandfathered definition for systems that implemented this message prior to July, 2010:  1 s and on change"
3704,DPF Active Regeneration Inhibited Due to Clutch Disengaged,DPFC1,bit,0 to 3,,0.0,3.0,1.0,0.0,20,21,2,8,"Every 1 s and on change of state but no faster than every 100 ms.  Grandfathered definition for systems that implemented this message prior to July, 2010:  1 s and on change"
3705,DPF Active Regeneration Inhibited Due to Service Brake Active,DPFC1,bit,0 to 3,,0.0,3.0,1.0,0.0,22,23,2,8,"Every 1 s and on change of state but no faster than every 100 ms.  Grandfathered definition for systems that implemented this message prior to July, 2010:  1 s and on change"
3706,DPF Active Regeneration Inhibited Due to PTO Active,DPFC1,bit,0 to 3,,0.0,3.0,1.0,0.0,24,25,2,8,"Every 1 s and on change of state but no faster than every 100 ms.  Grandfathered definition for systems that implemented this message prior to July, 2010:  1 s and on change"
3707,DPF Active Regeneration Inhibited Due to Accelerator Pedal Off Idle,DPFC1,bit,0 to 3,,0.0,3.0,1.0,0.0,26,27,2,8,"Every 1 s and on change of state but no faster than every 100 ms.  Grandfathered definition for systems that implemented this message prior to July, 2010:  1 s and on change"
3708,DPF Active Regeneration Inhibited Due to Out of Neutral,DPFC1,bit,0 to 3,,0.0,3.0,1.0,0.0,28,29,2,8,"Every 1 s and on change of state but no faster than every 100 ms.  Grandfathered definition for systems that implemented this message prior to July, 2010:  1 s and on change"
3709,DPF Active Regeneration Inhibited Due to Vehicle Speed Above Allowed Speed,DPFC1,bit,0 to 3,,0.0,3.0,1.0,0.0,30,31,2,8,"Every 1 s and on change of state but no faster than every 100 ms.  Grandfathered definition for systems that implemented this message prior to July, 2010:  1 s and on change"
3710,DPF Active Regeneration Inhibited Due to Parking Brake Not Set,DPFC1,bit,0 to 3,,0.0,3.0,1.0,0.0,32,33,2,8,"Every 1 s and on change of state but no faster than every 100 ms.  Grandfathered definition for systems that implemented this message prior to July, 2010:  1 s and on change"
3711,DPF Active Regeneration Inhibited Due to Low Exhaust Gas Temperature,DPFC1,bit,0 to 3,,0.0,3.0,1.0,0.0,34,35,2,8,"Every 1 s and on change of state but no faster than every 100 ms.  Grandfathered definition for systems that implemented this message prior to July, 2010:  1 s and on change"
3712,DPF Active Regeneration Inhibited Due to System Fault Active,DPFC1,bit,0 to 3,,0.0,3.0,1.0,0.0,36,37,2,8,"Every 1 s and on change of state but no faster than every 100 ms.  Grandfathered definition for systems that implemented this message prior to July, 2010:  1 s and on change"
3713,DPF Active Regeneration Inhibited Due to System Timeout,DPFC1,bit,0 to 3,,0.0,3.0,1.0,0.0,38,39,2,8,"Every 1 s and on change of state but no faster than every 100 ms.  Grandfathered definition for systems that implemented this message prior to July, 2010:  1 s and on change"
3714,DPF Active Regeneration Inhibited Due to Temporary System Lockout,DPFC1,bit,0 to 3,,0.0,3.0,1.0,0.0,40,41,2,8,"Every 1 s and on change of state but no faster than every 100 ms.  Grandfathered definition for systems that implemented this message prior to July, 2010:  1 s and on change"
3715,DPF Active Regeneration Inhibited Due to Permanent System Lockout,DPFC1,bit,0 to 3,,0.0,3.0,1.0,0.0,42,43,2,8,"Every 1 s and on change of state but no faster than every 100 ms.  Grandfathered definition for systems that implemented this message prior to July, 2010:  1 s and on change"
3716,DPF Active Regeneration Inhibited Due to Engine Not Warmed Up,DPFC1,bit,0 to 3,,0.0,3.0,1.0,0.0,44,45,2,8,"Every 1 s and on change of state but no faster than every 100 ms.  Grandfathered definition for systems that implemented this message prior to July, 2010:  1 s and on change"
3717,DPF Active Regeneration Inhibited Due to Vehicle Speed Below Allowed Speed,DPFC1,bit,0 to 3,,0.0,3.0,1.0,0.0,46,47,2,8,"Every 1 s and on change of state but no faster than every 100 ms.  Grandfathered definition for systems that implemented this message prior to July, 2010:  1 s and on change"
3718,DPF Automatic Active Regeneration Initiation Configuration,DPFC1,bit,0 to 3,,0.0,3.0,1.0,0.0,48,49,2,8,"Every 1 s and on change of state but no faster than every 100 ms.  Grandfathered definition for systems that implemented this message prior to July, 2010:  1 s and on change"
3719,DPF 1 Soot Load Percent,AT1S,%,0 to 250 %,,0.0,250.0,1.0,0.0,0,7,8,8,On request
3720,DPF 1 Ash Load Percent,AT1S,%,0 to 250 %,,0.0,250.0,1.0,0.0,8,15,8,8,On request
3721,DPF 1 Time Since Last Active Regeneration,AT1S,Seconds,"0 to 4,211,081,215 s",,0.0,4211081215.0,1.0,0.0,16,47,32,8,On request
3722,DPF 2 Soot Load Percent,AT2S,%,0 to 250 %,,0.0,250.0,1.0,0.0,0,7,8,8,On request
3723,DPF 2 Ash Load Percent,AT2S,%,0 to 250 %,,0.0,250.0,1.0,0.0,8,15,8,8,On request
3724,DPF 2 Time Since Last Active Regeneration,AT2S,Seconds,"0 to 4,211,081,215 s",,0.0,4211081215.0,1.0,0.0,16,47,32,8,On request
3725,Aftertreatment 1 Total Passive Regeneration Time,AT1HI,Seconds,"0 to 4,211,081,215 s",,0.0,4211081215.0,1.0,0.0,128,159,32,Variable,On request
3726,Aftertreatment 1 Total Number of Passive Regenerations,AT1HI,count,"0 to 4,211,081,215",,0.0,4211081215.0,1.0,0.0,160,191,32,Variable,On request
3727,Aftertreatment 1 Total Number of Active Regeneration Inhibit Requests,AT1HI,count,"0 to 4,211,081,215",,0.0,4211081215.0,1.0,0.0,192,223,32,Variable,On request
3728,Aftertreatment 1 Total Number of Active Regeneration Manual Requests,AT1HI,count,"0 to 4,211,081,215",,0.0,4211081215.0,1.0,0.0,224,255,32,Variable,On request
3729,Aftertreatment 2 Total Passive Regeneration Time,AT2HI,Seconds,"0 to 4,211,081,215 s",,0.0,4211081215.0,1.0,0.0,128,159,32,Variable,On request
3730,Aftertreatment 2 Total Number of Passive Regenerations,AT2HI,count,"0 to 4,211,081,215",,0.0,4211081215.0,1.0,0.0,160,191,32,Variable,On request
3731,Aftertreatment 2 Total Number of Active Regeneration Inhibit Requests,AT2HI,count,"0 to 4,211,081,215",,0.0,4211081215.0,1.0,0.0,192,223,32,Variable,On request
3732,Aftertreatment 2 Total Number of Active Regeneration Manual Requests,AT2HI,count,"0 to 4,211,081,215",,0.0,4211081215.0,1.0,0.0,224,255,32,Variable,On request
3733,Aftertreatment 1 Trip Fuel Used,AT1TI,gallons,0.0 to 556224873.36449 US Gal,,0.0,556224873.36449,0.132086,0.0,0,31,32,32,On request
3734,Aftertreatment 1 Trip Active Regeneration Time,AT1TI,Seconds,"0 to 4,211,081,215 s",,0.0,4211081215.0,1.0,0.0,32,63,32,32,On request
3735,Aftertreatment 1 Trip Disabled Time,AT1TI,Seconds,"0 to 4,211,081,215 s",,0.0,4211081215.0,1.0,0.0,64,95,32,32,On request
3736,Aftertreatment 1 Trip Number of Active Regenerations,AT1TI,count,"0 to 4,211,081,215",,0.0,4211081215.0,1.0,0.0,96,127,32,32,On request
3737,Aftertreatment 1 Trip Passive Regeneration Time,AT1TI,Seconds,"0 to 4,211,081,215 s",,0.0,4211081215.0,1.0,0.0,128,159,32,32,On request
3738,Aftertreatment 1 Trip Number of Passive Regenerations,AT1TI,count,"0 to 4,211,081,215",,0.0,4211081215.0,1.0,0.0,160,191,32,32,On request
3739,Aftertreatment 1 Trip Number of Active Regeneration Inhibit Requests,AT1TI,count,"0 to 4,211,081,215",,0.0,4211081215.0,1.0,0.0,192,223,32,32,On request
3740,Aftertreatment 1 Trip Number of Active Regeneration Manual Requests,AT1TI,count,"0 to 4,211,081,215",,0.0,4211081215.0,1.0,0.0,224,255,32,32,On request
3741,Aftertreatment 2 Trip Fuel Used,AT2TI,gallons,0.0 to 556224873.36449 US Gal,,0.0,556224873.36449,0.132086,0.0,0,31,32,32,On request
3742,Aftertreatment 2 Trip Active Regeneration Time,AT2TI,Seconds,"0 to 4,211,081,215 s",,0.0,4211081215.0,1.0,0.0,32,63,32,32,On request
3743,Aftertreatment 2 Trip Disabled Time,AT2TI,Seconds,"0 to 4,211,081,215 s",,0.0,4211081215.0,1.0,0.0,64,95,32,32,On request
3744,Aftertreatment 2 Trip Number of Active Regenerations,AT2TI,count,"0 to 4,211,081,215",,0.0,4211081215.0,1.0,0.0,96,127,32,32,On request
3745,Aftertreatment 2 Trip Passive Regeneration Time,AT2TI,Seconds,"0 to 4,211,081,215 s",,0.0,4211081215.0,1.0,0.0,128,159,32,32,On request
3746,Aftertreatment 2 Trip Number of Passive Regenerations,AT2TI,count,"0 to 4,211,081,215",,0.0,4211081215.0,1.0,0.0,160,191,32,32,On request
3747,Aftertreatment 2 Trip Number of Active Regeneration Inhibit Requests,AT2TI,count,"0 to 4,211,081,215",,0.0,4211081215.0,1.0,0.0,192,223,32,32,On request
3748,Aftertreatment 2 Trip Number of Active Regeneration Manual Requests,AT2TI,count,"0 to 4,211,081,215",,0.0,4211081215.0,1.0,0.0,224,255,32,32,On request
3750,DPF 1 Conditions Not Met for Active Regeneration,DPFC1,bit,0 to 3,,0.0,3.0,1.0,0.0,60,61,2,8,"Every 1 s and on change of state but no faster than every 100 ms.  Grandfathered definition for systems that implemented this message prior to July, 2010:  1 s and on change"
3785,Tractor Brake Stroke Axle 1 Left,BSA,bit,0 to 7,,0.0,7.0,1.0,0.0,0,2,3,8,1 sec
3786,Tractor Brake Stroke Axle 1 Right,BSA,bit,0 to 7,,0.0,7.0,1.0,0.0,3,5,3,8,1 sec
3787,Tractor Brake Stroke Axle 2 Left,BSA,bit,0 to 7,,0.0,7.0,1.0,0.0,6,8,3,8,1 sec
3788,Tractor Brake Stroke Axle 2 Right,BSA,bit,0 to 7,,0.0,7.0,1.0,0.0,9,11,3,8,1 sec
3789,Tractor Brake Stroke Axle 3 Left,BSA,bit,0 to 7,,0.0,7.0,1.0,0.0,12,14,3,8,1 sec
3790,Tractor Brake Stroke Axle 3 Right,BSA,bit,0 to 7,,0.0,7.0,1.0,0.0,15,16,3,8,1 sec
3791,Tractor Brake Stroke Axle 4 Left,BSA,bit,0 to 7,,0.0,7.0,1.0,0.0,18,20,3,8,1 sec
3792,Tractor Brake Stroke Axle 4 Right,BSA,bit,0 to 7,,0.0,7.0,1.0,0.0,21,23,3,8,1 sec
3793,Tractor Brake Stroke Axle 5 Left,BSA,bit,0 to 7,,0.0,7.0,1.0,0.0,24,26,3,8,1 sec
3794,Tractor Brake Stroke Axle 5 Right,BSA,bit,0 to 7,,0.0,7.0,1.0,0.0,27,29,3,8,1 sec
3795,Trailer Brake Stroke Axle 1 Left,BSA,bit,0 to 7,,0.0,7.0,1.0,0.0,30,32,3,8,1 sec
3796,Trailer Brake Stroke Axle 1 Right,BSA,bit,0 to 7,,0.0,7.0,1.0,0.0,33,35,3,8,1 sec
3797,Trailer Brake Stroke Axle 2 Left,BSA,bit,0 to 7,,0.0,7.0,1.0,0.0,36,38,3,8,1 sec
3798,Trailer Brake Stroke Axle 2 Right,BSA,bit,0 to 7,,0.0,7.0,1.0,0.0,39,40,3,8,1 sec
3799,Trailer Brake Stroke Axle 3 Left,BSA,bit,0 to 7,,0.0,7.0,1.0,0.0,42,44,3,8,1 sec
38,Fuel Level 2,DD,%,0 to 100 %,,0.0,100.0,0.4,0.0,48,55,8,8,1s
3800,Trailer Brake Stroke Axle 3 Right,BSA,bit,0 to 7,,0.0,7.0,1.0,0.0,45,47,3,8,1 sec
3801,Trailer Brake Stroke Axle 4 Left,BSA,bit,0 to 7,,0.0,7.0,1.0,0.0,48,50,3,8,1 sec
3802,Trailer Brake Stroke Axle 4 Right,BSA,bit,0 to 7,,0.0,7.0,1.0,0.0,51,53,3,8,1 sec
3803,Trailer Brake Stroke Axle 5 Left,BSA,bit,0 to 7,,0.0,7.0,1.0,0.0,54,56,3,8,1 sec
3804,Trailer Brake Stroke Axle 5 Right,BSA,bit,0 to 7,,0.0,7.0,1.0,0.0,57,59,3,8,1 sec
3807,Park Brake Release Inhibit Request,CCVS1,bit,0 to 3,,0.0,3.0,1.0,0.0,6,7,2,8,100 ms
3808,Park Brake Release Inhibit Status,B,bit,0 to 3,,0.0,3.0,1.0,0.0,28,29,2,8,1 s
3809,Transmission Oil Level Request,CM3,bit,0 to 3,,0.0,3.0,1.0,0.0,16,17,2,8,"Every 10 s and on change of state but no faster than every 100 ms.  Grandfathered definition for systems that implemented this message prior to July, 2010: On change or every 10 s"
3810,Retract Status of ramp 1,DRC,bit,0 to 3,,0.0,3.0,1.0,0.0,0,1,2,8,"Every 1 s while active and on change of state but no faster than every 100 ms.  Grandfathered definition for systems that implemented this message prior to July, 2010:  1 s when active and on change of state"
3811,Enable status of ramp 1,DRC,bit,0 to 3,,0.0,3.0,1.0,0.0,2,3,2,8,"Every 1 s while active and on change of state but no faster than every 100 ms.  Grandfathered definition for systems that implemented this message prior to July, 2010:  1 s when active and on change of state"
3812,Movement status of ramp 1,DRC,bit,0 to 3,,0.0,3.0,1.0,0.0,4,5,2,8,"Every 1 s while active and on change of state but no faster than every 100 ms.  Grandfathered definition for systems that implemented this message prior to July, 2010:  1 s when active and on change of state"
3813,Retract Status of ramp 2,DRC,bit,0 to 3,,0.0,3.0,1.0,0.0,8,9,2,8,"Every 1 s while active and on change of state but no faster than every 100 ms.  Grandfathered definition for systems that implemented this message prior to July, 2010:  1 s when active and on change of state"
3814,Enable status of ramp 2,DRC,bit,0 to 3,,0.0,3.0,1.0,0.0,10,11,2,8,"Every 1 s while active and on change of state but no faster than every 100 ms.  Grandfathered definition for systems that implemented this message prior to July, 2010:  1 s when active and on change of state"
3815,Movement status of ramp 2,DRC,bit,0 to 3,,0.0,3.0,1.0,0.0,12,13,2,8,"Every 1 s while active and on change of state but no faster than every 100 ms.  Grandfathered definition for systems that implemented this message prior to July, 2010:  1 s when active and on change of state"
3816,Retract Status of ramp 3,DRC,bit,0 to 3,,0.0,3.0,1.0,0.0,16,17,2,8,"Every 1 s while active and on change of state but no faster than every 100 ms.  Grandfathered definition for systems that implemented this message prior to July, 2010:  1 s when active and on change of state"
3817,Enable status of ramp 3,DRC,bit,0 to 3,,0.0,3.0,1.0,0.0,18,19,2,8,"Every 1 s while active and on change of state but no faster than every 100 ms.  Grandfathered definition for systems that implemented this message prior to July, 2010:  1 s when active and on change of state"
3818,Movement status of ramp 3,DRC,bit,0 to 3,,0.0,3.0,1.0,0.0,20,21,2,8,"Every 1 s while active and on change of state but no faster than every 100 ms.  Grandfathered definition for systems that implemented this message prior to July, 2010:  1 s when active and on change of state"
3819,Front axle group engagement status,EAC1,bit,0 to 3,,0.0,3.0,1.0,0.0,24,25,2,8,500 ms
3820,Rear axle group engagement status,EAC1,bit,0 to 3,,0.0,3.0,1.0,0.0,26,27,2,8,500 ms
3821,Engine Exhaust Gas Recirculation 1 (EGR1) Valve 2 Control,EEC8,%,0 to 160.6375 %,,0.0,160.6375,0.0025,0.0,0,15,16,8,On request
3822,Engine Exhaust Gas Recirculation 1 Valve 2 Position,EEC7,%,0 to 160.6375 %,,0.0,160.6375,0.0025,0.0,16,31,16,8,100 ms
3823,Transmission Torque Converter Oil Outlet Temperature,TRF2,deg F,-459.40000000000003 to 3154.94375 deg F,,-459.40000000000003,3154.94375,0.05625,-459.40000000000003,8,23,16,8,1 s
3826,Aftertreatment 1 Diesel Exhaust Fluid Average Consumption,SCR1,l/h,"0 to 3,212.75 L/h",,0.0,3212.75,0.05,0.0,0,15,16,8,On request
3828,Aftertreatment 1 Commanded Diesel Exhaust Fluid Consumption,SCR1,l/h,"0 to 3,212.75 L/h",,0.0,3212.75,0.05,0.0,16,31,16,8,On request
3830,Aftertreatment 1 Secondary Air Differential Pressure,AT1AC2,psi,-36.2594345 to 36.54805959862 psi,,-36.2594345,36.54805959862,0.001133107,-36.2594345,0,15,16,8,500 msec
3831,Aftertreatment 1 Secondary Air Temperature,AT1AC2,deg F,-459.40000000000003 to 3154.94375 deg F,,-459.40000000000003,3154.94375,0.05625,-459.40000000000003,16,31,16,8,500 msec
3832,Aftertreatment 1 Secondary Air Mass Flow,AT1AC2,kg/h,0 to 12851 kg/h per bit,,0.0,12851.0,0.2,0.0,32,47,16,8,500 msec
3833,Aftertreatment 2 Secondary Air Differential Pressure,AT2AC2,psi,-36.2594345 to 36.54805959862 psi,,-36.2594345,36.54805959862,0.001133107,-36.2594345,0,15,16,8,500 msec
3834,Aftertreatment 2 Secondary Air Temperature,AT2AC2,deg F,-459.40000000000003 to 3154.94375 deg F,,-459.40000000000003,3154.94375,0.05625,-459.40000000000003,16,31,16,8,500 msec
3835,Aftertreatment 2 Secondary Air Mass Flow,AT2AC2,kg/h,0 to 12851 kg/h per bit,,0.0,12851.0,0.2,0.0,32,47,16,8,500 msec
3837,Aftertreatment 1 Secondary Air Pressure,AT1AC2,psi,0.0 to 931.939985519 psi,,0.0,931.939985519,0.0145037738,0.0,48,63,16,8,500 msec
3838,Aftertreatment 2 Secondary Air Pressure,AT2AC2,psi,0.0 to 931.939985519 psi,,0.0,931.939985519,0.0145037738,0.0,48,63,16,8,500 msec
3839,Brake Temperature Warning,EBC5,bit,0 to 3,,0.0,3.0,1.0,0.0,0,1,2,8,100 ms
3840,Auxiliary I/O #17,AUXIO2,bit,0 to 3,,0.0,3.0,1.0,0.0,6,7,2,8,"Manufacturer defined, not faster than 100 ms"
3841,Auxiliary I/O #18,AUXIO2,bit,0 to 3,,0.0,3.0,1.0,0.0,4,5,2,8,"Manufacturer defined, not faster than 100 ms"
3842,Auxiliary I/O #19,AUXIO2,bit,0 to 3,,0.0,3.0,1.0,0.0,2,3,2,8,"Manufacturer defined, not faster than 100 ms"
3843,Auxiliary I/O #20,AUXIO2,bit,0 to 3,,0.0,3.0,1.0,0.0,0,1,2,8,"Manufacturer defined, not faster than 100 ms"
3844,Auxiliary I/O #21,AUXIO2,bit,0 to 3,,0.0,3.0,1.0,0.0,14,15,2,8,"Manufacturer defined, not faster than 100 ms"
3845,Auxiliary I/O #22,AUXIO2,bit,0 to 3,,0.0,3.0,1.0,0.0,12,13,2,8,"Manufacturer defined, not faster than 100 ms"
3846,Auxiliary I/O #23,AUXIO2,bit,0 to 3,,0.0,3.0,1.0,0.0,10,11,2,8,"Manufacturer defined, not faster than 100 ms"
3847,Auxiliary I/O #24,AUXIO2,bit,0 to 3,,0.0,3.0,1.0,0.0,8,9,2,8,"Manufacturer defined, not faster than 100 ms"
3848,Auxiliary I/O #25,AUXIO2,bit,0 to 3,,0.0,3.0,1.0,0.0,22,23,2,8,"Manufacturer defined, not faster than 100 ms"
3849,Auxiliary I/O #26,AUXIO2,bit,0 to 3,,0.0,3.0,1.0,0.0,20,21,2,8,"Manufacturer defined, not faster than 100 ms"
3850,Auxiliary I/O #27,AUXIO2,bit,0 to 3,,0.0,3.0,1.0,0.0,18,19,2,8,"Manufacturer defined, not faster than 100 ms"
3851,Auxiliary I/O #28,AUXIO2,bit,0 to 3,,0.0,3.0,1.0,0.0,16,17,2,8,"Manufacturer defined, not faster than 100 ms"
3852,Auxiliary I/O #29,AUXIO2,bit,0 to 3,,0.0,3.0,1.0,0.0,30,31,2,8,"Manufacturer defined, not faster than 100 ms"
3853,Auxiliary I/O #30,AUXIO2,bit,0 to 3,,0.0,3.0,1.0,0.0,28,29,2,8,"Manufacturer defined, not faster than 100 ms"
3854,Auxiliary I/O #31,AUXIO2,bit,0 to 3,,0.0,3.0,1.0,0.0,26,27,2,8,"Manufacturer defined, not faster than 100 ms"
3855,Auxiliary I/O #32,AUXIO2,bit,0 to 3,,0.0,3.0,1.0,0.0,24,25,2,8,"Manufacturer defined, not faster than 100 ms"
3856,Auxiliary I/O #33,AUXIO2,bit,0 to 3,,0.0,3.0,1.0,0.0,38,39,2,8,"Manufacturer defined, not faster than 100 ms"
3857,Auxiliary I/O #34,AUXIO2,bit,0 to 3,,0.0,3.0,1.0,0.0,36,37,2,8,"Manufacturer defined, not faster than 100 ms"
3858,Auxiliary I/O #35,AUXIO2,bit,0 to 3,,0.0,3.0,1.0,0.0,34,35,2,8,"Manufacturer defined, not faster than 100 ms"
3859,Auxiliary I/O #36,AUXIO2,bit,0 to 3,,0.0,3.0,1.0,0.0,32,33,2,8,"Manufacturer defined, not faster than 100 ms"
3860,Auxiliary I/O #37,AUXIO2,bit,0 to 3,,0.0,3.0,1.0,0.0,46,47,2,8,"Manufacturer defined, not faster than 100 ms"
3861,Auxiliary I/O #38,AUXIO2,bit,0 to 3,,0.0,3.0,1.0,0.0,44,45,2,8,"Manufacturer defined, not faster than 100 ms"
3862,Auxiliary I/O #39,AUXIO2,bit,0 to 3,,0.0,3.0,1.0,0.0,42,43,2,8,"Manufacturer defined, not faster than 100 ms"
3863,Auxiliary I/O #40,AUXIO2,bit,0 to 3,,0.0,3.0,1.0,0.0,40,41,2,8,"Manufacturer defined, not faster than 100 ms"
3864,Auxiliary I/O #41,AUXIO2,bit,0 to 3,,0.0,3.0,1.0,0.0,54,55,2,8,"Manufacturer defined, not faster than 100 ms"
3865,Auxiliary I/O #42,AUXIO2,bit,0 to 3,,0.0,3.0,1.0,0.0,52,53,2,8,"Manufacturer defined, not faster than 100 ms"
3866,Auxiliary I/O #43,AUXIO2,bit,0 to 3,,0.0,3.0,1.0,0.0,50,51,2,8,"Manufacturer defined, not faster than 100 ms"
3867,Auxiliary I/O #44,AUXIO2,bit,0 to 3,,0.0,3.0,1.0,0.0,48,49,2,8,"Manufacturer defined, not faster than 100 ms"
3868,Auxiliary I/O #45,AUXIO2,bit,0 to 3,,0.0,3.0,1.0,0.0,62,63,2,8,"Manufacturer defined, not faster than 100 ms"
3869,Auxiliary I/O #46,AUXIO2,bit,0 to 3,,0.0,3.0,1.0,0.0,60,61,2,8,"Manufacturer defined, not faster than 100 ms"
3870,Auxiliary I/O #47,AUXIO2,bit,0 to 3,,0.0,3.0,1.0,0.0,58,59,2,8,"Manufacturer defined, not faster than 100 ms"
3871,Auxiliary I/O #48,AUXIO2,bit,0 to 3,,0.0,3.0,1.0,0.0,56,57,2,8,"Manufacturer defined, not faster than 100 ms"
3872,Auxiliary I/O #49,AUXIO3,bit,0 to 3,,0.0,3.0,1.0,0.0,6,7,2,8,"Manufacturer defined, not faster than 100 ms"
3873,Auxiliary I/O #50,AUXIO3,bit,0 to 3,,0.0,3.0,1.0,0.0,4,5,2,8,"Manufacturer defined, not faster than 100 ms"
3874,Auxiliary I/O #51,AUXIO3,bit,0 to 3,,0.0,3.0,1.0,0.0,2,3,2,8,"Manufacturer defined, not faster than 100 ms"
3875,Auxiliary I/O #52,AUXIO3,bit,0 to 3,,0.0,3.0,1.0,0.0,0,1,2,8,"Manufacturer defined, not faster than 100 ms"
3876,Auxiliary I/O #53,AUXIO3,bit,0 to 3,,0.0,3.0,1.0,0.0,14,15,2,8,"Manufacturer defined, not faster than 100 ms"
3877,Auxiliary I/O #54,AUXIO3,bit,0 to 3,,0.0,3.0,1.0,0.0,12,13,2,8,"Manufacturer defined, not faster than 100 ms"
3878,Auxiliary I/O #55,AUXIO3,bit,0 to 3,,0.0,3.0,1.0,0.0,10,11,2,8,"Manufacturer defined, not faster than 100 ms"
3879,Auxiliary I/O #56,AUXIO3,bit,0 to 3,,0.0,3.0,1.0,0.0,8,9,2,8,"Manufacturer defined, not faster than 100 ms"
3880,Auxiliary I/O #57,AUXIO3,bit,0 to 3,,0.0,3.0,1.0,0.0,22,23,2,8,"Manufacturer defined, not faster than 100 ms"
3881,Auxiliary I/O #58,AUXIO3,bit,0 to 3,,0.0,3.0,1.0,0.0,20,21,2,8,"Manufacturer defined, not faster than 100 ms"
3882,Auxiliary I/O #59,AUXIO3,bit,0 to 3,,0.0,3.0,1.0,0.0,18,19,2,8,"Manufacturer defined, not faster than 100 ms"
3883,Auxiliary I/O #60,AUXIO3,bit,0 to 3,,0.0,3.0,1.0,0.0,16,17,2,8,"Manufacturer defined, not faster than 100 ms"
3884,Auxiliary I/O #61,AUXIO3,bit,0 to 3,,0.0,3.0,1.0,0.0,30,31,2,8,"Manufacturer defined, not faster than 100 ms"
3885,Auxiliary I/O #62,AUXIO3,bit,0 to 3,,0.0,3.0,1.0,0.0,28,29,2,8,"Manufacturer defined, not faster than 100 ms"
3886,Auxiliary I/O #63,AUXIO3,bit,0 to 3,,0.0,3.0,1.0,0.0,26,27,2,8,"Manufacturer defined, not faster than 100 ms"
3887,Auxiliary I/O #64,AUXIO3,bit,0 to 3,,0.0,3.0,1.0,0.0,24,25,2,8,"Manufacturer defined, not faster than 100 ms"
3888,Auxiliary I/O #65,AUXIO3,bit,0 to 3,,0.0,3.0,1.0,0.0,38,39,2,8,"Manufacturer defined, not faster than 100 ms"
3889,Auxiliary I/O #66,AUXIO3,bit,0 to 3,,0.0,3.0,1.0,0.0,36,37,2,8,"Manufacturer defined, not faster than 100 ms"
3890,Auxiliary I/O #67,AUXIO3,bit,0 to 3,,0.0,3.0,1.0,0.0,34,35,2,8,"Manufacturer defined, not faster than 100 ms"
3891,Auxiliary I/O #68,AUXIO3,bit,0 to 3,,0.0,3.0,1.0,0.0,32,33,2,8,"Manufacturer defined, not faster than 100 ms"
3892,Auxiliary I/O #69,AUXIO3,bit,0 to 3,,0.0,3.0,1.0,0.0,46,47,2,8,"Manufacturer defined, not faster than 100 ms"
3893,Auxiliary I/O #70,AUXIO3,bit,0 to 3,,0.0,3.0,1.0,0.0,44,45,2,8,"Manufacturer defined, not faster than 100 ms"
3894,Auxiliary I/O #71,AUXIO3,bit,0 to 3,,0.0,3.0,1.0,0.0,42,43,2,8,"Manufacturer defined, not faster than 100 ms"
3895,Auxiliary I/O #72,AUXIO3,bit,0 to 3,,0.0,3.0,1.0,0.0,40,41,2,8,"Manufacturer defined, not faster than 100 ms"
3896,Auxiliary I/O #73,AUXIO3,bit,0 to 3,,0.0,3.0,1.0,0.0,54,55,2,8,"Manufacturer defined, not faster than 100 ms"
3897,Auxiliary I/O #74,AUXIO3,bit,0 to 3,,0.0,3.0,1.0,0.0,52,53,2,8,"Manufacturer defined, not faster than 100 ms"
3898,Auxiliary I/O #75,AUXIO3,bit,0 to 3,,0.0,3.0,1.0,0.0,50,51,2,8,"Manufacturer defined, not faster than 100 ms"
3899,Auxiliary I/O #76,AUXIO3,bit,0 to 3,,0.0,3.0,1.0,0.0,48,49,2,8,"Manufacturer defined, not faster than 100 ms"
39,Tire Pressure Check Interval,TP1,minutes,0 to 250 mins,,0.0,250.0,1.0,0.0,0,7,8,8,On request
3900,Auxiliary I/O #77,AUXIO3,bit,0 to 3,,0.0,3.0,1.0,0.0,62,63,2,8,"Manufacturer defined, not faster than 100 ms"
3901,Auxiliary I/O #78,AUXIO3,bit,0 to 3,,0.0,3.0,1.0,0.0,60,61,2,8,"Manufacturer defined, not faster than 100 ms"
3902,Auxiliary I/O #79,AUXIO3,bit,0 to 3,,0.0,3.0,1.0,0.0,58,59,2,8,"Manufacturer defined, not faster than 100 ms"
3903,Auxiliary I/O #80,AUXIO3,bit,0 to 3,,0.0,3.0,1.0,0.0,56,57,2,8,"Manufacturer defined, not faster than 100 ms"
3904,Auxiliary I/O #81,AUXIO4,bit,0 to 3,,0.0,3.0,1.0,0.0,6,7,2,8,"Manufacturer defined, not faster than 100 ms"
3905,Auxiliary I/O #82,AUXIO4,bit,0 to 3,,0.0,3.0,1.0,0.0,4,5,2,8,"Manufacturer defined, not faster than 100 ms"
3906,Auxiliary I/O #83,AUXIO4,bit,0 to 3,,0.0,3.0,1.0,0.0,2,3,2,8,"Manufacturer defined, not faster than 100 ms"
3907,Auxiliary I/O #84,AUXIO4,bit,0 to 3,,0.0,3.0,1.0,0.0,0,1,2,8,"Manufacturer defined, not faster than 100 ms"
3908,Auxiliary I/O #85,AUXIO4,bit,0 to 3,,0.0,3.0,1.0,0.0,14,15,2,8,"Manufacturer defined, not faster than 100 ms"
3909,Auxiliary I/O #86,AUXIO4,bit,0 to 3,,0.0,3.0,1.0,0.0,12,13,2,8,"Manufacturer defined, not faster than 100 ms"
3910,Auxiliary I/O #87,AUXIO4,bit,0 to 3,,0.0,3.0,1.0,0.0,10,11,2,8,"Manufacturer defined, not faster than 100 ms"
3911,Auxiliary I/O #88,AUXIO4,bit,0 to 3,,0.0,3.0,1.0,0.0,8,9,2,8,"Manufacturer defined, not faster than 100 ms"
3912,Auxiliary I/O #89,AUXIO4,bit,0 to 3,,0.0,3.0,1.0,0.0,22,23,2,8,"Manufacturer defined, not faster than 100 ms"
3913,Auxiliary I/O #90,AUXIO4,bit,0 to 3,,0.0,3.0,1.0,0.0,20,21,2,8,"Manufacturer defined, not faster than 100 ms"
3914,Auxiliary I/O #91,AUXIO4,bit,0 to 3,,0.0,3.0,1.0,0.0,18,19,2,8,"Manufacturer defined, not faster than 100 ms"
3915,Auxiliary I/O #92,AUXIO4,bit,0 to 3,,0.0,3.0,1.0,0.0,16,17,2,8,"Manufacturer defined, not faster than 100 ms"
3916,Auxiliary I/O #93,AUXIO4,bit,0 to 3,,0.0,3.0,1.0,0.0,30,31,2,8,"Manufacturer defined, not faster than 100 ms"
3917,Auxiliary I/O #94,AUXIO4,bit,0 to 3,,0.0,3.0,1.0,0.0,28,29,2,8,"Manufacturer defined, not faster than 100 ms"
3918,Auxiliary I/O #95,AUXIO4,bit,0 to 3,,0.0,3.0,1.0,0.0,26,27,2,8,"Manufacturer defined, not faster than 100 ms"
3919,Auxiliary I/O #96,AUXIO4,bit,0 to 3,,0.0,3.0,1.0,0.0,24,25,2,8,"Manufacturer defined, not faster than 100 ms"
3920,Auxiliary I/O #97,AUXIO4,bit,0 to 3,,0.0,3.0,1.0,0.0,38,39,2,8,"Manufacturer defined, not faster than 100 ms"
3921,Auxiliary I/O #98,AUXIO4,bit,0 to 3,,0.0,3.0,1.0,0.0,36,37,2,8,"Manufacturer defined, not faster than 100 ms"
3922,Auxiliary I/O #99,AUXIO4,bit,0 to 3,,0.0,3.0,1.0,0.0,34,35,2,8,"Manufacturer defined, not faster than 100 ms"
3923,Auxiliary I/O #100,AUXIO4,bit,0 to 3,,0.0,3.0,1.0,0.0,32,33,2,8,"Manufacturer defined, not faster than 100 ms"
3924,Auxiliary I/O #101,AUXIO4,bit,0 to 3,,0.0,3.0,1.0,0.0,46,47,2,8,"Manufacturer defined, not faster than 100 ms"
3925,Auxiliary I/O #102,AUXIO4,bit,0 to 3,,0.0,3.0,1.0,0.0,44,45,2,8,"Manufacturer defined, not faster than 100 ms"
3926,Auxiliary I/O #103,AUXIO4,bit,0 to 3,,0.0,3.0,1.0,0.0,42,43,2,8,"Manufacturer defined, not faster than 100 ms"
3927,Auxiliary I/O #104,AUXIO4,bit,0 to 3,,0.0,3.0,1.0,0.0,40,41,2,8,"Manufacturer defined, not faster than 100 ms"
3928,Auxiliary I/O #105,AUXIO4,bit,0 to 3,,0.0,3.0,1.0,0.0,54,55,2,8,"Manufacturer defined, not faster than 100 ms"
3929,Auxiliary I/O #106,AUXIO4,bit,0 to 3,,0.0,3.0,1.0,0.0,52,53,2,8,"Manufacturer defined, not faster than 100 ms"
3930,Auxiliary I/O #107,AUXIO4,bit,0 to 3,,0.0,3.0,1.0,0.0,50,51,2,8,"Manufacturer defined, not faster than 100 ms"
3931,Auxiliary I/O #108,AUXIO4,bit,0 to 3,,0.0,3.0,1.0,0.0,48,49,2,8,"Manufacturer defined, not faster than 100 ms"
3932,Auxiliary I/O #109,AUXIO4,bit,0 to 3,,0.0,3.0,1.0,0.0,62,63,2,8,"Manufacturer defined, not faster than 100 ms"
3933,Auxiliary I/O #110,AUXIO4,bit,0 to 3,,0.0,3.0,1.0,0.0,60,61,2,8,"Manufacturer defined, not faster than 100 ms"
3934,Auxiliary I/O #111,AUXIO4,bit,0 to 3,,0.0,3.0,1.0,0.0,58,59,2,8,"Manufacturer defined, not faster than 100 ms"
3935,Auxiliary I/O #112,AUXIO4,bit,0 to 3,,0.0,3.0,1.0,0.0,56,57,2,8,"Manufacturer defined, not faster than 100 ms"
3938,Generator Governing Bias,GC2,%,-125 to 132.02%,-125 to 125%,-125.0,125.0,0.004,-125.0,0,15,16,8,20 ms
3939,Enable Switch - PTO Engine Flywheel,PTODE,bit,0 to 3,,0.0,3.0,1.0,0.0,8,9,2,8,100 ms
3940,Engagement Consent - PTO Engine Flywheel,PTODE,bit,0 to 3,,0.0,3.0,1.0,0.0,24,25,2,8,100 ms
3941,Engagement Status - PTO Engine Flywheel,PTODE,bit,0 to 3,,0.0,3.0,1.0,0.0,40,41,2,8,100 ms
3942,Enable Switch - PTO Engine Accessory Drive 1,PTODE,bit,0 to 3,,0.0,3.0,1.0,0.0,10,11,2,8,100 ms
3943,Engagement Consent - PTO Engine Accessory Drive 1,PTODE,bit,0 to 3,,0.0,3.0,1.0,0.0,26,27,2,8,100 ms
3944,Engagement Status - PTO Engine Accessory Drive 1,PTODE,bit,0 to 3,,0.0,3.0,1.0,0.0,42,43,2,8,100 ms
3945,Enable Switch - PTO Engine Accessory Drive 2,PTODE,bit,0 to 3,,0.0,3.0,1.0,0.0,12,13,2,8,100 ms
3946,Engagement Consent - PTO Engine Accessory Drive 2,PTODE,bit,0 to 3,,0.0,3.0,1.0,0.0,28,29,2,8,100 ms
3947,Engagement Status - PTO Engine Accessory Drive 2,PTODE,bit,0 to 3,,0.0,3.0,1.0,0.0,44,45,2,8,100 ms
3948,At least one PTO engaged,PTODE,bit,0 to 3,,0.0,3.0,1.0,0.0,48,49,2,8,100 ms
3987,Compression Brake Enable Switch Indicator Lamp Command,DLCC1,bit,0 to 3,,0.0,3.0,1.0,0.0,10,11,2,8,Every 1 s and on change of state but no faster than every 100 ms
4059,Steer Axle Group Weight Available,AAGW,bit,0 to 3,,0.0,3.0,1.0,0.0,0,1,2,8,As needed.  Broadcast whenever an axle group equipped with an on-board scale joined or left the on-board scale subset.
4060,Lift Axle Group Weight Available,AAGW,bit,0 to 3,,0.0,3.0,1.0,0.0,2,3,2,8,As needed.  Broadcast whenever an axle group equipped with an on-board scale joined or left the on-board scale subset.
4061,Drive Axle Group Weight Available,AAGW,bit,0 to 3,,0.0,3.0,1.0,0.0,4,5,2,8,As needed.  Broadcast whenever an axle group equipped with an on-board scale joined or left the on-board scale subset.
4062,Tag Axle Group Weight Available,AAGW,bit,0 to 3,,0.0,3.0,1.0,0.0,6,7,2,8,As needed.  Broadcast whenever an axle group equipped with an on-board scale joined or left the on-board scale subset.
4063,Additional Tractor Axle Group Weight Available,AAGW,bit,0 to 3,,0.0,3.0,1.0,0.0,8,9,2,8,As needed.  Broadcast whenever an axle group equipped with an on-board scale joined or left the on-board scale subset.
4064,Trailer A Axle Group Weight Available,AAGW,bit,0 to 3,,0.0,3.0,1.0,0.0,10,11,2,8,As needed.  Broadcast whenever an axle group equipped with an on-board scale joined or left the on-board scale subset.
4065,Trailer B Axle Group Weight Available,AAGW,bit,0 to 3,,0.0,3.0,1.0,0.0,12,13,2,8,As needed.  Broadcast whenever an axle group equipped with an on-board scale joined or left the on-board scale subset.
4066,Trailer C Axle Group Weight Available,AAGW,bit,0 to 3,,0.0,3.0,1.0,0.0,14,15,2,8,As needed.  Broadcast whenever an axle group equipped with an on-board scale joined or left the on-board scale subset.
4067,Trailer D Axle Group Weight Available,AAGW,bit,0 to 3,,0.0,3.0,1.0,0.0,16,17,2,8,As needed.  Broadcast whenever an axle group equipped with an on-board scale joined or left the on-board scale subset.
4068,Trailer E Axle Group Weight Available,AAGW,bit,0 to 3,,0.0,3.0,1.0,0.0,18,19,2,8,As needed.  Broadcast whenever an axle group equipped with an on-board scale joined or left the on-board scale subset.
4069,Trailer F Axle Group Weight Available,AAGW,bit,0 to 3,,0.0,3.0,1.0,0.0,20,21,2,8,As needed.  Broadcast whenever an axle group equipped with an on-board scale joined or left the on-board scale subset.
407,Axle Group Full Weight Calibration,AGCW,kg,"0 to 128,510 kg",,0.0,128510.0,2.0,0.0,24,39,16,8,"On request.  Upon request, will be broadcast as many times as required to transmit all available axle groups."
4070,Trailer G Axle Group Weight Available,AAGW,bit,0 to 3,,0.0,3.0,1.0,0.0,22,23,2,8,As needed.  Broadcast whenever an axle group equipped with an on-board scale joined or left the on-board scale subset.
4071,Trailer H Axle Group Weight Available,AAGW,bit,0 to 3,,0.0,3.0,1.0,0.0,24,25,2,8,As needed.  Broadcast whenever an axle group equipped with an on-board scale joined or left the on-board scale subset.
4072,Additional Trailer Axle Group Weight Available,AAGW,bit,0 to 3,,0.0,3.0,1.0,0.0,26,27,2,8,As needed.  Broadcast whenever an axle group equipped with an on-board scale joined or left the on-board scale subset.
4073,Axle Group Location,AGW,bit,0 to 15,,0.0,15.0,1.0,0.0,0,3,4,8,"On request.  Upon request, will be broadcast as many times as required to transmit all available axle groups."
4074,Axle Group Location,AGCW,bit,0 to 15,,0.0,15.0,1.0,0.0,0,3,4,8,"On request.  Upon request, will be broadcast as many times as required to transmit all available axle groups."
4075,Zero Net Vehicle Weight Change,ZNVW,bit,0 to 3,,0.0,3.0,1.0,0.0,0,1,2,8,As needed
4076,Engine Coolant Temperature 2,ET4,deg F,-40.0 to 410.0 deg F,,-40.0,410.0,1.8,-40.0,0,7,8,8,1 s
4077,Aftertreatment 1 Fuel Pressure 2,AT1FC2,psi,0.0 to 931.939985519 psi,,0.0,931.939985519,0.0145037738,0.0,0,15,16,8,500 ms
4078,Generator Alternator Efficiency,GC1,%,0 to 160.6375 %,0 to 100%,0.0,100.0,0.0025,0.0,8,23,16,8,100 ms
4079,Generator Governing Speed Command,GC1,bit,0 to 3,,0.0,3.0,1.0,0.0,24,25,2,8,100 ms
408,Axle Group Empty Weight Calibration,AGCW,kg,"0 to 128,510 kg",,0.0,128510.0,2.0,0.0,8,23,16,8,"On request.  Upon request, will be broadcast as many times as required to transmit all available axle groups."
4080,Generator Frequency Selection,GC1,bit,0 to 15,,0.0,15.0,1.0,0.0,26,29,4,8,100 ms
4082,Fuel Pump Primer Control,EOI,bit,0 to 3,,0.0,3.0,1.0,0.0,4,5,2,8,250 ms
4083,Fuel Pump Primer Status,EFS,bit,0 to 3,,0.0,3.0,1.0,0.0,51,52,2,8,0.5 s
4086,Valve Load Sense Pressure,GPV4,psi,0.0 to 46596.99927595 psi,,0.0,46596.99927595,0.72518869,0.0,0,15,16,8,100 ms
4087,Valve Pilot Pressure,GPV4,psi,0.0 to 580.150952 psi,,0.0,580.150952,2.320603808,0.0,16,23,8,8,100 ms
4088,Valve Assembly Load sense Pressure,GPV4,psi,0.0 to 46596.99927595 psi,,0.0,46596.99927595,0.72518869,0.0,24,39,16,8,100 ms
4089,Valve Assembly Supply Pressure,GPV4,psi,0.0 to 46596.99927595 psi,,0.0,46596.99927595,0.72518869,0.0,40,55,16,8,100 ms
409,Axle Group Weight,AGW,kg,"0 to 128,510 kg",,0.0,128510.0,2.0,0.0,8,23,16,8,"On request.  Upon request, will be broadcast as many times as required to transmit all available axle groups."
4097,Aftertreatment 1 Fuel Drain Actuator,AT1FC1,bit,0 to 3,,0.0,3.0,1.0,0.0,48,49,2,8,500 ms
4098,Aftertreatment 2 Fuel Drain Actuator,AT2FC1,bit,0 to 3,,0.0,3.0,1.0,0.0,48,49,2,8,500 ms
4099,XBR urgency,XBR,%,0 to 100 %,,0.0,100.0,0.4,0.0,24,31,8,8,When active: 20 ms; else 200 ms
4100,"Supported in Expanded Freeze Frame (e.g., DM25)",DM24,bit,0 to 1,,0.0,1.0,1.0,0.0,16,16,1,8,On request
4101,Supported in Data Stream,DM24,bit,0 to 1,,0.0,1.0,1.0,0.0,17,17,1,8,On request
4102,"Supported in Scaled Test Results (e.g., DM30)",DM24,bit,0 to 1,,0.0,1.0,1.0,0.0,18,18,1,8,On request
4103,SPN Data Length,DM24,count,0 to 250,,0.0,250.0,1.0,0.0,24,31,8,8,On request
411,Engine Exhaust Gas Recirculation 1 Differential Pressure,ET2,psi,-36.2594345 to 36.54805959862 psi,,-36.2594345,36.54805959862,0.001133107,-36.2594345,32,47,16,8,1s
412,Engine Exhaust Gas Recirculation 1 Temperature,ET2,deg F,-459.40000000000003 to 3154.94375 deg F,,-459.40000000000003,3154.94375,0.05625,-459.40000000000003,48,63,16,8,1s
413,Net Vehicle Weight Change,GCVW,kg,"-16,449,535 to 16,449,535 kg",,-16449535.0,16449535.0,2.0,-16449535.0,24,47,24,8,On request
4138,Vehicle Current MI Accumulated Time,DM36,minutes,"0 to 64,255 mins",,0.0,64255.0,1.0,0.0,32,47,16,,
4148,SPN Identifying Component / System,DM07,binary,"0 to 524,287",,0.0,524287.0,-3.0,0.0,8,26,19,8,Sent whenever a test is desired
4149,FMI Identifying Component / System Specific Test,DM07,binary,0 to 31,,0.0,31.0,-3.0,0.0,24,28,5,8,Sent whenever a test is desired
4151,Engine Exhaust Gas Temperature Average,EAI,deg F,-459.40000000000003 to 3154.94375 deg F,,-459.40000000000003,3154.94375,0.05625,-459.40000000000003,0,15,16,8,500 ms
4152,Engine Exhaust Gas Temperature Average - Bank 2,EAI,deg F,-459.40000000000003 to 3154.94375 deg F,,-459.40000000000003,3154.94375,0.05625,-459.40000000000003,32,47,16,8,500 ms
4153,Engine Exhaust Gas Temperature Average - Bank 1,EAI,deg F,-459.40000000000003 to 3154.94375 deg F,,-459.40000000000003,3154.94375,0.05625,-459.40000000000003,16,31,16,8,500 ms
4154,Actual Engine - Percent Torque High Resolution,EEC1,%,0 to 0.875%,,0.0,0.875,0.125,0.0,4,7,4,8,engine speed dependent
4155,Auxiliary I/O Channel #6,AUXIO5,count,"0 to 64,255",,0.0,64255.0,1.0,0.0,0,15,16,8,"Manufacturer defined, not faster than 20 ms"
4156,Auxiliary I/O Channel #5,AUXIO5,count,"0 to 64,255",,0.0,64255.0,1.0,0.0,16,31,16,8,"Manufacturer defined, not faster than 20 ms"
4157,Auxiliary I/O Channel #4,AUXIO5,count,"0 to 64,255",,0.0,64255.0,1.0,0.0,32,47,16,8,"Manufacturer defined, not faster than 20 ms"
4158,Auxiliary I/O Channel #3,AUXIO5,count,"0 to 64,255",,0.0,64255.0,1.0,0.0,48,63,16,8,"Manufacturer defined, not faster than 20 ms"
4159,Auxiliary I/O Channel #10,AUXIO6,count,0 to 250,,0.0,250.0,1.0,0.0,0,7,8,8,"manufacturer defined, not faster than 100 ms"
4160,Auxiliary I/O Channel #9,AUXIO6,count,0 to 250,,0.0,250.0,1.0,0.0,8,15,8,8,"manufacturer defined, not faster than 100 ms"
4161,Auxiliary I/O Channel #8,AUXIO6,count,0 to 250,,0.0,250.0,1.0,0.0,16,23,8,8,"manufacturer defined, not faster than 100 ms"
4162,Auxiliary I/O Channel #7,AUXIO6,count,0 to 250,,0.0,250.0,1.0,0.0,24,31,8,8,"manufacturer defined, not faster than 100 ms"
4163,Auxiliary I/O Channel #14,AUXIO6,count,0 to 250,,0.0,250.0,1.0,0.0,32,39,8,8,"manufacturer defined, not faster than 100 ms"
4164,Auxiliary I/O Channel #13,AUXIO6,count,0 to 250,,0.0,250.0,1.0,0.0,40,47,8,8,"manufacturer defined, not faster than 100 ms"
4165,Auxiliary I/O Channel #12,AUXIO6,count,0 to 250,,0.0,250.0,1.0,0.0,48,55,8,8,"manufacturer defined, not faster than 100 ms"
4166,Auxiliary I/O Channel #11,AUXIO6,count,0 to 250,,0.0,250.0,1.0,0.0,56,63,8,8,"manufacturer defined, not faster than 100 ms"
4167,Auxiliary I/O Channel #18,AUXIO7,count,0 to 250,,0.0,250.0,1.0,0.0,0,7,8,8,"manufacturer defined, not faster than 100 ms"
4168,Auxiliary I/O Channel #17,AUXIO7,count,0 to 250,,0.0,250.0,1.0,0.0,8,15,8,8,"manufacturer defined, not faster than 100 ms"
4169,Auxiliary I/O Channel #16,AUXIO7,count,0 to 250,,0.0,250.0,1.0,0.0,16,23,8,8,"manufacturer defined, not faster than 100 ms"
417,Gross Combination Weight,GCVW,kg,"0 to 32,899,070 kg",,0.0,32899070.0,2.0,0.0,0,23,24,8,On request
4170,Auxiliary I/O Channel #15,AUXIO7,count,0 to 250,,0.0,250.0,1.0,0.0,24,31,8,8,"manufacturer defined, not faster than 100 ms"
4171,Auxiliary I/O Channel #22,AUXIO7,count,0 to 250,,0.0,250.0,1.0,0.0,32,39,8,8,"manufacturer defined, not faster than 100 ms"
4172,Auxiliary I/O Channel #21,AUXIO7,count,0 to 250,,0.0,250.0,1.0,0.0,40,47,8,8,"manufacturer defined, not faster than 100 ms"
4173,Auxiliary I/O Channel #20,AUXIO7,count,0 to 250,,0.0,250.0,1.0,0.0,48,55,8,8,"manufacturer defined, not faster than 100 ms"
4174,Auxiliary I/O Channel #19,AUXIO7,count,0 to 250,,0.0,250.0,1.0,0.0,56,63,8,8,"manufacturer defined, not faster than 100 ms"
4175,DPF Active Regeneration Forced Status,DPFC1,bit,0 to 7,,0.0,7.0,1.0,0.0,53,55,3,8,"Every 1 s and on change of state but no faster than every 100 ms.  Grandfathered definition for systems that implemented this message prior to July, 2010:  1 s and on change"
4176,Transmission Current Range Display Blank State,ETC7,bit,0 to 3,,0.0,3.0,1.0,0.0,0,1,2,8,100 ms
4177,Transmission Oil Life Remaining,TRF2,%,0 to 100 %,,0.0,100.0,0.4,0.0,24,31,8,8,1 s
4178,Transmission Service Indicator,ETC7,bit,0 to 3,,0.0,3.0,1.0,0.0,2,3,2,8,100 ms
4180,Data Dictionary Manufacturer Code,PMI,bit,0 to 2047,,0.0,2047.0,1.0,0.0,0,8,11,Variable,On request
4181,Data Dictionary Method,PMI,bit,0 to 2097151,,0.0,2097151.0,1.0,0.0,11,31,21,Variable,On request
4191,Engine Requested Torque -  High Resolution,TSC1,%,0 to 0.875%,,0.0,0.875,0.125,0.0,40,43,4,8,"To engine: Control Purpose dependent or 10 ms
To retarder: 50 ms"
4193,Engine Coolant Pump Outlet Temperature,ET4,deg F,-40.0 to 410.0 deg F,,-40.0,410.0,1.8,-40.0,8,15,8,8,1 s
4194,Engine Coolant Thermostat Opening,ET4,%,0 to 100 %,,0.0,100.0,0.4,0.0,16,23,8,8,1 s
4195,Engine Coolant Thermostat Mode,ECCVC,bit,0 to 3,,0.0,3.0,1.0,0.0,0,1,2,8,1 sec
4196,Desired Engine Coolant Pump Outlet Temperature,ECCVC,deg F,-40.0 to 410.0 deg F,,-40.0,410.0,1.8,-40.0,8,15,8,8,1 sec
4197,Desired Engine Coolant Thermostat Opening,ECCVC,%,0 to 100 %,,0.0,100.0,0.4,0.0,16,23,8,8,1 sec
4198,Aftercooler Coolant Thermostat Mode,ACCVC,bit,0 to 3,,0.0,3.0,1.0,0.0,0,1,2,8,1 sec
4199,Desired Aftercooler Coolant Intake Temperature,ACCVC,deg F,-40.0 to 410.0 deg F,,-40.0,410.0,1.8,-40.0,8,15,8,8,1 sec
4200,Desired Aftercooler Coolant Thermostat Opening,ACCVC,%,0 to 100 %,,0.0,100.0,0.4,0.0,16,23,8,8,1 sec
4201,Engine Speed 1,ESSI,rpm,"0 to 32,127.5 rpm",,0.0,32127.5,0.5,0.0,0,15,16,8,"Transmitted only after requested.  After request, broadcast rate is engine speed dependent.  Update stopped after key switch cycle."
4202,Engine Speed 3,ESSI,rpm,"0 to 32,127.5 rpm",,0.0,32127.5,0.5,0.0,32,47,16,8,"Transmitted only after requested.  After request, broadcast rate is engine speed dependent.  Update stopped after key switch cycle."
4203,Engine Speed Sensor 1 Timing Pattern Status,ESSI,bit,0 to 3,,0.0,3.0,1.0,0.0,54,55,2,8,"Transmitted only after requested.  After request, broadcast rate is engine speed dependent.  Update stopped after key switch cycle."
4204,Engine Speed Sensor 2 Timing Pattern Status,ESSI,bit,0 to 3,,0.0,3.0,1.0,0.0,52,53,2,8,"Transmitted only after requested.  After request, broadcast rate is engine speed dependent.  Update stopped after key switch cycle."
4205,Engine Speed Sensor 3 Timing Pattern Status,ESSI,bit,0 to 3,,0.0,3.0,1.0,0.0,50,51,2,8,"Transmitted only after requested.  After request, broadcast rate is engine speed dependent.  Update stopped after key switch cycle."
4206,Message Counter,TSC1,count,0 to 15,,0.0,15.0,1.0,0.0,56,59,4,8,"To engine: Control Purpose dependent or 10 ms
To retarder: 50 ms"
4207,Message Checksum,TSC1,count,0 to 15,,0.0,15.0,1.0,0.0,60,63,4,8,"To engine: Control Purpose dependent or 10 ms
To retarder: 50 ms"
4211,Hydraulic Fan Motor Pressure,FD1,psi,0.0 to 4659.699927595 psi,,0.0,4659.699927595,0.072518869,0.0,32,47,16,8,1 s
4212,Fan Drive Bypass Command Status,FD1,%,0 to 100 %,,0.0,100.0,0.4,0.0,48,55,8,8,1 s
4233,Retarder Road Speed Limit Switch,ERC1,bit,0 to 3,,0.0,3.0,1.0,0.0,28,29,2,8,100 ms
4234,Retarder Road Speed Exceeded Status,ERC1,bit,0 to 3,,0.0,3.0,1.0,0.0,30,31,2,8,100 ms
4236,Short-term Fuel Trim - Bank 1,O2FT1,%,-100 to 100 %,,-100.0,100.0,0.1,-3212.75,16,31,16,8,On Request
4237,Long-term Fuel Trim - Bank 1,O2FT1,%,-100 to 100 %,,-100.0,100.0,0.1,-3212.75,0,15,16,8,On Request
4238,Short-term Fuel Trim - Bank 2,O2FT2,%,-100 to 100 %,,-100.0,100.0,0.1,-3212.75,16,31,16,8,On Request
4239,Long-term Fuel Trim - Bank 2,O2FT2,%,-100 to 100 %,,-100.0,100.0,0.1,-3212.75,0,15,16,8,On Request
4240,"Engine Exhaust Gas Oxygen Sensor Closed Loop Operation, Bank 1",O2FT1,bit,0 to 15,,0.0,15.0,1.0,0.0,32,35,4,8,On Request
4241,"Engine Exhaust Gas Oxygen Sensor Closed Loop Operation, Bank 2",O2FT2,bit,0 to 15,,0.0,15.0,1.0,0.0,32,35,4,8,On Request
4242,Transmission Reverse Gear Shift Inhibit Request,TC1,bit,0 to 3,,0.0,3.0,1.0,0.0,6,7,2,8,When active; 50 ms to transmission and axles
4245,Fuel energy content,GFD,MJ/Nm^3,0 to 250.996 MJ/Nm^3,,0.0,250.9963,1.0,0.0,32,47,16,8,On request
4246,Transmission Mode 5,TC1,bit,0 to 3,,0.0,3.0,1.0,0.0,56,57,2,8,When active; 50 ms to transmission and axles
4247,Transmission Mode 6,TC1,bit,0 to 3,,0.0,3.0,1.0,0.0,58,59,2,8,When active; 50 ms to transmission and axles
4248,Transmission Mode 7,TC1,bit,0 to 3,,0.0,3.0,1.0,0.0,60,61,2,8,When active; 50 ms to transmission and axles
4249,Transmission Mode 8,TC1,bit,0 to 3,,0.0,3.0,1.0,0.0,62,63,2,8,When active; 50 ms to transmission and axles
4250,Transmission Mode 5 Indicator,ETC7,bit,0 to 3,,0.0,3.0,1.0,0.0,32,33,2,8,100 ms
4251,Transmission Mode 6 Indicator,ETC7,bit,0 to 3,,0.0,3.0,1.0,0.0,34,35,2,8,100 ms
4252,Transmission Mode 7 Indicator,ETC7,bit,0 to 3,,0.0,3.0,1.0,0.0,36,37,2,8,100 ms
4253,Transmission Mode 8 Indicator,ETC7,bit,0 to 3,,0.0,3.0,1.0,0.0,38,39,2,8,100 ms
4254,Transmission Mode Label,TML,ASCII,0 to 255 per byte,,0.0,255.0,-2.0,0.0,-1,0,200,Variable,On request
4255,Transmission Requested Launch Gear,TC1,bit,0 to 15,,0.0,15.0,1.0,0.0,50,53,4,8,When active; 50 ms to transmission and axles
4261,Transmission Reverse Gear Shift Inhibit Status,ETC7,bit,0 to 3,,0.0,3.0,1.0,0.0,40,41,2,8,100 ms
4263,Manufacturer Specified Information,DM04,,manufacturer defined,,-1.0,-1.0,-5.0,0.0,13,-1,8,Variable,On request
4287,Engine Exhaust Valve Actuation System Oil Pressure,EFL/P3,psi,0.0 to 36404.472237999995 psi,,0.0,36404.472237999995,0.5665536640625,0.0,24,39,16,8,500 ms
4288,Engine Exhaust Valve Actuation System Oil Temperature,ET4,deg F,-459.40000000000003 to 3154.94375 deg F,,-459.40000000000003,3154.94375,0.05625,-459.40000000000003,24,39,16,8,1 s
4289,Aftertreatment 1 Three Way Catalytic Converter Intake Gas Temperature,AT1TWCC,deg F,-459.40000000000003 to 3154.94375 deg F,,-459.40000000000003,3154.94375,0.05625,-459.40000000000003,0,15,16,8,500 ms
4290,Aftertreatment 1 Three Way Catalytic Converter Outlet Gas Temperature,AT1TWCC,deg F,-459.40000000000003 to 3154.94375 deg F,,-459.40000000000003,3154.94375,0.05625,-459.40000000000003,16,31,16,8,500 ms
4291,Aftertreatment 1 Three Way Catalytic Converter Differential Pressure,AT1TWCC,psi,0.0 to 931.939985519 psi,,0.0,931.939985519,0.0145037738,0.0,32,47,16,8,500 ms
4292,Aftertreatment 1 Three Way Catalytic Converter Intake Gas Temperature Preliminary FMI,AT1TWCC,binary,0 to 31,,0.0,31.0,-3.0,0.0,48,52,5,8,500 ms
4293,Aftertreatment 1 Three Way Catalytic Converter Outlet Gas Temperature Preliminary FMI,AT1TWCC,binary,0 to 31,,0.0,31.0,-3.0,0.0,53,56,5,8,500 ms
4294,Aftertreatment 1 Three Way Catalytic Converter Differential Pressure Preliminary FMI,AT1TWCC,binary,0 to 31,,0.0,31.0,-3.0,0.0,58,62,5,8,500 ms
4295,Aftertreatment 2 Three Way Catalytic Converter Intake Gas Temperature,AT2TWCC,deg F,-459.40000000000003 to 3154.94375 deg F,,-459.40000000000003,3154.94375,0.05625,-459.40000000000003,0,15,16,8,500 ms
4296,Aftertreatment 2 Three Way Catalytic Converter Outlet Gas Temperature,AT2TWCC,deg F,-459.40000000000003 to 3154.94375 deg F,,-459.40000000000003,3154.94375,0.05625,-459.40000000000003,16,31,16,8,500 ms
4297,Aftertreatment 2 Three Way Catalytic Converter Differential Pressure,AT2TWCC,psi,0.0 to 931.939985519 psi,,0.0,931.939985519,0.0145037738,0.0,32,47,16,8,500 ms
4298,Aftertreatment 2 Three Way Catalytic Converter Intake Gas Temperature Preliminary FMI,AT2TWCC,binary,0 to 31,,0.0,31.0,-3.0,0.0,48,52,5,8,500 ms
4299,Aftertreatment 2 Three Way Catalytic Converter Outlet Gas Temperature Preliminary FMI,AT2TWCC,binary,0 to 31,,0.0,31.0,-3.0,0.0,53,56,5,8,500 ms
4300,Aftertreatment 2 Three Way Catalytic Converter Differential Pressure Preliminary FMI,AT2TWCC,binary,0 to 31,,0.0,31.0,-3.0,0.0,58,62,5,8,500 ms
4301,Aftertreatment 1 Fuel Injector 1 Heater Control,AT1FC1,%,0 to 100 %,,0.0,100.0,0.4,0.0,56,63,8,8,500 ms
4302,Aftertreatment 2 Fuel Injector 1 Heater Control,AT2FC1,%,0 to 100 %,,0.0,100.0,0.4,0.0,56,63,8,8,500 ms
4303,Aftertreatment 2 Fuel Pressure 2,AT2FC2,psi,0.0 to 931.939985519 psi,,0.0,931.939985519,0.0145037738,0.0,0,15,16,8,500 ms
4304,ECU Manufacturer Name,ECUID,ASCII,0 to 255 per byte,,0.0,255.0,-2.0,0.0,-1,0,1600,Variable,On request
4305,Machine selected speed,MSS,m/s,0 to 64.255 m/s,,0.0,64.255,0.001,0.0,0,15,16,8,100 ms
4306,Machine selected distance,MSS,m,"0 to 4,211,081.215 m",,0.0,4211081.215,0.001,0.0,16,47,32,8,100 ms
4307,Persistent limit status,MSS,bit,0 to 7,,0.0,7.0,1.0,0.0,61,63,3,8,100 ms
4308,Machine selected speed source,MSS,bit,0 to 7,,0.0,7.0,1.0,0.0,58,60,3,8,100 ms
4309,Machine selected direction,MSS,bit,0 to 3,,0.0,3.0,1.0,0.0,56,57,2,8,100 ms
4310,Machine selected speed setpoint command,MSSC,m/s,0 to 64.255 m/s,,0.0,64.255,0.001,0.0,0,15,16,8,100 ms
4311,Machine selected speed setpoint limit,MSSC,m/s,0 to 64.255 m/s,,0.0,64.255,0.001,0.0,16,31,16,8,100 ms
4312,Machine selected direction command,MSSC,bit,0 to 3,,0.0,3.0,1.0,0.0,56,57,2,8,100 ms
4313,ISOBUS compliance certification year,ICC,Years,2000 to 2061 years,,2000.0,2061.0,1.0,2000.0,0,5,6,8,On request
4314,ISOBUS compliance certificate revision,ICC,bit,0 to 7,,0.0,7.0,1.0,0.0,6,8,3,8,On request
4315,ISOBUS compliance certificate laboratory type,ICC,bit,0 to 7,,0.0,7.0,1.0,0.0,9,11,3,8,On request
4316,ISOBUS Compliance certification laboratory ID,ICC,bit,0 to 2047,,0.0,2047.0,1.0,0.0,13,23,11,8,On request
4317,ISOBUS Compliance certification type - Minimum ECU,ICC,bit,0 to 1,,0.0,1.0,1.0,0.0,31,31,1,8,On request
4318,ISOBUS Compliance certification type - TECU Class 1,ICC,bit,0 to 1,,0.0,1.0,1.0,0.0,30,30,1,8,On request
4319,ISOBUS Compliance certification type - TECU Class 2,ICC,bit,0 to 1,,0.0,1.0,1.0,0.0,29,29,1,8,On request
4320,ISOBUS Compliance certification type - TECU Class 3,ICC,bit,0 to 1,,0.0,1.0,1.0,0.0,28,28,1,8,On request
4321,ISOBUS Compliance certification type - Class 3 ECU,ICC,bit,0 to 1,,0.0,1.0,1.0,0.0,27,27,1,8,On request
4322,ISOBUS Compliance certification type - Virtual terminal,ICC,bit,0 to 1,,0.0,1.0,1.0,0.0,26,26,1,8,On request
4323,ISOBUS Compliance certification type - VT working set master,ICC,bit,0 to 1,,0.0,1.0,1.0,0.0,25,25,1,8,On request
4324,ISOBUS Compliance certification type - VT working set member,ICC,bit,0 to 1,,0.0,1.0,1.0,0.0,24,24,1,8,On request
4325,ISOBUS Compliance certification type - Task Controller,ICC,bit,0 to 1,,0.0,1.0,1.0,0.0,39,39,1,8,On request
4326,ISOBUS Compliance certification type - TC working set master,ICC,bit,0 to 1,,0.0,1.0,1.0,0.0,38,38,1,8,On request
4327,ISOBUS Compliance certification type - TC working set member,ICC,bit,0 to 1,,0.0,1.0,1.0,0.0,37,37,1,8,On request
4328,ISOBUS Compliance certification type - File Server,ICC,bit,0 to 1,,0.0,1.0,1.0,0.0,36,36,1,8,On request
4329,ISOBUS Compliance certification type - GPS Reciever,ICC,bit,0 to 1,,0.0,1.0,1.0,0.0,35,35,1,8,On request
4330,ISOBUS Compliance certification reference number,ICC,count,"0 to 65,535",,0.0,65535.0,1.0,0.0,48,63,16,8,On request
4331,Aftertreatment 1 Diesel Exhaust Fluid Actual Dosing Quantity,A1SCRDSI1,g/h,0 to 19276.5 g/h,,0.0,19276.5,0.3,0.0,0,15,16,8,50 ms
4332,Aftertreatment 1 SCR System State,A1SCRDSI1,bit,0 to 15,,0.0,15.0,1.0,0.0,16,19,4,8,50 ms
4333,Aftertreatment 1 Diesel Exhaust Fluid Actual Quantity of Integrator,A1SCRDSI1,g,0 to 6425.5 g,,0.0,6425.5,0.1,0.0,24,39,16,8,50 ms
4334,Aftertreatment 1 Diesel Exhaust Fluid Doser Absolute Pressure,A1SCRDSI1,psi,0.0 to 290.075476 psi,,0.0,290.075476,1.160301904,0.0,40,47,8,8,50 ms
4335,Aftertreatment 1 SCR Dosing Air Assist Absolute Pressure,A1SCRDSI2,psi,0.0 to 290.075476 psi,,0.0,290.075476,1.160301904,0.0,0,7,8,8,500 ms
4336,Aftertreatment 1 SCR Dosing Air Assist Valve,A1SCRDSI2,%,0 to 100 %,,0.0,100.0,0.4,0.0,8,15,8,8,500 ms
4337,Aftertreatment 1 Diesel Exhaust Fluid Dosing Temperature,A1SCRDSI2,deg F,-40.0 to 410.0 deg F,,-40.0,410.0,1.8,-40.0,16,23,8,8,500 ms
4338,Aftertreatment 1 SCR Dosing Valve Exhaust Temperature Reduction Request,A1SCRDSI2,bit,0 to 7,,0.0,7.0,1.0,0.0,24,26,3,8,500 ms
4339,Aftertreatment 1 SCR Feedback Control Status,A1SCRDSI2,bit,0 to 7,,0.0,7.0,1.0,0.0,27,29,3,8,500 ms
4340,Aftertreatment 1 Diesel Exhaust Fluid Line Heater 1 State,A1SCRDSI2,bit,0 to 3,,0.0,3.0,1.0,0.0,32,33,2,8,500 ms
4341,Aftertreatment 1 Diesel Exhaust Fluid Line Heater 1 Preliminary FMI,A1SCRDSI2,binary,0 to 31,,0.0,31.0,-3.0,0.0,34,38,5,8,500 ms
4342,Aftertreatment 1 Diesel Exhaust Fluid Line Heater 2 State,A1SCRDSI2,bit,0 to 3,,0.0,3.0,1.0,0.0,40,41,2,8,500 ms
4343,Aftertreatment 1 Diesel Exhaust Fluid Line Heater 2 Preliminary FMI,A1SCRDSI2,binary,0 to 31,,0.0,31.0,-3.0,0.0,42,46,5,8,500 ms
4344,Aftertreatment 1 Diesel Exhaust Fluid Line Heater 3 State,A1SCRDSI2,bit,0 to 3,,0.0,3.0,1.0,0.0,48,49,2,8,500 ms
4345,Aftertreatment 1 Diesel Exhaust Fluid Line Heater 3 Preliminary FMI,A1SCRDSI2,binary,0 to 31,,0.0,31.0,-3.0,0.0,50,54,5,8,500 ms
4346,Aftertreatment 1 Diesel Exhaust Fluid Line Heater 4 State,A1SCRDSI2,bit,0 to 3,,0.0,3.0,1.0,0.0,56,57,2,8,500 ms
4347,Aftertreatment 1 Diesel Exhaust Fluid Line Heater 4 Preliminary FMI,A1SCRDSI2,binary,0 to 31,,0.0,31.0,-3.0,0.0,58,62,5,8,500 ms
4348,Aftertreatment 1 Diesel Exhaust Fluid Dosing Requested Quantity,A1SCRDSR1,g/h,0 to 19276.5 g/h,,0.0,19276.5,0.3,0.0,0,15,16,8,50 ms
4349,Aftertreatment 1 SCR System Requested State,A1SCRDSR1,bit,0 to 15,,0.0,15.0,1.0,0.0,16,19,4,8,50 ms
4350,Aftertreatment 1 Diesel Exhaust Fluid Requested Quantity of Integrator,A1SCRDSR1,g,0 to 6425.5 g,,0.0,6425.5,0.1,0.0,24,39,16,8,50 ms
4352,Aftertreatment 1 Diesel Exhaust Fluid Doser Fault Suppression Request,A1SCRDSR2,bit,0 to 3,,0.0,3.0,1.0,0.0,2,3,2,8,500 ms
4353,Aftertreatment 1 Diesel Exhaust Fluid Doser Heating Mode Request,A1SCRDSR2,bit,0 to 7,,0.0,7.0,1.0,0.0,4,6,3,8,500 ms
4354,Aftertreatment 1 Diesel Exhaust Fluid Line Heater 1,A1SCRDSR2,bit,0 to 3,,0.0,3.0,1.0,0.0,8,9,2,8,500 ms
4355,Aftertreatment 1 Diesel Exhaust Fluid Line Heater 2,A1SCRDSR2,bit,0 to 3,,0.0,3.0,1.0,0.0,10,11,2,8,500 ms
4356,Aftertreatment 1 Diesel Exhaust Fluid Line Heater 3,A1SCRDSR2,bit,0 to 3,,0.0,3.0,1.0,0.0,12,13,2,8,500 ms
4357,Aftertreatment 1 Diesel Exhaust Fluid Line Heater 4,A1SCRDSR2,bit,0 to 3,,0.0,3.0,1.0,0.0,14,15,2,8,500 ms
4358,Aftertreatment 1 SCR Exhaust Gas Differential Pressure,A1SCREGP,psi,0.0 to 931.939985519 psi,,0.0,931.939985519,0.0145037738,0.0,0,15,16,8,500 ms
4359,Aftertreatment 1 SCR Exhaust Gas Differential Pressure Preliminary FMI,A1SCREGP,bit,0 to 31,,0.0,31.0,1.0,0.0,16,20,5,8,500 ms
4360,Aftertreatment 1 SCR Catalyst Intake Gas Temperature,A1SCREGT,deg F,-459.40000000000003 to 3154.94375 deg F,,-459.40000000000003,3154.94375,0.05625,-459.40000000000003,0,15,16,8,500 ms
4361,Aftertreatment 1 SCR Catalyst Intake Gas Temperature Preliminary FMI,A1SCREGT,bit,0 to 31,,0.0,31.0,1.0,0.0,16,20,5,8,500 ms
4362,Aftertreatment 1 SCR Catalyst Outlet Gas Temperature Preliminary FMI,A1SCREGT,bit,0 to 31,,0.0,31.0,1.0,0.0,40,44,5,8,500 ms
4363,Aftertreatment 1 SCR Catalyst Outlet Gas Temperature,A1SCREGT,deg F,-459.40000000000003 to 3154.94375 deg F,,-459.40000000000003,3154.94375,0.05625,-459.40000000000003,24,39,16,8,500 ms
4364,Aftertreatment 1 SCR Conversion Efficiency,SCR1,%,0 to 100 %,,0.0,100.0,0.4,0.0,32,39,8,8,On request
4365,Aftertreatment 1 SCR Catalyst Reagent Tank 1 Temperature Preliminary FMI,AT1T1I,binary,0 to 31,,0.0,31.0,-3.0,0.0,40,44,5,8,1 s
4366,Aftertreatment 1 SCR Catalyst Reagent Tank 1 Heater Preliminary FMI,AT1T1I,binary,0 to 31,,0.0,31.0,-3.0,0.0,56,60,5,8,1 s
4367,Aftertreatment 1 Diesel Exhaust Fluid Tank 2 Level,A1SCRRT2I,%,0 to 100 %,,0.0,100.0,0.4,0.0,0,7,8,8,1 s
4368,Aftertreatment 1 Diesel Exhaust Fluid Tank 2 Temperature,A1SCRRT2I,deg F,-40.0 to 410.0 deg F,,-40.0,410.0,1.8,-40.0,8,15,8,8,1 s
4369,Aftertreatment 1 Diesel Exhaust Fluid Tank 2 Level 2,A1SCRRT2I,m,"0 to 6,425.5 mm (0 to 6.4255 m)",,0.0,6425.5,0.1,0.0,16,31,16,8,1 s
4370,Aftertreatment 1 Diesel Exhaust Fluid Tank 2 Level Preliminary FMI,A1SCRRT2I,binary,0 to 31,,0.0,31.0,-3.0,0.0,32,36,5,8,1 s
4371,Aftertreatment 1 Diesel Exhaust Fluid Tank 2 Temperature Prelminary FMI,A1SCRRT2I,binary,0 to 31,,0.0,31.0,-3.0,0.0,40,44,5,8,1 s
4372,Aftertreatment 1 Diesel Exhaust Fluid Tank 2 Heater,A1SCRRT2I,%,0 to 100 %,,0.0,100.0,0.4,0.0,48,55,8,8,1 s
4373,Aftertreatment 1 Diesel Exhaust Fluid Tank 2 Heater Prelminary FMI,A1SCRRT2I,binary,0 to 31,,0.0,31.0,-3.0,0.0,56,60,5,8,1 s
4374,Aftertreatment 1 Diesel Exhaust Fluid Pump Motor Speed,A1DEFSI,rpm,"0 to 32,127.5 rpm",,0.0,32127.5,0.5,0.0,0,15,16,8,1 s
4375,Aftertreatment 1 Diesel Exhaust Fluid Pump Drive Percentage,A1DEFSI,%,0 to 100 %,,0.0,100.0,0.4,0.0,16,23,8,8,1 s
4376,Aftertreatment 1 Diesel Exhaust Fluid Return Valve,A1DEFSI,%,0 to 100 %,,0.0,100.0,0.4,0.0,24,31,8,8,1 s
4377,Aftertreatment 1 Outlet NH3,A1SCRAI,ppm,-200 to 3012.75 ppm,,-200.0,3012.75,0.05,-200.0,0,15,16,8,50 ms
4378,Aftertreatment 1 Outlet NH3 Sensor Preliminary FMI,A1SCRAI,binary,0 to 31,,0.0,31.0,-3.0,0.0,16,20,5,8,50 ms
4379,Aftertreatment 1 Outlet NH3 Reading Stable,A1SCRAI,bit,0 to 3,,0.0,3.0,1.0,0.0,24,25,2,8,50 ms
4380,Aftertreatment 1 Outlet NH3 Gas Sensor Power In Range,A1SCRAI,bit,0 to 3,,0.0,3.0,1.0,0.0,26,27,2,8,50 ms
4381,Aftertreatment 1 Outlet NH3 Gas Sensor at Temperature,A1SCRAI,bit,0 to 3,,0.0,3.0,1.0,0.0,28,29,2,8,50 ms
4382,Aftertreatment 1 Outlet NH3 Gas Sensor Heater Preliminary FMI,A1SCRAI,binary,0 to 31,,0.0,31.0,-3.0,0.0,32,36,5,8,50 ms
4383,Aftertreatment 1 Outlet NH3 Gas Sensor Heater Control,A1SCRAI,bit,0 to 3,,0.0,3.0,1.0,0.0,40,41,2,8,50 ms
4384,Aftertreatment 2 Diesel Exhaust Fluid Actual Dosing Quantity,A2SCRDSI1,g/h,0 to 19276.5 g/h,,0.0,19276.5,0.3,0.0,0,15,16,8,50 ms
4385,Aftertreatment 2 SCR System State,A2SCRDSI1,bit,0 to 15,,0.0,15.0,1.0,0.0,16,19,4,8,50 ms
4386,Aftertreatment 2 Diesel Exhaust Fluid Actual Quantity of Integrator,A2SCRDSI1,g,0 to 6425.5 g,,0.0,6425.5,0.1,0.0,24,39,16,8,50 ms
4387,Aftertreatment 2 Diesel Exhaust Fluid Dosing Absolute Pressure,A2SCRDSI1,psi,0.0 to 290.075476 psi,,0.0,290.075476,1.160301904,0.0,40,47,8,8,50 ms
4388,Aftertreatment 2 SCR Dosing Air Assist Absolute Pressure,A2SCRDSI2,psi,0.0 to 290.075476 psi,,0.0,290.075476,1.160301904,0.0,0,7,8,8,500 ms
4389,Aftertreatment 2 SCR Dosing Air Assist Valve,A2SCRDSI2,%,0 to 100 %,,0.0,100.0,0.4,0.0,8,15,8,8,500 ms
4390,Aftertreatment 2 Diesel Exhaust Fluid Dosing Temperature,A2SCRDSI2,deg F,-40.0 to 410.0 deg F,,-40.0,410.0,1.8,-40.0,16,23,8,8,500 ms
4391,Aftertreatment 2 SCR Dosing Valve Exhaust Temp. Reduction Request,A2SCRDSI2,bit,0 to 7,,0.0,7.0,1.0,0.0,24,26,3,8,500 ms
4392,Aftertreatment 2 SCR Feedback Control Status,A2SCRDSI2,bit,0 to 7,,0.0,7.0,1.0,0.0,27,29,3,8,500 ms
4393,Aftertreatment 2 Diesel Exhaust Fluid Line Heater 1 State,A2SCRDSI2,bit,0 to 3,,0.0,3.0,1.0,0.0,32,33,2,8,500 ms
4394,Aftertreatment 2 Diesel Exhaust Fluid Line Heater 1 Preliminary FMI,A2SCRDSI2,binary,0 to 31,,0.0,31.0,-3.0,0.0,34,38,5,8,500 ms
4395,Aftertreatment 2 Diesel Exhaust Fluid Line Heater 2 State,A2SCRDSI2,bit,0 to 3,,0.0,3.0,1.0,0.0,40,41,2,8,500 ms
4396,Aftertreatment 2 Diesel Exhaust Fluid Line Heater 2 Preliminary FMI,A2SCRDSI2,binary,0 to 31,,0.0,31.0,-3.0,0.0,42,46,5,8,500 ms
4397,Aftertreatment 2 Diesel Exhaust Fluid Line Heater 3 State,A2SCRDSI2,bit,0 to 3,,0.0,3.0,1.0,0.0,48,49,2,8,500 ms
4398,Aftertreatment 2 Diesel Exhaust Fluid Line Heater 3 Preliminary FMI,A2SCRDSI2,binary,0 to 31,,0.0,31.0,-3.0,0.0,50,54,5,8,500 ms
4399,Aftertreatment 2 Diesel Exhaust Fluid Line Heater 4 State,A2SCRDSI2,bit,0 to 3,,0.0,3.0,1.0,0.0,56,57,2,8,500 ms
4400,Aftertreatment 2 Diesel Exhaust Fluid Line Heater 4 Preliminary FMI,A2SCRDSI2,binary,0 to 31,,0.0,31.0,-3.0,0.0,58,62,5,8,500 ms
4401,Aftertreatment 2 Diesel Exhaust Fluid Dosing Requested Quantity,A2SCRDSR1,g/h,0 to 19276.5 g/h,,0.0,19276.5,0.3,0.0,0,15,16,8,50 ms
4402,Aftertreatment 2 SCR System Requested State,A2SCRDSR1,bit,0 to 15,,0.0,15.0,1.0,0.0,16,19,4,8,50 ms
4403,Aftertreatment 2 Diesel Exhaust Fluid Requested Quantity of Integrator,A2SCRDSR1,g,0 to 6425.5 g,,0.0,6425.5,0.1,0.0,24,39,16,8,50 ms
4405,Aftertreatment 2 Diesel Exhaust Fluid  Doser Fault Suppression Request,A2SCRDSR2,bit,0 to 3,,0.0,3.0,1.0,0.0,2,3,2,8,500 ms
4406,Aftertreatment 2 Diesel Exhaust Fluid Doser Heating Mode Request,A2SCRDSR2,bit,0 to 7,,0.0,7.0,1.0,0.0,4,6,3,8,500 ms
4407,Aftertreatment 2 Diesel Exhaust Fluid Line Heater 1,A2SCRDSR2,bit,0 to 3,,0.0,3.0,1.0,0.0,8,9,2,8,500 ms
4408,Aftertreatment 2 Diesel Exhaust Fluid Line Heater 2,A2SCRDSR2,bit,0 to 3,,0.0,3.0,1.0,0.0,10,11,2,8,500 ms
4409,Aftertreatment 2 Diesel Exhaust Fluid Line Heater 3,A2SCRDSR2,bit,0 to 3,,0.0,3.0,1.0,0.0,12,13,2,8,500 ms
441,Auxiliary Temperature 1,AAI,deg F,-40.0 to 410.0 deg F,,-40.0,410.0,1.8,-40.0,0,7,8,8,On request
4410,Aftertreatment 2 Diesel Exhaust Fluid Line Heater 4,A2SCRDSR2,bit,0 to 3,,0.0,3.0,1.0,0.0,14,15,2,8,500 ms
4411,Aftertreatment 2 SCR Exhaust Gas Differential Pressure,A2SCREGP,psi,0.0 to 931.939985519 psi,,0.0,931.939985519,0.0145037738,0.0,0,15,16,8,500 ms
4412,Aftertreatment 2 SCR Exhaust Gas Differential Pressure Preliminary FMI,A2SCREGP,bit,0 to 31,,0.0,31.0,1.0,0.0,16,20,5,8,500 ms
4413,Aftertreatment 2 SCR Catalyst Intake Gas Temperature,A2SCREGT,deg F,-459.40000000000003 to 3154.94375 deg F,,-459.40000000000003,3154.94375,0.05625,-459.40000000000003,0,15,16,8,500 ms
4414,Aftertreatment 2 SCR Catalyst Intake Gas Temperature Preliminary FMI,A2SCREGT,bit,0 to 31,,0.0,31.0,1.0,0.0,16,20,5,8,500 ms
4415,Aftertreatment 2 SCR Catalyst Outlet Gas Temperature,A2SCREGT,deg F,-459.40000000000003 to 3154.94375 deg F,,-459.40000000000003,3154.94375,0.05625,-459.40000000000003,24,39,16,8,500 ms
4416,Aftertreatment 2 SCR Catalyst Outlet Gas Temperature Preliminary FMI,A2SCREGT,bit,0 to 31,,0.0,31.0,1.0,0.0,40,44,5,8,500 ms
4417,Aftertreatment 2 Diesel Exhaust Fluid Average Consumption,A2SCRSI,l/h,"0 to 3,212.75 L/h",,0.0,3212.75,0.05,0.0,0,15,16,8,On request
4418,Aftertreatment 2 SCR Commanded Catalyst Diesel Exhaust Fluid Consumption,A2SCRSI,l/h,"0 to 3,212.75 L/h",,0.0,3212.75,0.05,0.0,16,31,16,8,On request
4419,Aftertreatment 2 SCR Conversion Efficiency,A2SCRSI,%,0 to 100 %,,0.0,100.0,0.4,0.0,32,39,8,8,On request
442,Auxiliary Temperature 2,AAI,deg F,-40.0 to 410.0 deg F,,-40.0,410.0,1.8,-40.0,8,15,8,8,On request
4420,Aftertreatment 2 Diesel Exhaust Fluid Temperature 2,A2DEFI,deg F,-40.0 to 410.0 deg F,,-40.0,410.0,1.8,-40.0,0,7,8,8,1 s
4421,Aftertreatment 2 Diesel Exhaust Fluid Concentration,A2DEFI,%,0 to 62.5 %,,0.0,62.5,0.25,0.0,8,15,8,8,1 s
4422,Aftertreatment 2 Diesel Exhaust Fluid Conductivity,A2DEFI,microSiemens/mm,0 to 1250 microSiemens/mm,,0.0,1250.0,5.0,0.0,16,23,8,8,1 s
4423,Aftertreatment 2 SCR Catalyst Reagent Temperature 2 Preliminary FMI,A2DEFI,binary,0 to 31,,0.0,31.0,-3.0,0.0,24,28,5,8,1 s
4424,Aftertreatment 2 SCR Catalyst Reagent Properties Preliminary FMI,A2DEFI,binary,0 to 31,,0.0,31.0,-3.0,0.0,32,36,5,8,1 s
4425,Aftertreatment 2 Diesel Exhaust Fluid Type,A2DEFI,bit,0 to 15,,0.0,15.0,1.0,0.0,40,43,4,8,1 s
4426,Aftertreatment 2 Diesel Exhaust Fluid Tank Level,A2SCRRT1I,%,0 to 100 %,,0.0,100.0,0.4,0.0,0,7,8,8,1 s
4427,Aftertreatment 2 Diesel Exhaust Fluid Tank Temperature,A2SCRRT1I,deg F,-40.0 to 410.0 deg F,,-40.0,410.0,1.8,-40.0,8,15,8,8,1 s
4428,Aftertreatment 2 Diesel Exhaust Fluid Tank Level 2,A2SCRRT1I,m,"0 to 6,425.5 mm (0 to 6.4255 m)",,0.0,6425.5,0.1,0.0,16,31,16,8,1 s
4429,Aftertreatment 2 Diesel Exhaust Fluid Tank Level Preliminary FMI,A2SCRRT1I,binary,0 to 31,,0.0,31.0,-3.0,0.0,32,36,5,8,1 s
4430,Aftertreatment 2 Diesel Exhaust Fluid Tank 1 Temperature Preliminary FMI,A2SCRRT1I,binary,0 to 31,,0.0,31.0,-3.0,0.0,40,44,5,8,1 s
4431,Aftertreatment 2 Diesel Exhaust Fluid Tank Heater,A2SCRRT1I,%,0 to 100 %,,0.0,100.0,0.4,0.0,48,55,8,8,1 s
4432,Aftertreatment 2 Diesel Exhaust Fluid Tank 1 Heater Preliminary FMI,A2SCRRT1I,binary,0 to 31,,0.0,31.0,-3.0,0.0,56,60,5,8,1 s
4433,Aftertreatment 2 Diesel Exhaust Fluid Tank 2 Level,A2SCRRT2I,%,0 to 100 %,,0.0,100.0,0.4,0.0,0,7,8,8,1 s
4434,Aftertreatment 2 Diesel Exhaust Fluid Tank 2 Temperature,A2SCRRT2I,deg F,-40.0 to 410.0 deg F,,-40.0,410.0,1.8,-40.0,8,15,8,8,1 s
4435,Aftertreatment 2 Diesel Exhaust Fluid Tank 2 Level 2,A2SCRRT2I,m,"0 to 6,425.5 mm (0 to 6.4255 m)",,0.0,6425.5,0.1,0.0,16,31,16,8,1 s
4436,Aftertreatment 2 Diesel Exhaust Fluid Tank 2 Level Preliminary FMI,A2SCRRT2I,binary,0 to 31,,0.0,31.0,-3.0,0.0,32,36,5,8,1 s
4437,Aftertreatment 2 Diesel Exhaust Fluid Tank 2 Temperature Prelminary FMI,A2SCRRT2I,binary,0 to 31,,0.0,31.0,-3.0,0.0,40,44,5,8,1 s
4438,Aftertreatment 2 Diesel Exhaust Fluid Tank 2 Heater,A2SCRRT2I,bit,0 to 15,,0.0,15.0,1.0,0.0,48,51,4,8,1 s
4439,Aftertreatment 2 Diesel Exhaust Fluid Tank 2 Heater Prelminary FMI,A2SCRRT2I,binary,0 to 31,,0.0,31.0,-3.0,0.0,56,60,5,8,1 s
444,Battery Potential / Power Input 2,VEP2,Volts,0 to 3212.75 V,,0.0,3212.75,0.05,0.0,0,15,16,8,On request
4440,Aftertreatment 2 Diesel Exhaust Fluid Pump Motor Speed,A2DEFSI,rpm,"0 to 32,127.5 rpm",,0.0,32127.5,0.5,0.0,0,15,16,8,1 s
4441,Aftertreatment 2 Diesel Exhaust Fluid Pump Drive Percentage,A2DEFSI,%,0 to 100 %,,0.0,100.0,0.4,0.0,16,23,8,8,1 s
4442,Aftertreatment 2 Diesel Exhaust Fluid Return Valve,A2DEFSI,%,0 to 100 %,,0.0,100.0,0.4,0.0,24,31,8,8,1 s
4443,Aftertreatment 2 Outlet NH3,A2SCRAI,ppm,-200 to 3012.75 ppm,,-200.0,3012.75,0.05,-200.0,0,15,16,8,50 ms
4444,Aftertreatment 2 Outlet NH3 Sensor Preliminary FMI,A2SCRAI,binary,0 to 31,,0.0,31.0,-3.0,0.0,16,20,5,8,50 ms
4445,Aftertreatment 2 Outlet NH3 Reading Stable,A2SCRAI,bit,0 to 3,,0.0,3.0,1.0,0.0,24,25,2,8,50 ms
4446,Aftertreatment 2 Outlet NH3 Gas Sensor Power In Range,A2SCRAI,bit,0 to 3,,0.0,3.0,1.0,0.0,26,27,2,8,50 ms
4447,Aftertreatment 2 Outlet NH3 Gas Sensor at Temperature,A2SCRAI,bit,0 to 3,,0.0,3.0,1.0,0.0,28,29,2,8,50 ms
4448,Aftertreatment 2 Outlet NH3 Gas Sensor Heater Preliminary FMI,A2SCRAI,binary,0 to 31,,0.0,31.0,-3.0,0.0,32,36,5,8,50 ms
4449,Aftertreatment 2 Outlet NH3 Gas Sensor Heater Control,A2SCRAI,bit,0 to 3,,0.0,3.0,1.0,0.0,40,41,2,8,50 ms
4454,Retract Status of ramp 4,DRC,bit,0 to 3,,0.0,3.0,1.0,0.0,24,25,2,8,"Every 1 s while active and on change of state but no faster than every 100 ms.  Grandfathered definition for systems that implemented this message prior to July, 2010:  1 s when active and on change of state"
4455,Enable status of ramp 4,DRC,bit,0 to 3,,0.0,3.0,1.0,0.0,26,27,2,8,"Every 1 s while active and on change of state but no faster than every 100 ms.  Grandfathered definition for systems that implemented this message prior to July, 2010:  1 s when active and on change of state"
4456,Movement status of ramp 4,DRC,bit,0 to 3,,0.0,3.0,1.0,0.0,28,29,2,8,"Every 1 s while active and on change of state but no faster than every 100 ms.  Grandfathered definition for systems that implemented this message prior to July, 2010:  1 s when active and on change of state"
4457,Retract Status of ramp 5,DRC,bit,0 to 3,,0.0,3.0,1.0,0.0,32,33,2,8,"Every 1 s while active and on change of state but no faster than every 100 ms.  Grandfathered definition for systems that implemented this message prior to July, 2010:  1 s when active and on change of state"
4458,Enable status of ramp 5,DRC,bit,0 to 3,,0.0,3.0,1.0,0.0,34,35,2,8,"Every 1 s while active and on change of state but no faster than every 100 ms.  Grandfathered definition for systems that implemented this message prior to July, 2010:  1 s when active and on change of state"
4459,Movement status of ramp 5,DRC,bit,0 to 3,,0.0,3.0,1.0,0.0,36,37,2,8,"Every 1 s while active and on change of state but no faster than every 100 ms.  Grandfathered definition for systems that implemented this message prior to July, 2010:  1 s when active and on change of state"
4460,Joystick 1 Lamp 1 Command,JLCM,bit,0 to 3,,0.0,3.0,1.0,0.0,0,1,2,8,100 ms
4461,Joystick 1 Lamp 2 Command,JLCM,bit,0 to 3,,0.0,3.0,1.0,0.0,2,3,2,8,100 ms
4462,Joystick 1 Lamp 3 Command,JLCM,bit,0 to 3,,0.0,3.0,1.0,0.0,4,5,2,8,100 ms
4463,Joystick 1 Lamp 4 Command,JLCM,bit,0 to 3,,0.0,3.0,1.0,0.0,6,7,2,8,100 ms
4464,Joystick 1 Lamp 5 Command,JLCM,bit,0 to 3,,0.0,3.0,1.0,0.0,8,9,2,8,100 ms
4465,Joystick 1 Lamp 6 Command,JLCM,bit,0 to 3,,0.0,3.0,1.0,0.0,10,11,2,8,100 ms
4466,Joystick 1 Lamp 7 Command,JLCM,bit,0 to 3,,0.0,3.0,1.0,0.0,12,13,2,8,100 ms
4467,Joystick 1 Lamp 8 Command,JLCM,bit,0 to 3,,0.0,3.0,1.0,0.0,14,15,2,8,100 ms
4468,Joystick 1 Lamp 9 Command,JLCM,bit,0 to 3,,0.0,3.0,1.0,0.0,16,17,2,8,100 ms
4469,Joystick 1 Lamp 10 Command,JLCM,bit,0 to 3,,0.0,3.0,1.0,0.0,18,19,2,8,100 ms
4470,Joystick 2 Lamp 1 Command,JLCM,bit,0 to 3,,0.0,3.0,1.0,0.0,20,21,2,8,100 ms
4471,Joystick 2 Lamp 2 Command,JLCM,bit,0 to 3,,0.0,3.0,1.0,0.0,22,23,2,8,100 ms
4472,Joystick 2 Lamp 3 Command,JLCM,bit,0 to 3,,0.0,3.0,1.0,0.0,24,25,2,8,100 ms
4473,Joystick 2 Lamp 4 Command,JLCM,bit,0 to 3,,0.0,3.0,1.0,0.0,26,27,2,8,100 ms
4474,Joystick 2 Lamp 5 Command,JLCM,bit,0 to 3,,0.0,3.0,1.0,0.0,28,29,2,8,100 ms
4475,Joystick 2 Lamp 6 Command,JLCM,bit,0 to 3,,0.0,3.0,1.0,0.0,30,31,2,8,100 ms
4476,Joystick 2 Lamp 7 Command,JLCM,bit,0 to 3,,0.0,3.0,1.0,0.0,32,33,2,8,100 ms
4477,Joystick 2 Lamp 8 Command,JLCM,bit,0 to 3,,0.0,3.0,1.0,0.0,34,35,2,8,100 ms
4478,Joystick 2 Lamp 9 Command,JLCM,bit,0 to 3,,0.0,3.0,1.0,0.0,36,37,2,8,100 ms
4479,Joystick 2 Lamp 10 Command,JLCM,bit,0 to 3,,0.0,3.0,1.0,0.0,38,39,2,8,100 ms
4480,Joystick 3 Lamp 1 Command,JLCM,bit,0 to 3,,0.0,3.0,1.0,0.0,40,41,2,8,100 ms
4481,Joystick 3 Lamp 2 Command,JLCM,bit,0 to 3,,0.0,3.0,1.0,0.0,42,43,2,8,100 ms
4482,Joystick 3 Lamp 3 Command,JLCM,bit,0 to 3,,0.0,3.0,1.0,0.0,44,45,2,8,100 ms
4483,Joystick 3 Lamp 4 Command,JLCM,bit,0 to 3,,0.0,3.0,1.0,0.0,46,47,2,8,100 ms
4484,Joystick 3 Lamp 5 Command,JLCM,bit,0 to 3,,0.0,3.0,1.0,0.0,48,49,2,8,100 ms
4485,Joystick 3 Lamp 6 Command,JLCM,bit,0 to 3,,0.0,3.0,1.0,0.0,50,51,2,8,100 ms
4486,Joystick 3 Lamp 7 Command,JLCM,bit,0 to 3,,0.0,3.0,1.0,0.0,52,53,2,8,100 ms
4487,Joystick 3 Lamp 8 Command,JLCM,bit,0 to 3,,0.0,3.0,1.0,0.0,54,55,2,8,100 ms
4488,Joystick 3 Lamp 9 Command,JLCM,bit,0 to 3,,0.0,3.0,1.0,0.0,56,57,2,8,100 ms
4489,Joystick 3 Lamp 10 Command,JLCM,bit,0 to 3,,0.0,3.0,1.0,0.0,58,59,2,8,100 ms
4490,Specific Humidity,AMB2,g/kg,0 to 642.55 g/kg,,0.0,642.55,0.01,0.0,16,31,16,8,1 s
4491,Joystick 4 X-Axis Neutral Position Status,BJM4,bit,0 to 3,,0.0,3.0,1.0,0.0,0,1,2,8,"Every 100 ms and on change of state, but no faster than every 20 ms.  Grandfathered definition for systems that implemented this message prior to July, 2010: Every 100 ms or on change of state, but no faster than every 20 ms"
4492,Joystick 4 X-Axis Lever Left Negative Position Status,BJM4,bit,0 to 3,,0.0,3.0,1.0,0.0,2,3,2,8,"Every 100 ms and on change of state, but no faster than every 20 ms.  Grandfathered definition for systems that implemented this message prior to July, 2010: Every 100 ms or on change of state, but no faster than every 20 ms"
4493,Joystick 4 X-Axis Lever Right Positive Position Status,BJM4,bit,0 to 3,,0.0,3.0,1.0,0.0,4,5,2,8,"Every 100 ms and on change of state, but no faster than every 20 ms.  Grandfathered definition for systems that implemented this message prior to July, 2010: Every 100 ms or on change of state, but no faster than every 20 ms"
4494,Joystick 4 X-Axis Position,BJM4,%,0 to 102 %,,0.0,102.0,0.1,0.0,6,15,10,8,"Every 100 ms and on change of state, but no faster than every 20 ms.  Grandfathered definition for systems that implemented this message prior to July, 2010: Every 100 ms or on change of state, but no faster than every 20 ms"
4495,Joystick 4 Y-Axis Neutral Position Status,BJM4,bit,0 to 3,,0.0,3.0,1.0,0.0,16,17,2,8,"Every 100 ms and on change of state, but no faster than every 20 ms.  Grandfathered definition for systems that implemented this message prior to July, 2010: Every 100 ms or on change of state, but no faster than every 20 ms"
4496,Joystick 4 Y-Axis Lever Back Negative Position Status,BJM4,bit,0 to 3,,0.0,3.0,1.0,0.0,18,19,2,8,"Every 100 ms and on change of state, but no faster than every 20 ms.  Grandfathered definition for systems that implemented this message prior to July, 2010: Every 100 ms or on change of state, but no faster than every 20 ms"
4497,Joystick 4 Y-Axis Lever Forward Positive Position Status,BJM4,bit,0 to 3,,0.0,3.0,1.0,0.0,20,21,2,8,"Every 100 ms and on change of state, but no faster than every 20 ms.  Grandfathered definition for systems that implemented this message prior to July, 2010: Every 100 ms or on change of state, but no faster than every 20 ms"
4498,Joystick 4 Y-Axis Position,BJM4,%,0 to 102 %,,0.0,102.0,0.1,0.0,22,31,10,8,"Every 100 ms and on change of state, but no faster than every 20 ms.  Grandfathered definition for systems that implemented this message prior to July, 2010: Every 100 ms or on change of state, but no faster than every 20 ms"
4499,Joystick 4 Y-Axis Detent Position Status,BJM4,bit,0 to 3,,0.0,3.0,1.0,0.0,36,37,2,8,"Every 100 ms and on change of state, but no faster than every 20 ms.  Grandfathered definition for systems that implemented this message prior to July, 2010: Every 100 ms or on change of state, but no faster than every 20 ms"
4500,Joystick 4 X-Axis Detent Position Status,BJM4,bit,0 to 3,,0.0,3.0,1.0,0.0,38,39,2,8,"Every 100 ms and on change of state, but no faster than every 20 ms.  Grandfathered definition for systems that implemented this message prior to July, 2010: Every 100 ms or on change of state, but no faster than every 20 ms"
4501,Joystick 4 Button 4 Pressed Status,BJM4,bit,0 to 3,,0.0,3.0,1.0,0.0,40,41,2,8,"Every 100 ms and on change of state, but no faster than every 20 ms.  Grandfathered definition for systems that implemented this message prior to July, 2010: Every 100 ms or on change of state, but no faster than every 20 ms"
4502,Joystick 4 Button 3 Pressed Status,BJM4,bit,0 to 3,,0.0,3.0,1.0,0.0,42,43,2,8,"Every 100 ms and on change of state, but no faster than every 20 ms.  Grandfathered definition for systems that implemented this message prior to July, 2010: Every 100 ms or on change of state, but no faster than every 20 ms"
4503,Joystick 4 Button 2 Pressed Status,BJM4,bit,0 to 3,,0.0,3.0,1.0,0.0,44,45,2,8,"Every 100 ms and on change of state, but no faster than every 20 ms.  Grandfathered definition for systems that implemented this message prior to July, 2010: Every 100 ms or on change of state, but no faster than every 20 ms"
4504,Joystick 4 Button 1 Pressed Status,BJM4,bit,0 to 3,,0.0,3.0,1.0,0.0,46,47,2,8,"Every 100 ms and on change of state, but no faster than every 20 ms.  Grandfathered definition for systems that implemented this message prior to July, 2010: Every 100 ms or on change of state, but no faster than every 20 ms"
4505,Joystick 4 Button 8 Pressed Status,BJM4,bit,0 to 3,,0.0,3.0,1.0,0.0,48,49,2,8,"Every 100 ms and on change of state, but no faster than every 20 ms.  Grandfathered definition for systems that implemented this message prior to July, 2010: Every 100 ms or on change of state, but no faster than every 20 ms"
4506,Joystick 4 Button 7 Pressed Status,BJM4,bit,0 to 3,,0.0,3.0,1.0,0.0,50,51,2,8,"Every 100 ms and on change of state, but no faster than every 20 ms.  Grandfathered definition for systems that implemented this message prior to July, 2010: Every 100 ms or on change of state, but no faster than every 20 ms"
4507,Joystick 4 Button 6 Pressed Status,BJM4,bit,0 to 3,,0.0,3.0,1.0,0.0,52,53,2,8,"Every 100 ms and on change of state, but no faster than every 20 ms.  Grandfathered definition for systems that implemented this message prior to July, 2010: Every 100 ms or on change of state, but no faster than every 20 ms"
4508,Joystick 4 Button 5 Pressed Status,BJM4,bit,0 to 3,,0.0,3.0,1.0,0.0,54,55,2,8,"Every 100 ms and on change of state, but no faster than every 20 ms.  Grandfathered definition for systems that implemented this message prior to July, 2010: Every 100 ms or on change of state, but no faster than every 20 ms"
4509,Joystick 4 Button 12 Pressed Status,BJM4,bit,0 to 3,,0.0,3.0,1.0,0.0,56,57,2,8,"Every 100 ms and on change of state, but no faster than every 20 ms.  Grandfathered definition for systems that implemented this message prior to July, 2010: Every 100 ms or on change of state, but no faster than every 20 ms"
4510,Joystick 4 Button 11 Pressed Status,BJM4,bit,0 to 3,,0.0,3.0,1.0,0.0,58,59,2,8,"Every 100 ms and on change of state, but no faster than every 20 ms.  Grandfathered definition for systems that implemented this message prior to July, 2010: Every 100 ms or on change of state, but no faster than every 20 ms"
4511,Joystick 4 Button 10 Pressed Status,BJM4,bit,0 to 3,,0.0,3.0,1.0,0.0,60,61,2,8,"Every 100 ms and on change of state, but no faster than every 20 ms.  Grandfathered definition for systems that implemented this message prior to July, 2010: Every 100 ms or on change of state, but no faster than every 20 ms"
4512,Joystick 4 Button 9 Pressed Status,BJM4,bit,0 to 3,,0.0,3.0,1.0,0.0,62,63,2,8,"Every 100 ms and on change of state, but no faster than every 20 ms.  Grandfathered definition for systems that implemented this message prior to July, 2010: Every 100 ms or on change of state, but no faster than every 20 ms"
4513,Joystick 4 Grip X-Axis Neutral Position Status,EJM4,bit,0 to 3,,0.0,3.0,1.0,0.0,0,1,2,8,"Every 100 ms and on change of state, but no faster than every 20 ms.  Grandfathered definition for systems that implemented this message prior to July, 2010: Every 100 ms or on change of state, but no faster than every 20 ms"
4514,Joystick 4 Grip X-Axis Lever Left Negative Position Status,EJM4,bit,0 to 3,,0.0,3.0,1.0,0.0,2,3,2,8,"Every 100 ms and on change of state, but no faster than every 20 ms.  Grandfathered definition for systems that implemented this message prior to July, 2010: Every 100 ms or on change of state, but no faster than every 20 ms"
4515,Joystick 4 Grip X-Axis Lever Right Positive Position Status,EJM4,bit,0 to 3,,0.0,3.0,1.0,0.0,4,5,2,8,"Every 100 ms and on change of state, but no faster than every 20 ms.  Grandfathered definition for systems that implemented this message prior to July, 2010: Every 100 ms or on change of state, but no faster than every 20 ms"
4516,Joystick 4 Grip X-Axis Position,EJM4,%,0 to 102 %,,0.0,102.0,0.1,0.0,6,15,10,8,"Every 100 ms and on change of state, but no faster than every 20 ms.  Grandfathered definition for systems that implemented this message prior to July, 2010: Every 100 ms or on change of state, but no faster than every 20 ms"
4517,Joystick 4 Grip Y-Axis Neutral Position Status,EJM4,bit,0 to 3,,0.0,3.0,1.0,0.0,16,17,2,8,"Every 100 ms and on change of state, but no faster than every 20 ms.  Grandfathered definition for systems that implemented this message prior to July, 2010: Every 100 ms or on change of state, but no faster than every 20 ms"
4518,Joystick 4 Grip Y-Axis Lever Back Negative Position Status,EJM4,bit,0 to 3,,0.0,3.0,1.0,0.0,18,19,2,8,"Every 100 ms and on change of state, but no faster than every 20 ms.  Grandfathered definition for systems that implemented this message prior to July, 2010: Every 100 ms or on change of state, but no faster than every 20 ms"
4519,Joystick 4 Grip Y-Axis Lever Forward Positive Position Status,EJM4,bit,0 to 3,,0.0,3.0,1.0,0.0,20,21,2,8,"Every 100 ms and on change of state, but no faster than every 20 ms.  Grandfathered definition for systems that implemented this message prior to July, 2010: Every 100 ms or on change of state, but no faster than every 20 ms"
4520,Joystick 4 Grip Y-Axis Position,EJM4,%,0 to 102 %,,0.0,102.0,0.1,0.0,22,31,10,8,"Every 100 ms and on change of state, but no faster than every 20 ms.  Grandfathered definition for systems that implemented this message prior to July, 2010: Every 100 ms or on change of state, but no faster than every 20 ms"
4521,Joystick 4 Theta-Axis Neutral Position Status,EJM4,bit,0 to 3,,0.0,3.0,1.0,0.0,32,33,2,8,"Every 100 ms and on change of state, but no faster than every 20 ms.  Grandfathered definition for systems that implemented this message prior to July, 2010: Every 100 ms or on change of state, but no faster than every 20 ms"
4522,Joystick 4 Theta-Axis Counter Clockwise Negative Position Status,EJM4,bit,0 to 3,,0.0,3.0,1.0,0.0,34,35,2,8,"Every 100 ms and on change of state, but no faster than every 20 ms.  Grandfathered definition for systems that implemented this message prior to July, 2010: Every 100 ms or on change of state, but no faster than every 20 ms"
4523,Joystick 4 Theta-Axis Clockwise Positive Position Status,EJM4,bit,0 to 3,,0.0,3.0,1.0,0.0,36,37,2,8,"Every 100 ms and on change of state, but no faster than every 20 ms.  Grandfathered definition for systems that implemented this message prior to July, 2010: Every 100 ms or on change of state, but no faster than every 20 ms"
4524,Joystick 4 Theta-Axis Position,EJM4,%,0 to 102 %,,0.0,102.0,0.1,0.0,38,47,10,8,"Every 100 ms and on change of state, but no faster than every 20 ms.  Grandfathered definition for systems that implemented this message prior to July, 2010: Every 100 ms or on change of state, but no faster than every 20 ms"
4525,Joystick 4 Theta-Axis Detent Position Status,EJM4,bit,0 to 3,,0.0,3.0,1.0,0.0,50,51,2,8,"Every 100 ms and on change of state, but no faster than every 20 ms.  Grandfathered definition for systems that implemented this message prior to July, 2010: Every 100 ms or on change of state, but no faster than every 20 ms"
4526,Joystick 4 Grip Y-Axis Detent Position Status,EJM4,bit,0 to 3,,0.0,3.0,1.0,0.0,52,53,2,8,"Every 100 ms and on change of state, but no faster than every 20 ms.  Grandfathered definition for systems that implemented this message prior to July, 2010: Every 100 ms or on change of state, but no faster than every 20 ms"
4527,Joystick 4 Grip X-Axis Detent Position Status,EJM4,bit,0 to 3,,0.0,3.0,1.0,0.0,54,55,2,8,"Every 100 ms and on change of state, but no faster than every 20 ms.  Grandfathered definition for systems that implemented this message prior to July, 2010: Every 100 ms or on change of state, but no faster than every 20 ms"
4528,Joystick 5 X-Axis Neutral Position Status,BJM5,bit,0 to 3,,0.0,3.0,1.0,0.0,0,1,2,8,"Every 100 ms and on change of state, but no faster than every 20 ms.  Grandfathered definition for systems that implemented this message prior to July, 2010: Every 100 ms or on change of state, but no faster than every 20 ms"
4529,Joystick 5 X-Axis Lever Left Negative Position Status,BJM5,bit,0 to 3,,0.0,3.0,1.0,0.0,2,3,2,8,"Every 100 ms and on change of state, but no faster than every 20 ms.  Grandfathered definition for systems that implemented this message prior to July, 2010: Every 100 ms or on change of state, but no faster than every 20 ms"
4530,Joystick 5 X-Axis Lever Right Positive Position Status,BJM5,bit,0 to 3,,0.0,3.0,1.0,0.0,4,5,2,8,"Every 100 ms and on change of state, but no faster than every 20 ms.  Grandfathered definition for systems that implemented this message prior to July, 2010: Every 100 ms or on change of state, but no faster than every 20 ms"
4531,Joystick 5 X-Axis Position,BJM5,%,0 to 102 %,,0.0,102.0,0.1,0.0,6,15,10,8,"Every 100 ms and on change of state, but no faster than every 20 ms.  Grandfathered definition for systems that implemented this message prior to July, 2010: Every 100 ms or on change of state, but no faster than every 20 ms"
4532,Joystick 5 Y-Axis Neutral Position Status,BJM5,bit,0 to 3,,0.0,3.0,1.0,0.0,16,17,2,8,"Every 100 ms and on change of state, but no faster than every 20 ms.  Grandfathered definition for systems that implemented this message prior to July, 2010: Every 100 ms or on change of state, but no faster than every 20 ms"
4533,Joystick 5 Y-Axis Lever Back Negative Position Status,BJM5,bit,0 to 3,,0.0,3.0,1.0,0.0,18,19,2,8,"Every 100 ms and on change of state, but no faster than every 20 ms.  Grandfathered definition for systems that implemented this message prior to July, 2010: Every 100 ms or on change of state, but no faster than every 20 ms"
4534,Joystick 5 Y-Axis Lever Forward Positive Position Status,BJM5,bit,0 to 3,,0.0,3.0,1.0,0.0,20,21,2,8,"Every 100 ms and on change of state, but no faster than every 20 ms.  Grandfathered definition for systems that implemented this message prior to July, 2010: Every 100 ms or on change of state, but no faster than every 20 ms"
4535,Joystick 5 Y-Axis Position,BJM5,%,0 to 102 %,,0.0,102.0,0.1,0.0,22,31,10,8,"Every 100 ms and on change of state, but no faster than every 20 ms.  Grandfathered definition for systems that implemented this message prior to July, 2010: Every 100 ms or on change of state, but no faster than every 20 ms"
4536,Joystick 5 Y-Axis Detent Position Status,BJM5,bit,0 to 3,,0.0,3.0,1.0,0.0,36,37,2,8,"Every 100 ms and on change of state, but no faster than every 20 ms.  Grandfathered definition for systems that implemented this message prior to July, 2010: Every 100 ms or on change of state, but no faster than every 20 ms"
4537,Joystick 5 X-Axis Detent Position Status,BJM5,bit,0 to 3,,0.0,3.0,1.0,0.0,38,39,2,8,"Every 100 ms and on change of state, but no faster than every 20 ms.  Grandfathered definition for systems that implemented this message prior to July, 2010: Every 100 ms or on change of state, but no faster than every 20 ms"
4538,Joystick 5 Button 4 Pressed Status,BJM5,bit,0 to 3,,0.0,3.0,1.0,0.0,40,41,2,8,"Every 100 ms and on change of state, but no faster than every 20 ms.  Grandfathered definition for systems that implemented this message prior to July, 2010: Every 100 ms or on change of state, but no faster than every 20 ms"
4539,Joystick 5 Button 3 Pressed Status,BJM5,bit,0 to 3,,0.0,3.0,1.0,0.0,42,43,2,8,"Every 100 ms and on change of state, but no faster than every 20 ms.  Grandfathered definition for systems that implemented this message prior to July, 2010: Every 100 ms or on change of state, but no faster than every 20 ms"
4540,Joystick 5 Button 2 Pressed Status,BJM5,bit,0 to 3,,0.0,3.0,1.0,0.0,44,45,2,8,"Every 100 ms and on change of state, but no faster than every 20 ms.  Grandfathered definition for systems that implemented this message prior to July, 2010: Every 100 ms or on change of state, but no faster than every 20 ms"
4541,Joystick 5 Button 1 Pressed Status,BJM5,bit,0 to 3,,0.0,3.0,1.0,0.0,46,47,2,8,"Every 100 ms and on change of state, but no faster than every 20 ms.  Grandfathered definition for systems that implemented this message prior to July, 2010: Every 100 ms or on change of state, but no faster than every 20 ms"
4542,Joystick 5 Button 8 Pressed Status,BJM5,bit,0 to 3,,0.0,3.0,1.0,0.0,48,49,2,8,"Every 100 ms and on change of state, but no faster than every 20 ms.  Grandfathered definition for systems that implemented this message prior to July, 2010: Every 100 ms or on change of state, but no faster than every 20 ms"
4543,Joystick 5 Button 7 Pressed Status,BJM5,bit,0 to 3,,0.0,3.0,1.0,0.0,50,51,2,8,"Every 100 ms and on change of state, but no faster than every 20 ms.  Grandfathered definition for systems that implemented this message prior to July, 2010: Every 100 ms or on change of state, but no faster than every 20 ms"
4544,Joystick 5 Button 6 Pressed Status,BJM5,bit,0 to 3,,0.0,3.0,1.0,0.0,52,53,2,8,"Every 100 ms and on change of state, but no faster than every 20 ms.  Grandfathered definition for systems that implemented this message prior to July, 2010: Every 100 ms or on change of state, but no faster than every 20 ms"
4545,Joystick 5 Button 5 Pressed Status,BJM5,bit,0 to 3,,0.0,3.0,1.0,0.0,54,55,2,8,"Every 100 ms and on change of state, but no faster than every 20 ms.  Grandfathered definition for systems that implemented this message prior to July, 2010: Every 100 ms or on change of state, but no faster than every 20 ms"
4546,Joystick 5 Button 12 Pressed Status,BJM5,bit,0 to 3,,0.0,3.0,1.0,0.0,56,57,2,8,"Every 100 ms and on change of state, but no faster than every 20 ms.  Grandfathered definition for systems that implemented this message prior to July, 2010: Every 100 ms or on change of state, but no faster than every 20 ms"
4547,Joystick 5 Button 11 Pressed Status,BJM5,bit,0 to 3,,0.0,3.0,1.0,0.0,58,59,2,8,"Every 100 ms and on change of state, but no faster than every 20 ms.  Grandfathered definition for systems that implemented this message prior to July, 2010: Every 100 ms or on change of state, but no faster than every 20 ms"
4548,Joystick 5 Button 10 Pressed Status,BJM5,bit,0 to 3,,0.0,3.0,1.0,0.0,60,61,2,8,"Every 100 ms and on change of state, but no faster than every 20 ms.  Grandfathered definition for systems that implemented this message prior to July, 2010: Every 100 ms or on change of state, but no faster than every 20 ms"
4549,Joystick 5 Button 9 Pressed Status,BJM5,bit,0 to 3,,0.0,3.0,1.0,0.0,62,63,2,8,"Every 100 ms and on change of state, but no faster than every 20 ms.  Grandfathered definition for systems that implemented this message prior to July, 2010: Every 100 ms or on change of state, but no faster than every 20 ms"
4550,Joystick 5 Grip X-Axis Neutral Position Status,EJM5,bit,0 to 3,,0.0,3.0,1.0,0.0,0,1,2,8,"Every 100 ms and on change of state, but no faster than every 20 ms.  Grandfathered definition for systems that implemented this message prior to July, 2010: Every 100 ms or on change of state, but no faster than every 20 ms"
4551,Joystick 5 Grip X-Axis Lever Left Negative Position Status,EJM5,bit,0 to 3,,0.0,3.0,1.0,0.0,2,3,2,8,"Every 100 ms and on change of state, but no faster than every 20 ms.  Grandfathered definition for systems that implemented this message prior to July, 2010: Every 100 ms or on change of state, but no faster than every 20 ms"
4552,Joystick 5 Grip X-Axis Lever Right Positive Position Status,EJM5,bit,0 to 3,,0.0,3.0,1.0,0.0,4,5,2,8,"Every 100 ms and on change of state, but no faster than every 20 ms.  Grandfathered definition for systems that implemented this message prior to July, 2010: Every 100 ms or on change of state, but no faster than every 20 ms"
4553,Joystick 5 Grip X-Axis Position,EJM5,%,0 to 102 %,,0.0,102.0,0.1,0.0,6,15,10,8,"Every 100 ms and on change of state, but no faster than every 20 ms.  Grandfathered definition for systems that implemented this message prior to July, 2010: Every 100 ms or on change of state, but no faster than every 20 ms"
4554,Joystick 5 Grip Y-Axis Neutral Position Status,EJM5,bit,0 to 3,,0.0,3.0,1.0,0.0,16,17,2,8,"Every 100 ms and on change of state, but no faster than every 20 ms.  Grandfathered definition for systems that implemented this message prior to July, 2010: Every 100 ms or on change of state, but no faster than every 20 ms"
4555,Joystick 5 Grip Y-Axis Lever Back Negative Position Status,EJM5,bit,0 to 3,,0.0,3.0,1.0,0.0,18,19,2,8,"Every 100 ms and on change of state, but no faster than every 20 ms.  Grandfathered definition for systems that implemented this message prior to July, 2010: Every 100 ms or on change of state, but no faster than every 20 ms"
4556,Joystick 5 Grip Y-Axis Lever Forward Positive Position Status,EJM5,bit,0 to 3,,0.0,3.0,1.0,0.0,20,21,2,8,"Every 100 ms and on change of state, but no faster than every 20 ms.  Grandfathered definition for systems that implemented this message prior to July, 2010: Every 100 ms or on change of state, but no faster than every 20 ms"
4557,Joystick 5 Grip Y-Axis Position,EJM5,%,0 to 102 %,,0.0,102.0,0.1,0.0,22,31,10,8,"Every 100 ms and on change of state, but no faster than every 20 ms.  Grandfathered definition for systems that implemented this message prior to July, 2010: Every 100 ms or on change of state, but no faster than every 20 ms"
4558,Joystick 5 Theta-Axis Neutral Position Status,EJM5,bit,0 to 3,,0.0,3.0,1.0,0.0,32,33,2,8,"Every 100 ms and on change of state, but no faster than every 20 ms.  Grandfathered definition for systems that implemented this message prior to July, 2010: Every 100 ms or on change of state, but no faster than every 20 ms"
4559,Joystick 5 Theta-Axis Counter Clockwise Negative Position Status,EJM5,bit,0 to 3,,0.0,3.0,1.0,0.0,34,35,2,8,"Every 100 ms and on change of state, but no faster than every 20 ms.  Grandfathered definition for systems that implemented this message prior to July, 2010: Every 100 ms or on change of state, but no faster than every 20 ms"
4560,Joystick 5 Theta-Axis Clockwise Positive Position Status,EJM5,bit,0 to 3,,0.0,3.0,1.0,0.0,36,37,2,8,"Every 100 ms and on change of state, but no faster than every 20 ms.  Grandfathered definition for systems that implemented this message prior to July, 2010: Every 100 ms or on change of state, but no faster than every 20 ms"
4561,Joystick 5 Theta-Axis Position,EJM5,%,0 to 102 %,,0.0,102.0,0.1,0.0,38,47,10,8,"Every 100 ms and on change of state, but no faster than every 20 ms.  Grandfathered definition for systems that implemented this message prior to July, 2010: Every 100 ms or on change of state, but no faster than every 20 ms"
4562,Joystick 5 Theta-Axis Detent Position Status,EJM5,bit,0 to 3,,0.0,3.0,1.0,0.0,50,51,2,8,"Every 100 ms and on change of state, but no faster than every 20 ms.  Grandfathered definition for systems that implemented this message prior to July, 2010: Every 100 ms or on change of state, but no faster than every 20 ms"
4563,Joystick 5 Grip Y-Axis Detent Position Status,EJM5,bit,0 to 3,,0.0,3.0,1.0,0.0,52,53,2,8,"Every 100 ms and on change of state, but no faster than every 20 ms.  Grandfathered definition for systems that implemented this message prior to July, 2010: Every 100 ms or on change of state, but no faster than every 20 ms"
4564,Joystick 5 Grip X-Axis Detent Position Status,EJM5,bit,0 to 3,,0.0,3.0,1.0,0.0,54,55,2,8,"Every 100 ms and on change of state, but no faster than every 20 ms.  Grandfathered definition for systems that implemented this message prior to July, 2010: Every 100 ms or on change of state, but no faster than every 20 ms"
4565,Joystick 6 X-Axis Neutral Position Status,BJM6,bit,0 to 3,,0.0,3.0,1.0,0.0,0,1,2,8,"Every 100 ms and on change of state, but no faster than every 20 ms.  Grandfathered definition for systems that implemented this message prior to July, 2010: Every 100 ms or on change of state, but no faster than every 20 ms"
4566,Joystick 6 X-Axis Lever Left Negative Position Status,BJM6,bit,0 to 3,,0.0,3.0,1.0,0.0,2,3,2,8,"Every 100 ms and on change of state, but no faster than every 20 ms.  Grandfathered definition for systems that implemented this message prior to July, 2010: Every 100 ms or on change of state, but no faster than every 20 ms"
4567,Joystick 6 X-Axis Lever Right Positive Position Status,BJM6,bit,0 to 3,,0.0,3.0,1.0,0.0,4,5,2,8,"Every 100 ms and on change of state, but no faster than every 20 ms.  Grandfathered definition for systems that implemented this message prior to July, 2010: Every 100 ms or on change of state, but no faster than every 20 ms"
4568,Joystick 6 X-Axis Position,BJM6,%,0 to 102 %,,0.0,102.0,0.1,0.0,6,15,10,8,"Every 100 ms and on change of state, but no faster than every 20 ms.  Grandfathered definition for systems that implemented this message prior to July, 2010: Every 100 ms or on change of state, but no faster than every 20 ms"
4569,Joystick 6 Y-Axis Neutral Position Status,BJM6,bit,0 to 3,,0.0,3.0,1.0,0.0,16,17,2,8,"Every 100 ms and on change of state, but no faster than every 20 ms.  Grandfathered definition for systems that implemented this message prior to July, 2010: Every 100 ms or on change of state, but no faster than every 20 ms"
4570,Joystick 6 Y-Axis Lever Back Negative Position Status,BJM6,bit,0 to 3,,0.0,3.0,1.0,0.0,18,19,2,8,"Every 100 ms and on change of state, but no faster than every 20 ms.  Grandfathered definition for systems that implemented this message prior to July, 2010: Every 100 ms or on change of state, but no faster than every 20 ms"
4571,Joystick 6 Y-Axis Lever Forward Positive Position Status,BJM6,bit,0 to 3,,0.0,3.0,1.0,0.0,20,21,2,8,"Every 100 ms and on change of state, but no faster than every 20 ms.  Grandfathered definition for systems that implemented this message prior to July, 2010: Every 100 ms or on change of state, but no faster than every 20 ms"
4572,Joystick 6 Y-Axis Position,BJM6,%,0 to 102 %,,0.0,102.0,0.1,0.0,22,31,10,8,"Every 100 ms and on change of state, but no faster than every 20 ms.  Grandfathered definition for systems that implemented this message prior to July, 2010: Every 100 ms or on change of state, but no faster than every 20 ms"
4573,Joystick 6 Y-Axis Detent Position Status,BJM6,bit,0 to 3,,0.0,3.0,1.0,0.0,36,37,2,8,"Every 100 ms and on change of state, but no faster than every 20 ms.  Grandfathered definition for systems that implemented this message prior to July, 2010: Every 100 ms or on change of state, but no faster than every 20 ms"
4574,Joystick 6 X-Axis Detent Position Status,BJM6,bit,0 to 3,,0.0,3.0,1.0,0.0,38,39,2,8,"Every 100 ms and on change of state, but no faster than every 20 ms.  Grandfathered definition for systems that implemented this message prior to July, 2010: Every 100 ms or on change of state, but no faster than every 20 ms"
4575,Joystick 6 Button 4 Pressed Status,BJM6,bit,0 to 3,,0.0,3.0,1.0,0.0,40,41,2,8,"Every 100 ms and on change of state, but no faster than every 20 ms.  Grandfathered definition for systems that implemented this message prior to July, 2010: Every 100 ms or on change of state, but no faster than every 20 ms"
4576,Joystick 6 Button 3 Pressed Status,BJM6,bit,0 to 3,,0.0,3.0,1.0,0.0,42,43,2,8,"Every 100 ms and on change of state, but no faster than every 20 ms.  Grandfathered definition for systems that implemented this message prior to July, 2010: Every 100 ms or on change of state, but no faster than every 20 ms"
4577,Joystick 6 Button 2 Pressed Status,BJM6,bit,0 to 3,,0.0,3.0,1.0,0.0,44,45,2,8,"Every 100 ms and on change of state, but no faster than every 20 ms.  Grandfathered definition for systems that implemented this message prior to July, 2010: Every 100 ms or on change of state, but no faster than every 20 ms"
4578,Joystick 6 Button 1 Pressed Status,BJM6,bit,0 to 3,,0.0,3.0,1.0,0.0,46,47,2,8,"Every 100 ms and on change of state, but no faster than every 20 ms.  Grandfathered definition for systems that implemented this message prior to July, 2010: Every 100 ms or on change of state, but no faster than every 20 ms"
4579,Joystick 6 Button 8 Pressed Status,BJM6,bit,0 to 3,,0.0,3.0,1.0,0.0,48,49,2,8,"Every 100 ms and on change of state, but no faster than every 20 ms.  Grandfathered definition for systems that implemented this message prior to July, 2010: Every 100 ms or on change of state, but no faster than every 20 ms"
4580,Joystick 6 Button 7 Pressed Status,BJM6,bit,0 to 3,,0.0,3.0,1.0,0.0,50,51,2,8,"Every 100 ms and on change of state, but no faster than every 20 ms.  Grandfathered definition for systems that implemented this message prior to July, 2010: Every 100 ms or on change of state, but no faster than every 20 ms"
4581,Joystick 6 Button 6 Pressed Status,BJM6,bit,0 to 3,,0.0,3.0,1.0,0.0,52,53,2,8,"Every 100 ms and on change of state, but no faster than every 20 ms.  Grandfathered definition for systems that implemented this message prior to July, 2010: Every 100 ms or on change of state, but no faster than every 20 ms"
4582,Joystick 6 Button 5 Pressed Status,BJM6,bit,0 to 3,,0.0,3.0,1.0,0.0,54,55,2,8,"Every 100 ms and on change of state, but no faster than every 20 ms.  Grandfathered definition for systems that implemented this message prior to July, 2010: Every 100 ms or on change of state, but no faster than every 20 ms"
4583,Joystick 6 Button 12 Pressed Status,BJM6,bit,0 to 3,,0.0,3.0,1.0,0.0,56,57,2,8,"Every 100 ms and on change of state, but no faster than every 20 ms.  Grandfathered definition for systems that implemented this message prior to July, 2010: Every 100 ms or on change of state, but no faster than every 20 ms"
4584,Joystick 6 Button 11 Pressed Status,BJM6,bit,0 to 3,,0.0,3.0,1.0,0.0,58,59,2,8,"Every 100 ms and on change of state, but no faster than every 20 ms.  Grandfathered definition for systems that implemented this message prior to July, 2010: Every 100 ms or on change of state, but no faster than every 20 ms"
4585,Joystick 6 Button 10 Pressed Status,BJM6,bit,0 to 3,,0.0,3.0,1.0,0.0,60,61,2,8,"Every 100 ms and on change of state, but no faster than every 20 ms.  Grandfathered definition for systems that implemented this message prior to July, 2010: Every 100 ms or on change of state, but no faster than every 20 ms"
4586,Joystick 6 Button 9 Pressed Status,BJM6,bit,0 to 3,,0.0,3.0,1.0,0.0,62,63,2,8,"Every 100 ms and on change of state, but no faster than every 20 ms.  Grandfathered definition for systems that implemented this message prior to July, 2010: Every 100 ms or on change of state, but no faster than every 20 ms"
4587,Joystick 6 Grip X-Axis Neutral Position Status,EJM6,bit,0 to 3,,0.0,3.0,1.0,0.0,0,1,2,8,"Every 100 ms and on change of state, but no faster than every 20 ms.  Grandfathered definition for systems that implemented this message prior to July, 2010: Every 100 ms or on change of state, but no faster than every 20 ms"
4588,Joystick 6 Grip X-Axis Lever Left Negative Position Status,EJM6,bit,0 to 3,,0.0,3.0,1.0,0.0,2,3,2,8,"Every 100 ms and on change of state, but no faster than every 20 ms.  Grandfathered definition for systems that implemented this message prior to July, 2010: Every 100 ms or on change of state, but no faster than every 20 ms"
4589,Joystick 6 Grip X-Axis Lever Right Positive Position Status,EJM6,bit,0 to 3,,0.0,3.0,1.0,0.0,4,5,2,8,"Every 100 ms and on change of state, but no faster than every 20 ms.  Grandfathered definition for systems that implemented this message prior to July, 2010: Every 100 ms or on change of state, but no faster than every 20 ms"
4590,Joystick 6 Grip X-Axis Position,EJM6,%,0 to 102 %,,0.0,102.0,0.1,0.0,6,15,10,8,"Every 100 ms and on change of state, but no faster than every 20 ms.  Grandfathered definition for systems that implemented this message prior to July, 2010: Every 100 ms or on change of state, but no faster than every 20 ms"
4591,Joystick 6 Grip Y-Axis Neutral Position Status,EJM6,bit,0 to 3,,0.0,3.0,1.0,0.0,16,17,2,8,"Every 100 ms and on change of state, but no faster than every 20 ms.  Grandfathered definition for systems that implemented this message prior to July, 2010: Every 100 ms or on change of state, but no faster than every 20 ms"
4592,Joystick 6 Grip Y-Axis Lever Back Negative Position Status,EJM6,bit,0 to 3,,0.0,3.0,1.0,0.0,18,19,2,8,"Every 100 ms and on change of state, but no faster than every 20 ms.  Grandfathered definition for systems that implemented this message prior to July, 2010: Every 100 ms or on change of state, but no faster than every 20 ms"
4593,Joystick 6 Grip Y-Axis Lever Forward Positive Position Status,EJM6,bit,0 to 3,,0.0,3.0,1.0,0.0,20,21,2,8,"Every 100 ms and on change of state, but no faster than every 20 ms.  Grandfathered definition for systems that implemented this message prior to July, 2010: Every 100 ms or on change of state, but no faster than every 20 ms"
4594,Joystick 6 Grip Y-Axis Position,EJM6,%,0 to 102 %,,0.0,102.0,0.1,0.0,22,31,10,8,"Every 100 ms and on change of state, but no faster than every 20 ms.  Grandfathered definition for systems that implemented this message prior to July, 2010: Every 100 ms or on change of state, but no faster than every 20 ms"
4595,Joystick 6 Theta-Axis Neutral Position Status,EJM6,bit,0 to 3,,0.0,3.0,1.0,0.0,32,33,2,8,"Every 100 ms and on change of state, but no faster than every 20 ms.  Grandfathered definition for systems that implemented this message prior to July, 2010: Every 100 ms or on change of state, but no faster than every 20 ms"
4596,Joystick 6 Theta-Axis Counter Clockwise Negative Position Status,EJM6,bit,0 to 3,,0.0,3.0,1.0,0.0,34,35,2,8,"Every 100 ms and on change of state, but no faster than every 20 ms.  Grandfathered definition for systems that implemented this message prior to July, 2010: Every 100 ms or on change of state, but no faster than every 20 ms"
4597,Joystick 6 Theta-Axis Clockwise Positive Position Status,EJM6,bit,0 to 3,,0.0,3.0,1.0,0.0,36,37,2,8,"Every 100 ms and on change of state, but no faster than every 20 ms.  Grandfathered definition for systems that implemented this message prior to July, 2010: Every 100 ms or on change of state, but no faster than every 20 ms"
4598,Joystick 6 Theta-Axis Position,EJM6,%,0 to 102 %,,0.0,102.0,0.1,0.0,38,47,10,8,"Every 100 ms and on change of state, but no faster than every 20 ms.  Grandfathered definition for systems that implemented this message prior to July, 2010: Every 100 ms or on change of state, but no faster than every 20 ms"
4599,Joystick 6 Theta-Axis Detent Position Status,EJM6,bit,0 to 3,,0.0,3.0,1.0,0.0,50,51,2,8,"Every 100 ms and on change of state, but no faster than every 20 ms.  Grandfathered definition for systems that implemented this message prior to July, 2010: Every 100 ms or on change of state, but no faster than every 20 ms"
46,Pneumatic Supply Pressure,AIR1,psi,0.0 to 290.075476 psi,,0.0,290.075476,1.160301904,0.0,0,7,8,8,1 sec
4600,Joystick 6 Grip Y-Axis Detent Position Status,EJM6,bit,0 to 3,,0.0,3.0,1.0,0.0,52,53,2,8,"Every 100 ms and on change of state, but no faster than every 20 ms.  Grandfathered definition for systems that implemented this message prior to July, 2010: Every 100 ms or on change of state, but no faster than every 20 ms"
4601,Joystick 6 Grip X-Axis Detent Position Status,EJM6,bit,0 to 3,,0.0,3.0,1.0,0.0,54,55,2,8,"Every 100 ms and on change of state, but no faster than every 20 ms.  Grandfathered definition for systems that implemented this message prior to July, 2010: Every 100 ms or on change of state, but no faster than every 20 ms"
4602,Joystick 7 X-Axis Neutral Position Status,BJM7,bit,0 to 3,,0.0,3.0,1.0,0.0,0,1,2,8,"Every 100 ms and on change of state, but no faster than every 20 ms.  Grandfathered definition for systems that implemented this message prior to July, 2010: Every 100 ms or on change of state, but no faster than every 20 ms"
4603,Joystick 7 X-Axis Lever Left Negative Position Status,BJM7,bit,0 to 3,,0.0,3.0,1.0,0.0,2,3,2,8,"Every 100 ms and on change of state, but no faster than every 20 ms.  Grandfathered definition for systems that implemented this message prior to July, 2010: Every 100 ms or on change of state, but no faster than every 20 ms"
4604,Joystick 7 X-Axis Lever Right Positive Position Status,BJM7,bit,0 to 3,,0.0,3.0,1.0,0.0,4,5,2,8,"Every 100 ms and on change of state, but no faster than every 20 ms.  Grandfathered definition for systems that implemented this message prior to July, 2010: Every 100 ms or on change of state, but no faster than every 20 ms"
4605,Joystick 7 X-Axis Position,BJM7,%,0 to 102 %,,0.0,102.0,0.1,0.0,6,15,10,8,"Every 100 ms and on change of state, but no faster than every 20 ms.  Grandfathered definition for systems that implemented this message prior to July, 2010: Every 100 ms or on change of state, but no faster than every 20 ms"
4606,Joystick 7 Y-Axis Neutral Position Status,BJM7,bit,0 to 3,,0.0,3.0,1.0,0.0,16,17,2,8,"Every 100 ms and on change of state, but no faster than every 20 ms.  Grandfathered definition for systems that implemented this message prior to July, 2010: Every 100 ms or on change of state, but no faster than every 20 ms"
4607,Joystick 7 Y-Axis Lever Back Negative Position Status,BJM7,bit,0 to 3,,0.0,3.0,1.0,0.0,18,19,2,8,"Every 100 ms and on change of state, but no faster than every 20 ms.  Grandfathered definition for systems that implemented this message prior to July, 2010: Every 100 ms or on change of state, but no faster than every 20 ms"
4608,Joystick 7 Y-Axis Lever Forward Positive Position Status,BJM7,bit,0 to 3,,0.0,3.0,1.0,0.0,20,21,2,8,"Every 100 ms and on change of state, but no faster than every 20 ms.  Grandfathered definition for systems that implemented this message prior to July, 2010: Every 100 ms or on change of state, but no faster than every 20 ms"
4609,Joystick 7 Y-Axis Position,BJM7,%,0 to 102 %,,0.0,102.0,0.1,0.0,22,31,10,8,"Every 100 ms and on change of state, but no faster than every 20 ms.  Grandfathered definition for systems that implemented this message prior to July, 2010: Every 100 ms or on change of state, but no faster than every 20 ms"
4610,Joystick 7 Y-Axis Detent Position Status,BJM7,bit,0 to 3,,0.0,3.0,1.0,0.0,36,37,2,8,"Every 100 ms and on change of state, but no faster than every 20 ms.  Grandfathered definition for systems that implemented this message prior to July, 2010: Every 100 ms or on change of state, but no faster than every 20 ms"
4611,Joystick 7 X-Axis Detent Position Status,BJM7,bit,0 to 3,,0.0,3.0,1.0,0.0,38,39,2,8,"Every 100 ms and on change of state, but no faster than every 20 ms.  Grandfathered definition for systems that implemented this message prior to July, 2010: Every 100 ms or on change of state, but no faster than every 20 ms"
4612,Joystick 7 Button 4 Pressed Status,BJM7,bit,0 to 3,,0.0,3.0,1.0,0.0,40,41,2,8,"Every 100 ms and on change of state, but no faster than every 20 ms.  Grandfathered definition for systems that implemented this message prior to July, 2010: Every 100 ms or on change of state, but no faster than every 20 ms"
4613,Joystick 7 Button 3 Pressed Status,BJM7,bit,0 to 3,,0.0,3.0,1.0,0.0,42,43,2,8,"Every 100 ms and on change of state, but no faster than every 20 ms.  Grandfathered definition for systems that implemented this message prior to July, 2010: Every 100 ms or on change of state, but no faster than every 20 ms"
4614,Joystick 7 Button 2 Pressed Status,BJM7,bit,0 to 3,,0.0,3.0,1.0,0.0,44,45,2,8,"Every 100 ms and on change of state, but no faster than every 20 ms.  Grandfathered definition for systems that implemented this message prior to July, 2010: Every 100 ms or on change of state, but no faster than every 20 ms"
4615,Joystick 7 Button 1 Pressed Status,BJM7,bit,0 to 3,,0.0,3.0,1.0,0.0,46,47,2,8,"Every 100 ms and on change of state, but no faster than every 20 ms.  Grandfathered definition for systems that implemented this message prior to July, 2010: Every 100 ms or on change of state, but no faster than every 20 ms"
4616,Joystick 7 Button 8 Pressed Status,BJM7,bit,0 to 3,,0.0,3.0,1.0,0.0,48,49,2,8,"Every 100 ms and on change of state, but no faster than every 20 ms.  Grandfathered definition for systems that implemented this message prior to July, 2010: Every 100 ms or on change of state, but no faster than every 20 ms"
4617,Joystick 7 Button 7 Pressed Status,BJM7,bit,0 to 3,,0.0,3.0,1.0,0.0,50,51,2,8,"Every 100 ms and on change of state, but no faster than every 20 ms.  Grandfathered definition for systems that implemented this message prior to July, 2010: Every 100 ms or on change of state, but no faster than every 20 ms"
4618,Joystick 7 Button 6 Pressed Status,BJM7,bit,0 to 3,,0.0,3.0,1.0,0.0,52,53,2,8,"Every 100 ms and on change of state, but no faster than every 20 ms.  Grandfathered definition for systems that implemented this message prior to July, 2010: Every 100 ms or on change of state, but no faster than every 20 ms"
4619,Joystick 7 Button 5 Pressed Status,BJM7,bit,0 to 3,,0.0,3.0,1.0,0.0,54,55,2,8,"Every 100 ms and on change of state, but no faster than every 20 ms.  Grandfathered definition for systems that implemented this message prior to July, 2010: Every 100 ms or on change of state, but no faster than every 20 ms"
4620,Joystick 7 Button 12 Pressed Status,BJM7,bit,0 to 3,,0.0,3.0,1.0,0.0,56,57,2,8,"Every 100 ms and on change of state, but no faster than every 20 ms.  Grandfathered definition for systems that implemented this message prior to July, 2010: Every 100 ms or on change of state, but no faster than every 20 ms"
4621,Joystick 7 Button 11 Pressed Status,BJM7,bit,0 to 3,,0.0,3.0,1.0,0.0,58,59,2,8,"Every 100 ms and on change of state, but no faster than every 20 ms.  Grandfathered definition for systems that implemented this message prior to July, 2010: Every 100 ms or on change of state, but no faster than every 20 ms"
4622,Joystick 7 Button 10 Pressed Status,BJM7,bit,0 to 3,,0.0,3.0,1.0,0.0,60,61,2,8,"Every 100 ms and on change of state, but no faster than every 20 ms.  Grandfathered definition for systems that implemented this message prior to July, 2010: Every 100 ms or on change of state, but no faster than every 20 ms"
4623,Joystick 7 Button 9 Pressed Status,BJM7,bit,0 to 3,,0.0,3.0,1.0,0.0,62,63,2,8,"Every 100 ms and on change of state, but no faster than every 20 ms.  Grandfathered definition for systems that implemented this message prior to July, 2010: Every 100 ms or on change of state, but no faster than every 20 ms"
4624,Joystick 7 Grip X-Axis Neutral Position Status,EJM7,bit,0 to 3,,0.0,3.0,1.0,0.0,0,1,2,8,"Every 100 ms and on change of state, but no faster than every 20 ms.  Grandfathered definition for systems that implemented this message prior to July, 2010: Every 100 ms or on change of state, but no faster than every 20 ms"
4625,Joystick 7 Grip X-Axis Lever Left Negative Position Status,EJM7,bit,0 to 3,,0.0,3.0,1.0,0.0,2,3,2,8,"Every 100 ms and on change of state, but no faster than every 20 ms.  Grandfathered definition for systems that implemented this message prior to July, 2010: Every 100 ms or on change of state, but no faster than every 20 ms"
4626,Joystick 7 Grip X-Axis Lever Right Positive Position Status,EJM7,bit,0 to 3,,0.0,3.0,1.0,0.0,4,5,2,8,"Every 100 ms and on change of state, but no faster than every 20 ms.  Grandfathered definition for systems that implemented this message prior to July, 2010: Every 100 ms or on change of state, but no faster than every 20 ms"
4627,Joystick 7 Grip X-Axis Position,EJM7,%,0 to 102 %,,0.0,102.0,0.1,0.0,6,15,10,8,"Every 100 ms and on change of state, but no faster than every 20 ms.  Grandfathered definition for systems that implemented this message prior to July, 2010: Every 100 ms or on change of state, but no faster than every 20 ms"
4628,Joystick 7 Grip Y-Axis Neutral Position Status,EJM7,bit,0 to 3,,0.0,3.0,1.0,0.0,16,17,2,8,"Every 100 ms and on change of state, but no faster than every 20 ms.  Grandfathered definition for systems that implemented this message prior to July, 2010: Every 100 ms or on change of state, but no faster than every 20 ms"
4629,Joystick 7 Grip Y-Axis Lever Back Negative Position Status,EJM7,bit,0 to 3,,0.0,3.0,1.0,0.0,18,19,2,8,"Every 100 ms and on change of state, but no faster than every 20 ms.  Grandfathered definition for systems that implemented this message prior to July, 2010: Every 100 ms or on change of state, but no faster than every 20 ms"
4630,Joystick 7 Grip Y-Axis Lever Forward Positive Position Status,EJM7,bit,0 to 3,,0.0,3.0,1.0,0.0,20,21,2,8,"Every 100 ms and on change of state, but no faster than every 20 ms.  Grandfathered definition for systems that implemented this message prior to July, 2010: Every 100 ms or on change of state, but no faster than every 20 ms"
4631,Joystick 7 Grip Y-Axis Position,EJM7,%,0 to 102 %,,0.0,102.0,0.1,0.0,22,31,10,8,"Every 100 ms and on change of state, but no faster than every 20 ms.  Grandfathered definition for systems that implemented this message prior to July, 2010: Every 100 ms or on change of state, but no faster than every 20 ms"
4632,Joystick 7 Theta-Axis Neutral Position Status,EJM7,bit,0 to 3,,0.0,3.0,1.0,0.0,32,33,2,8,"Every 100 ms and on change of state, but no faster than every 20 ms.  Grandfathered definition for systems that implemented this message prior to July, 2010: Every 100 ms or on change of state, but no faster than every 20 ms"
4633,Joystick 7 Theta-Axis Counter Clockwise Negative Position Status,EJM7,bit,0 to 3,,0.0,3.0,1.0,0.0,34,35,2,8,"Every 100 ms and on change of state, but no faster than every 20 ms.  Grandfathered definition for systems that implemented this message prior to July, 2010: Every 100 ms or on change of state, but no faster than every 20 ms"
4634,Joystick 7 Theta-Axis Clockwise Positive Position Status,EJM7,bit,0 to 3,,0.0,3.0,1.0,0.0,36,37,2,8,"Every 100 ms and on change of state, but no faster than every 20 ms.  Grandfathered definition for systems that implemented this message prior to July, 2010: Every 100 ms or on change of state, but no faster than every 20 ms"
4635,Joystick 7 Theta-Axis Position,EJM7,%,0 to 102 %,,0.0,102.0,0.1,0.0,38,47,10,8,"Every 100 ms and on change of state, but no faster than every 20 ms.  Grandfathered definition for systems that implemented this message prior to July, 2010: Every 100 ms or on change of state, but no faster than every 20 ms"
4636,Joystick 7 Theta-Axis Detent Position Status,EJM7,bit,0 to 3,,0.0,3.0,1.0,0.0,50,51,2,8,"Every 100 ms and on change of state, but no faster than every 20 ms.  Grandfathered definition for systems that implemented this message prior to July, 2010: Every 100 ms or on change of state, but no faster than every 20 ms"
4637,Joystick 7 Grip Y-Axis Detent Position Status,EJM7,bit,0 to 3,,0.0,3.0,1.0,0.0,52,53,2,8,"Every 100 ms and on change of state, but no faster than every 20 ms.  Grandfathered definition for systems that implemented this message prior to July, 2010: Every 100 ms or on change of state, but no faster than every 20 ms"
4638,Joystick 7 Grip X-Axis Detent Position Status,EJM7,bit,0 to 3,,0.0,3.0,1.0,0.0,54,55,2,8,"Every 100 ms and on change of state, but no faster than every 20 ms.  Grandfathered definition for systems that implemented this message prior to July, 2010: Every 100 ms or on change of state, but no faster than every 20 ms"
4639,Joystick 8 X-Axis Neutral Position Status,BJM8,bit,0 to 3,,0.0,3.0,1.0,0.0,0,1,2,8,"Every 100 ms and on change of state, but no faster than every 20 ms.  Grandfathered definition for systems that implemented this message prior to July, 2010: Every 100 ms or on change of state, but no faster than every 20 ms"
4640,Joystick 8 X-Axis Lever Left Negative Position Status,BJM8,bit,0 to 3,,0.0,3.0,1.0,0.0,2,3,2,8,"Every 100 ms and on change of state, but no faster than every 20 ms.  Grandfathered definition for systems that implemented this message prior to July, 2010: Every 100 ms or on change of state, but no faster than every 20 ms"
4641,Joystick 8 X-Axis Lever Right Positive Position Status,BJM8,bit,0 to 3,,0.0,3.0,1.0,0.0,4,5,2,8,"Every 100 ms and on change of state, but no faster than every 20 ms.  Grandfathered definition for systems that implemented this message prior to July, 2010: Every 100 ms or on change of state, but no faster than every 20 ms"
4642,Joystick 8 X-Axis Position,BJM8,%,0 to 102 %,,0.0,102.0,0.1,0.0,6,15,10,8,"Every 100 ms and on change of state, but no faster than every 20 ms.  Grandfathered definition for systems that implemented this message prior to July, 2010: Every 100 ms or on change of state, but no faster than every 20 ms"
4643,Joystick 8 Y-Axis Neutral Position Status,BJM8,bit,0 to 3,,0.0,3.0,1.0,0.0,16,17,2,8,"Every 100 ms and on change of state, but no faster than every 20 ms.  Grandfathered definition for systems that implemented this message prior to July, 2010: Every 100 ms or on change of state, but no faster than every 20 ms"
4644,Joystick 8 Y-Axis Lever Back Negative Position Status,BJM8,bit,0 to 3,,0.0,3.0,1.0,0.0,18,19,2,8,"Every 100 ms and on change of state, but no faster than every 20 ms.  Grandfathered definition for systems that implemented this message prior to July, 2010: Every 100 ms or on change of state, but no faster than every 20 ms"
4645,Joystick 8 Y-Axis Lever Forward Positive Position Status,BJM8,bit,0 to 3,,0.0,3.0,1.0,0.0,20,21,2,8,"Every 100 ms and on change of state, but no faster than every 20 ms.  Grandfathered definition for systems that implemented this message prior to July, 2010: Every 100 ms or on change of state, but no faster than every 20 ms"
4646,Joystick 8 Y-Axis Position,BJM8,%,0 to 102 %,,0.0,102.0,0.1,0.0,22,31,10,8,"Every 100 ms and on change of state, but no faster than every 20 ms.  Grandfathered definition for systems that implemented this message prior to July, 2010: Every 100 ms or on change of state, but no faster than every 20 ms"
4647,Joystick 8 Y-Axis Detent Position Status,BJM8,bit,0 to 3,,0.0,3.0,1.0,0.0,36,37,2,8,"Every 100 ms and on change of state, but no faster than every 20 ms.  Grandfathered definition for systems that implemented this message prior to July, 2010: Every 100 ms or on change of state, but no faster than every 20 ms"
4648,Joystick 8 X-Axis Detent Position Status,BJM8,bit,0 to 3,,0.0,3.0,1.0,0.0,38,39,2,8,"Every 100 ms and on change of state, but no faster than every 20 ms.  Grandfathered definition for systems that implemented this message prior to July, 2010: Every 100 ms or on change of state, but no faster than every 20 ms"
4649,Joystick 8 Button 4 Pressed Status,BJM8,bit,0 to 3,,0.0,3.0,1.0,0.0,40,41,2,8,"Every 100 ms and on change of state, but no faster than every 20 ms.  Grandfathered definition for systems that implemented this message prior to July, 2010: Every 100 ms or on change of state, but no faster than every 20 ms"
4650,Joystick 8 Button 3 Pressed Status,BJM8,bit,0 to 3,,0.0,3.0,1.0,0.0,42,43,2,8,"Every 100 ms and on change of state, but no faster than every 20 ms.  Grandfathered definition for systems that implemented this message prior to July, 2010: Every 100 ms or on change of state, but no faster than every 20 ms"
4651,Joystick 8 Button 2 Pressed Status,BJM8,bit,0 to 3,,0.0,3.0,1.0,0.0,44,45,2,8,"Every 100 ms and on change of state, but no faster than every 20 ms.  Grandfathered definition for systems that implemented this message prior to July, 2010: Every 100 ms or on change of state, but no faster than every 20 ms"
4652,Joystick 8 Button 1 Pressed Status,BJM8,bit,0 to 3,,0.0,3.0,1.0,0.0,46,47,2,8,"Every 100 ms and on change of state, but no faster than every 20 ms.  Grandfathered definition for systems that implemented this message prior to July, 2010: Every 100 ms or on change of state, but no faster than every 20 ms"
4653,Joystick 8 Button 8 Pressed Status,BJM8,bit,0 to 3,,0.0,3.0,1.0,0.0,48,49,2,8,"Every 100 ms and on change of state, but no faster than every 20 ms.  Grandfathered definition for systems that implemented this message prior to July, 2010: Every 100 ms or on change of state, but no faster than every 20 ms"
4654,Joystick 8 Button 7 Pressed Status,BJM8,bit,0 to 3,,0.0,3.0,1.0,0.0,50,51,2,8,"Every 100 ms and on change of state, but no faster than every 20 ms.  Grandfathered definition for systems that implemented this message prior to July, 2010: Every 100 ms or on change of state, but no faster than every 20 ms"
4655,Joystick 8 Button 6 Pressed Status,BJM8,bit,0 to 3,,0.0,3.0,1.0,0.0,52,53,2,8,"Every 100 ms and on change of state, but no faster than every 20 ms.  Grandfathered definition for systems that implemented this message prior to July, 2010: Every 100 ms or on change of state, but no faster than every 20 ms"
4656,Joystick 8 Button 5 Pressed Status,BJM8,bit,0 to 3,,0.0,3.0,1.0,0.0,54,55,2,8,"Every 100 ms and on change of state, but no faster than every 20 ms.  Grandfathered definition for systems that implemented this message prior to July, 2010: Every 100 ms or on change of state, but no faster than every 20 ms"
4657,Joystick 8 Button 12 Pressed Status,BJM8,bit,0 to 3,,0.0,3.0,1.0,0.0,56,57,2,8,"Every 100 ms and on change of state, but no faster than every 20 ms.  Grandfathered definition for systems that implemented this message prior to July, 2010: Every 100 ms or on change of state, but no faster than every 20 ms"
4658,Joystick 8 Button 11 Pressed Status,BJM8,bit,0 to 3,,0.0,3.0,1.0,0.0,58,59,2,8,"Every 100 ms and on change of state, but no faster than every 20 ms.  Grandfathered definition for systems that implemented this message prior to July, 2010: Every 100 ms or on change of state, but no faster than every 20 ms"
4659,Joystick 8 Button 10 Pressed Status,BJM8,bit,0 to 3,,0.0,3.0,1.0,0.0,60,61,2,8,"Every 100 ms and on change of state, but no faster than every 20 ms.  Grandfathered definition for systems that implemented this message prior to July, 2010: Every 100 ms or on change of state, but no faster than every 20 ms"
4660,Joystick 8 Button 9 Pressed Status,BJM8,bit,0 to 3,,0.0,3.0,1.0,0.0,62,63,2,8,"Every 100 ms and on change of state, but no faster than every 20 ms.  Grandfathered definition for systems that implemented this message prior to July, 2010: Every 100 ms or on change of state, but no faster than every 20 ms"
4661,Joystick 8 Grip X-Axis Neutral Position Status,EJM8,bit,0 to 3,,0.0,3.0,1.0,0.0,0,1,2,8,"Every 100 ms and on change of state, but no faster than every 20 ms.  Grandfathered definition for systems that implemented this message prior to July, 2010: Every 100 ms or on change of state, but no faster than every 20 ms"
4662,Joystick 8 Grip X-Axis Lever Left Negative Position Status,EJM8,bit,0 to 3,,0.0,3.0,1.0,0.0,2,3,2,8,"Every 100 ms and on change of state, but no faster than every 20 ms.  Grandfathered definition for systems that implemented this message prior to July, 2010: Every 100 ms or on change of state, but no faster than every 20 ms"
4663,Joystick 8 Grip X-Axis Lever Right Positive Position Status,EJM8,bit,0 to 3,,0.0,3.0,1.0,0.0,4,5,2,8,"Every 100 ms and on change of state, but no faster than every 20 ms.  Grandfathered definition for systems that implemented this message prior to July, 2010: Every 100 ms or on change of state, but no faster than every 20 ms"
4664,Joystick 8 Grip X-Axis Position,EJM8,%,0 to 102 %,,0.0,102.0,0.1,0.0,6,15,10,8,"Every 100 ms and on change of state, but no faster than every 20 ms.  Grandfathered definition for systems that implemented this message prior to July, 2010: Every 100 ms or on change of state, but no faster than every 20 ms"
4665,Joystick 8 Grip Y-Axis Neutral Position Status,EJM8,bit,0 to 3,,0.0,3.0,1.0,0.0,16,17,2,8,"Every 100 ms and on change of state, but no faster than every 20 ms.  Grandfathered definition for systems that implemented this message prior to July, 2010: Every 100 ms or on change of state, but no faster than every 20 ms"
4666,Joystick 8 Grip Y-Axis Lever Back Negative Position Status,EJM8,bit,0 to 3,,0.0,3.0,1.0,0.0,18,19,2,8,"Every 100 ms and on change of state, but no faster than every 20 ms.  Grandfathered definition for systems that implemented this message prior to July, 2010: Every 100 ms or on change of state, but no faster than every 20 ms"
4667,Joystick 8 Grip Y-Axis Lever Forward Positive Position Status,EJM8,bit,0 to 3,,0.0,3.0,1.0,0.0,20,21,2,8,"Every 100 ms and on change of state, but no faster than every 20 ms.  Grandfathered definition for systems that implemented this message prior to July, 2010: Every 100 ms or on change of state, but no faster than every 20 ms"
4668,Joystick 8 Grip Y-Axis Position,EJM8,%,0 to 102 %,,0.0,102.0,0.1,0.0,22,31,10,8,"Every 100 ms and on change of state, but no faster than every 20 ms.  Grandfathered definition for systems that implemented this message prior to July, 2010: Every 100 ms or on change of state, but no faster than every 20 ms"
4669,Joystick 8 Theta-Axis Neutral Position Status,EJM8,bit,0 to 3,,0.0,3.0,1.0,0.0,32,33,2,8,"Every 100 ms and on change of state, but no faster than every 20 ms.  Grandfathered definition for systems that implemented this message prior to July, 2010: Every 100 ms or on change of state, but no faster than every 20 ms"
4670,Joystick 8 Theta-Axis Counter Clockwise Negative Position Status,EJM8,bit,0 to 3,,0.0,3.0,1.0,0.0,34,35,2,8,"Every 100 ms and on change of state, but no faster than every 20 ms.  Grandfathered definition for systems that implemented this message prior to July, 2010: Every 100 ms or on change of state, but no faster than every 20 ms"
4671,Joystick 8 Theta-Axis Clockwise Positive Position Status,EJM8,bit,0 to 3,,0.0,3.0,1.0,0.0,36,37,2,8,"Every 100 ms and on change of state, but no faster than every 20 ms.  Grandfathered definition for systems that implemented this message prior to July, 2010: Every 100 ms or on change of state, but no faster than every 20 ms"
4672,Joystick 8 Theta-Axis Position,EJM8,%,0 to 102 %,,0.0,102.0,0.1,0.0,38,47,10,8,"Every 100 ms and on change of state, but no faster than every 20 ms.  Grandfathered definition for systems that implemented this message prior to July, 2010: Every 100 ms or on change of state, but no faster than every 20 ms"
4673,Joystick 8 Theta-Axis Detent Position Status,EJM8,bit,0 to 3,,0.0,3.0,1.0,0.0,50,51,2,8,"Every 100 ms and on change of state, but no faster than every 20 ms.  Grandfathered definition for systems that implemented this message prior to July, 2010: Every 100 ms or on change of state, but no faster than every 20 ms"
4674,Joystick 8 Grip Y-Axis Detent Position Status,EJM8,bit,0 to 3,,0.0,3.0,1.0,0.0,52,53,2,8,"Every 100 ms and on change of state, but no faster than every 20 ms.  Grandfathered definition for systems that implemented this message prior to July, 2010: Every 100 ms or on change of state, but no faster than every 20 ms"
4675,Joystick 8 Grip X-Axis Detent Position Status,EJM8,bit,0 to 3,,0.0,3.0,1.0,0.0,54,55,2,8,"Every 100 ms and on change of state, but no faster than every 20 ms.  Grandfathered definition for systems that implemented this message prior to July, 2010: Every 100 ms or on change of state, but no faster than every 20 ms"
4676,Joystick 9 X-Axis Neutral Position Status,BJM9,bit,0 to 3,,0.0,3.0,1.0,0.0,0,1,2,8,"Every 100 ms and on change of state, but no faster than every 20 ms. Grandfathered definition for systems that implemented this message prior to July, 2010: Every 100 ms or on change of state, but no faster than every 20 ms"
4677,Joystick 9 X-Axis Lever Left Negative Position Status,BJM9,bit,0 to 3,,0.0,3.0,1.0,0.0,2,3,2,8,"Every 100 ms and on change of state, but no faster than every 20 ms. Grandfathered definition for systems that implemented this message prior to July, 2010: Every 100 ms or on change of state, but no faster than every 20 ms"
4678,Joystick 9 X-Axis Lever Right Positive Position Status,BJM9,bit,0 to 3,,0.0,3.0,1.0,0.0,4,5,2,8,"Every 100 ms and on change of state, but no faster than every 20 ms. Grandfathered definition for systems that implemented this message prior to July, 2010: Every 100 ms or on change of state, but no faster than every 20 ms"
4679,Joystick 9 X-Axis Position,BJM9,%,0 to 102 %,,0.0,102.0,0.1,0.0,6,15,10,8,"Every 100 ms and on change of state, but no faster than every 20 ms. Grandfathered definition for systems that implemented this message prior to July, 2010: Every 100 ms or on change of state, but no faster than every 20 ms"
4680,Joystick 9 Y-Axis Neutral Position Status,BJM9,bit,0 to 3,,0.0,3.0,1.0,0.0,16,17,2,8,"Every 100 ms and on change of state, but no faster than every 20 ms. Grandfathered definition for systems that implemented this message prior to July, 2010: Every 100 ms or on change of state, but no faster than every 20 ms"
4681,Joystick 9 Y-Axis Lever Back Negative Position Status,BJM9,bit,0 to 3,,0.0,3.0,1.0,0.0,18,19,2,8,"Every 100 ms and on change of state, but no faster than every 20 ms. Grandfathered definition for systems that implemented this message prior to July, 2010: Every 100 ms or on change of state, but no faster than every 20 ms"
4682,Joystick 9 Y-Axis Lever Forward Positive Position Status,BJM9,bit,0 to 3,,0.0,3.0,1.0,0.0,20,21,2,8,"Every 100 ms and on change of state, but no faster than every 20 ms. Grandfathered definition for systems that implemented this message prior to July, 2010: Every 100 ms or on change of state, but no faster than every 20 ms"
4683,Joystick 9 Y-Axis Position,BJM9,%,0 to 102 %,,0.0,102.0,0.1,0.0,22,31,10,8,"Every 100 ms and on change of state, but no faster than every 20 ms. Grandfathered definition for systems that implemented this message prior to July, 2010: Every 100 ms or on change of state, but no faster than every 20 ms"
4684,Joystick 9 Y-Axis Detent Position Status,BJM9,bit,0 to 3,,0.0,3.0,1.0,0.0,36,37,2,8,"Every 100 ms and on change of state, but no faster than every 20 ms. Grandfathered definition for systems that implemented this message prior to July, 2010: Every 100 ms or on change of state, but no faster than every 20 ms"
4685,Joystick 9 X-Axis Detent Position Status,BJM9,bit,0 to 3,,0.0,3.0,1.0,0.0,38,39,2,8,"Every 100 ms and on change of state, but no faster than every 20 ms. Grandfathered definition for systems that implemented this message prior to July, 2010: Every 100 ms or on change of state, but no faster than every 20 ms"
4686,Joystick 9 Button 4 Pressed Status,BJM9,bit,0 to 3,,0.0,3.0,1.0,0.0,40,41,2,8,"Every 100 ms and on change of state, but no faster than every 20 ms. Grandfathered definition for systems that implemented this message prior to July, 2010: Every 100 ms or on change of state, but no faster than every 20 ms"
4687,Joystick 9 Button 3 Pressed Status,BJM9,bit,0 to 3,,0.0,3.0,1.0,0.0,42,43,2,8,"Every 100 ms and on change of state, but no faster than every 20 ms. Grandfathered definition for systems that implemented this message prior to July, 2010: Every 100 ms or on change of state, but no faster than every 20 ms"
4688,Joystick 9 Button 2 Pressed Status,BJM9,bit,0 to 3,,0.0,3.0,1.0,0.0,44,45,2,8,"Every 100 ms and on change of state, but no faster than every 20 ms. Grandfathered definition for systems that implemented this message prior to July, 2010: Every 100 ms or on change of state, but no faster than every 20 ms"
4689,Joystick 9 Button 1 Pressed Status,BJM9,bit,0 to 3,,0.0,3.0,1.0,0.0,46,47,2,8,"Every 100 ms and on change of state, but no faster than every 20 ms. Grandfathered definition for systems that implemented this message prior to July, 2010: Every 100 ms or on change of state, but no faster than every 20 ms"
4690,Joystick 9 Button 8 Pressed Status,BJM9,bit,0 to 3,,0.0,3.0,1.0,0.0,48,49,2,8,"Every 100 ms and on change of state, but no faster than every 20 ms. Grandfathered definition for systems that implemented this message prior to July, 2010: Every 100 ms or on change of state, but no faster than every 20 ms"
4691,Joystick 9 Button 7 Pressed Status,BJM9,bit,0 to 3,,0.0,3.0,1.0,0.0,50,51,2,8,"Every 100 ms and on change of state, but no faster than every 20 ms. Grandfathered definition for systems that implemented this message prior to July, 2010: Every 100 ms or on change of state, but no faster than every 20 ms"
4692,Joystick 9 Button 6 Pressed Status,BJM9,bit,0 to 3,,0.0,3.0,1.0,0.0,52,53,2,8,"Every 100 ms and on change of state, but no faster than every 20 ms. Grandfathered definition for systems that implemented this message prior to July, 2010: Every 100 ms or on change of state, but no faster than every 20 ms"
4693,Joystick 9 Button 5 Pressed Status,BJM9,bit,0 to 3,,0.0,3.0,1.0,0.0,54,55,2,8,"Every 100 ms and on change of state, but no faster than every 20 ms. Grandfathered definition for systems that implemented this message prior to July, 2010: Every 100 ms or on change of state, but no faster than every 20 ms"
4694,Joystick 9 Button 12 Pressed Status,BJM9,bit,0 to 3,,0.0,3.0,1.0,0.0,56,57,2,8,"Every 100 ms and on change of state, but no faster than every 20 ms. Grandfathered definition for systems that implemented this message prior to July, 2010: Every 100 ms or on change of state, but no faster than every 20 ms"
4695,Joystick 9 Button 11 Pressed Status,BJM9,bit,0 to 3,,0.0,3.0,1.0,0.0,58,59,2,8,"Every 100 ms and on change of state, but no faster than every 20 ms. Grandfathered definition for systems that implemented this message prior to July, 2010: Every 100 ms or on change of state, but no faster than every 20 ms"
4696,Joystick 9 Button 10 Pressed Status,BJM9,bit,0 to 3,,0.0,3.0,1.0,0.0,60,61,2,8,"Every 100 ms and on change of state, but no faster than every 20 ms. Grandfathered definition for systems that implemented this message prior to July, 2010: Every 100 ms or on change of state, but no faster than every 20 ms"
4697,Joystick 9 Button 9 Pressed Status,BJM9,bit,0 to 3,,0.0,3.0,1.0,0.0,62,63,2,8,"Every 100 ms and on change of state, but no faster than every 20 ms. Grandfathered definition for systems that implemented this message prior to July, 2010: Every 100 ms or on change of state, but no faster than every 20 ms"
4698,Joystick 9 Grip X-Axis Neutral Position Status,EJM9,bit,0 to 3,,0.0,3.0,1.0,0.0,0,1,2,8,"Every 100 ms and on change of state, but no faster than every 20 ms. Grandfathered definition for systems that implemented this message prior to July, 2010: Every 100 ms or on change of state, but no faster than every 20 ms"
4699,Joystick 9 Grip X-Axis Lever Left Negative Position Status,EJM9,bit,0 to 3,,0.0,3.0,1.0,0.0,2,3,2,8,"Every 100 ms and on change of state, but no faster than every 20 ms. Grandfathered definition for systems that implemented this message prior to July, 2010: Every 100 ms or on change of state, but no faster than every 20 ms"
4700,Joystick 9 Grip X-Axis Lever Right Positive Position Status,EJM9,bit,0 to 3,,0.0,3.0,1.0,0.0,4,5,2,8,"Every 100 ms and on change of state, but no faster than every 20 ms. Grandfathered definition for systems that implemented this message prior to July, 2010: Every 100 ms or on change of state, but no faster than every 20 ms"
4701,Joystick 9 Grip X-Axis Position,EJM9,%,0 to 102 %,,0.0,102.0,0.1,0.0,6,15,10,8,"Every 100 ms and on change of state, but no faster than every 20 ms. Grandfathered definition for systems that implemented this message prior to July, 2010: Every 100 ms or on change of state, but no faster than every 20 ms"
4702,Joystick 9 Grip Y-Axis Neutral Position Status,EJM9,bit,0 to 3,,0.0,3.0,1.0,0.0,16,17,2,8,"Every 100 ms and on change of state, but no faster than every 20 ms. Grandfathered definition for systems that implemented this message prior to July, 2010: Every 100 ms or on change of state, but no faster than every 20 ms"
4703,Joystick 9 Grip Y-Axis Lever Back Negative Position Status,EJM9,bit,0 to 3,,0.0,3.0,1.0,0.0,18,19,2,8,"Every 100 ms and on change of state, but no faster than every 20 ms. Grandfathered definition for systems that implemented this message prior to July, 2010: Every 100 ms or on change of state, but no faster than every 20 ms"
4704,Joystick 9 Grip Y-Axis Lever Forward Positive Position Status,EJM9,bit,0 to 3,,0.0,3.0,1.0,0.0,20,21,2,8,"Every 100 ms and on change of state, but no faster than every 20 ms. Grandfathered definition for systems that implemented this message prior to July, 2010: Every 100 ms or on change of state, but no faster than every 20 ms"
4705,Joystick 9 Grip Y-Axis Position,EJM9,%,0 to 102 %,,0.0,102.0,0.1,0.0,22,31,10,8,"Every 100 ms and on change of state, but no faster than every 20 ms. Grandfathered definition for systems that implemented this message prior to July, 2010: Every 100 ms or on change of state, but no faster than every 20 ms"
4706,Joystick 9 Theta-Axis Neutral Position Status,EJM9,bit,0 to 3,,0.0,3.0,1.0,0.0,32,33,2,8,"Every 100 ms and on change of state, but no faster than every 20 ms. Grandfathered definition for systems that implemented this message prior to July, 2010: Every 100 ms or on change of state, but no faster than every 20 ms"
4707,Joystick 9 Theta-Axis Counter Clockwise Negative Position Status,EJM9,bit,0 to 3,,0.0,3.0,1.0,0.0,34,35,2,8,"Every 100 ms and on change of state, but no faster than every 20 ms. Grandfathered definition for systems that implemented this message prior to July, 2010: Every 100 ms or on change of state, but no faster than every 20 ms"
4708,Joystick 9 Theta-Axis Clockwise Positive Position Status,EJM9,bit,0 to 3,,0.0,3.0,1.0,0.0,36,37,2,8,"Every 100 ms and on change of state, but no faster than every 20 ms. Grandfathered definition for systems that implemented this message prior to July, 2010: Every 100 ms or on change of state, but no faster than every 20 ms"
4709,Joystick 9 Theta-Axis Position,EJM9,%,0 to 102 %,,0.0,102.0,0.1,0.0,38,47,10,8,"Every 100 ms and on change of state, but no faster than every 20 ms. Grandfathered definition for systems that implemented this message prior to July, 2010: Every 100 ms or on change of state, but no faster than every 20 ms"
4710,Joystick 9 Theta-Axis Detent Position Status,EJM9,bit,0 to 3,,0.0,3.0,1.0,0.0,50,51,2,8,"Every 100 ms and on change of state, but no faster than every 20 ms. Grandfathered definition for systems that implemented this message prior to July, 2010: Every 100 ms or on change of state, but no faster than every 20 ms"
4711,Joystick 9 Grip Y-Axis Detent Position Status,EJM9,bit,0 to 3,,0.0,3.0,1.0,0.0,52,53,2,8,"Every 100 ms and on change of state, but no faster than every 20 ms. Grandfathered definition for systems that implemented this message prior to July, 2010: Every 100 ms or on change of state, but no faster than every 20 ms"
4712,Joystick 9 Grip X-Axis Detent Position Status,EJM9,bit,0 to 3,,0.0,3.0,1.0,0.0,54,55,2,8,"Every 100 ms and on change of state, but no faster than every 20 ms. Grandfathered definition for systems that implemented this message prior to July, 2010: Every 100 ms or on change of state, but no faster than every 20 ms"
4713,Joystick 10 X-Axis Neutral Position Status,BJM10,bit,0 to 3,,0.0,3.0,1.0,0.0,0,1,2,8,"Every 100 ms and on change of state, but no faster than every 20 ms. Grandfathered definition for systems that implemented this message prior to July, 2010: Every 100 ms or on change of state, but no faster than every 20 ms"
4714,Joystick 10 X-Axis Lever Left Negative Position Status,BJM10,bit,0 to 3,,0.0,3.0,1.0,0.0,2,3,2,8,"Every 100 ms and on change of state, but no faster than every 20 ms. Grandfathered definition for systems that implemented this message prior to July, 2010: Every 100 ms or on change of state, but no faster than every 20 ms"
4715,Joystick 10 X-Axis Lever Right Positive Position Status,BJM10,bit,0 to 3,,0.0,3.0,1.0,0.0,4,5,2,8,"Every 100 ms and on change of state, but no faster than every 20 ms. Grandfathered definition for systems that implemented this message prior to July, 2010: Every 100 ms or on change of state, but no faster than every 20 ms"
4716,Joystick 10 X-Axis Position,BJM10,%,0 to 102 %,,0.0,102.0,0.1,0.0,6,15,10,8,"Every 100 ms and on change of state, but no faster than every 20 ms. Grandfathered definition for systems that implemented this message prior to July, 2010: Every 100 ms or on change of state, but no faster than every 20 ms"
4717,Joystick 10 Y-Axis Neutral Position Status,BJM10,bit,0 to 3,,0.0,3.0,1.0,0.0,16,17,2,8,"Every 100 ms and on change of state, but no faster than every 20 ms. Grandfathered definition for systems that implemented this message prior to July, 2010: Every 100 ms or on change of state, but no faster than every 20 ms"
4718,Joystick 10 Y-Axis Lever Back Negative Position Status,BJM10,bit,0 to 3,,0.0,3.0,1.0,0.0,18,19,2,8,"Every 100 ms and on change of state, but no faster than every 20 ms. Grandfathered definition for systems that implemented this message prior to July, 2010: Every 100 ms or on change of state, but no faster than every 20 ms"
4719,Joystick 10 Y-Axis Lever Forward Positive Position Status,BJM10,bit,0 to 3,,0.0,3.0,1.0,0.0,20,21,2,8,"Every 100 ms and on change of state, but no faster than every 20 ms. Grandfathered definition for systems that implemented this message prior to July, 2010: Every 100 ms or on change of state, but no faster than every 20 ms"
4720,Joystick 10 Y-Axis Position,BJM10,%,0 to 102 %,,0.0,102.0,0.1,0.0,22,31,10,8,"Every 100 ms and on change of state, but no faster than every 20 ms. Grandfathered definition for systems that implemented this message prior to July, 2010: Every 100 ms or on change of state, but no faster than every 20 ms"
4721,Joystick 10 Y-Axis Detent Position Status,BJM10,bit,0 to 3,,0.0,3.0,1.0,0.0,36,37,2,8,"Every 100 ms and on change of state, but no faster than every 20 ms. Grandfathered definition for systems that implemented this message prior to July, 2010: Every 100 ms or on change of state, but no faster than every 20 ms"
4722,Joystick 10 X-Axis Detent Position Status,BJM10,bit,0 to 3,,0.0,3.0,1.0,0.0,38,39,2,8,"Every 100 ms and on change of state, but no faster than every 20 ms. Grandfathered definition for systems that implemented this message prior to July, 2010: Every 100 ms or on change of state, but no faster than every 20 ms"
4723,Joystick 10 Button 4 Pressed Status,BJM10,bit,0 to 3,,0.0,3.0,1.0,0.0,40,41,2,8,"Every 100 ms and on change of state, but no faster than every 20 ms. Grandfathered definition for systems that implemented this message prior to July, 2010: Every 100 ms or on change of state, but no faster than every 20 ms"
4724,Joystick 10 Button 3 Pressed Status,BJM10,bit,0 to 3,,0.0,3.0,1.0,0.0,42,43,2,8,"Every 100 ms and on change of state, but no faster than every 20 ms. Grandfathered definition for systems that implemented this message prior to July, 2010: Every 100 ms or on change of state, but no faster than every 20 ms"
4725,Joystick 10 Button 2 Pressed Status,BJM10,bit,0 to 3,,0.0,3.0,1.0,0.0,44,45,2,8,"Every 100 ms and on change of state, but no faster than every 20 ms. Grandfathered definition for systems that implemented this message prior to July, 2010: Every 100 ms or on change of state, but no faster than every 20 ms"
4726,Joystick 10 Button 1 Pressed Status,BJM10,bit,0 to 3,,0.0,3.0,1.0,0.0,46,47,2,8,"Every 100 ms and on change of state, but no faster than every 20 ms. Grandfathered definition for systems that implemented this message prior to July, 2010: Every 100 ms or on change of state, but no faster than every 20 ms"
4727,Joystick 10 Button 8 Pressed Status,BJM10,bit,0 to 3,,0.0,3.0,1.0,0.0,48,49,2,8,"Every 100 ms and on change of state, but no faster than every 20 ms. Grandfathered definition for systems that implemented this message prior to July, 2010: Every 100 ms or on change of state, but no faster than every 20 ms"
4728,Joystick 10 Button 7 Pressed Status,BJM10,bit,0 to 3,,0.0,3.0,1.0,0.0,50,51,2,8,"Every 100 ms and on change of state, but no faster than every 20 ms. Grandfathered definition for systems that implemented this message prior to July, 2010: Every 100 ms or on change of state, but no faster than every 20 ms"
4729,Joystick 10 Button 6 Pressed Status,BJM10,bit,0 to 3,,0.0,3.0,1.0,0.0,52,53,2,8,"Every 100 ms and on change of state, but no faster than every 20 ms. Grandfathered definition for systems that implemented this message prior to July, 2010: Every 100 ms or on change of state, but no faster than every 20 ms"
4730,Joystick 10 Button 5 Pressed Status,BJM10,bit,0 to 3,,0.0,3.0,1.0,0.0,54,55,2,8,"Every 100 ms and on change of state, but no faster than every 20 ms. Grandfathered definition for systems that implemented this message prior to July, 2010: Every 100 ms or on change of state, but no faster than every 20 ms"
4731,Joystick 10 Button 12 Pressed Status,BJM10,bit,0 to 3,,0.0,3.0,1.0,0.0,56,57,2,8,"Every 100 ms and on change of state, but no faster than every 20 ms. Grandfathered definition for systems that implemented this message prior to July, 2010: Every 100 ms or on change of state, but no faster than every 20 ms"
4732,Joystick 10 Button 11 Pressed Status,BJM10,bit,0 to 3,,0.0,3.0,1.0,0.0,58,59,2,8,"Every 100 ms and on change of state, but no faster than every 20 ms. Grandfathered definition for systems that implemented this message prior to July, 2010: Every 100 ms or on change of state, but no faster than every 20 ms"
4733,Joystick 10 Button 10 Pressed Status,BJM10,bit,0 to 3,,0.0,3.0,1.0,0.0,60,61,2,8,"Every 100 ms and on change of state, but no faster than every 20 ms. Grandfathered definition for systems that implemented this message prior to July, 2010: Every 100 ms or on change of state, but no faster than every 20 ms"
4734,Joystick 10 Button 9 Pressed Status,BJM10,bit,0 to 3,,0.0,3.0,1.0,0.0,62,63,2,8,"Every 100 ms and on change of state, but no faster than every 20 ms. Grandfathered definition for systems that implemented this message prior to July, 2010: Every 100 ms or on change of state, but no faster than every 20 ms"
4735,Joystick 10 Grip X-Axis Neutral Position Status,EJM10,bit,0 to 3,,0.0,3.0,1.0,0.0,0,1,2,8,"Every 100 ms and on change of state, but no faster than every 20 ms.  Grandfathered definition for systems that implemented this message prior to July, 2010: Every 100 ms or on change of state, but no faster than every 20 ms"
4736,Joystick 10 Grip X-Axis Lever Left Negative Position Status,EJM10,bit,0 to 3,,0.0,3.0,1.0,0.0,2,3,2,8,"Every 100 ms and on change of state, but no faster than every 20 ms.  Grandfathered definition for systems that implemented this message prior to July, 2010: Every 100 ms or on change of state, but no faster than every 20 ms"
4737,Joystick 10 Grip X-Axis Lever Right Positive Position Status,EJM10,bit,0 to 3,,0.0,3.0,1.0,0.0,4,5,2,8,"Every 100 ms and on change of state, but no faster than every 20 ms.  Grandfathered definition for systems that implemented this message prior to July, 2010: Every 100 ms or on change of state, but no faster than every 20 ms"
4738,Joystick 10 Grip X-Axis Position,EJM10,%,0 to 102 %,,0.0,102.0,0.1,0.0,6,15,10,8,"Every 100 ms and on change of state, but no faster than every 20 ms.  Grandfathered definition for systems that implemented this message prior to July, 2010: Every 100 ms or on change of state, but no faster than every 20 ms"
4739,Joystick 10 Grip Y-Axis Neutral Position Status,EJM10,bit,0 to 3,,0.0,3.0,1.0,0.0,16,17,2,8,"Every 100 ms and on change of state, but no faster than every 20 ms.  Grandfathered definition for systems that implemented this message prior to July, 2010: Every 100 ms or on change of state, but no faster than every 20 ms"
4740,Joystick 10 Grip Y-Axis Lever Back Negative Position Status,EJM10,bit,0 to 3,,0.0,3.0,1.0,0.0,18,19,2,8,"Every 100 ms and on change of state, but no faster than every 20 ms.  Grandfathered definition for systems that implemented this message prior to July, 2010: Every 100 ms or on change of state, but no faster than every 20 ms"
4741,Joystick 10 Grip Y-Axis Lever Forward Positive Position Status,EJM10,bit,0 to 3,,0.0,3.0,1.0,0.0,20,21,2,8,"Every 100 ms and on change of state, but no faster than every 20 ms.  Grandfathered definition for systems that implemented this message prior to July, 2010: Every 100 ms or on change of state, but no faster than every 20 ms"
4742,Joystick 10 Grip Y-Axis Position,EJM10,%,0 to 102 %,,0.0,102.0,0.1,0.0,22,31,10,8,"Every 100 ms and on change of state, but no faster than every 20 ms.  Grandfathered definition for systems that implemented this message prior to July, 2010: Every 100 ms or on change of state, but no faster than every 20 ms"
4743,Joystick 10 Theta-Axis Neutral Position Status,EJM10,bit,0 to 3,,0.0,3.0,1.0,0.0,32,33,2,8,"Every 100 ms and on change of state, but no faster than every 20 ms.  Grandfathered definition for systems that implemented this message prior to July, 2010: Every 100 ms or on change of state, but no faster than every 20 ms"
4744,Joystick 10 Theta-Axis Counter Clockwise Negative Position Status,EJM10,bit,0 to 3,,0.0,3.0,1.0,0.0,34,35,2,8,"Every 100 ms and on change of state, but no faster than every 20 ms.  Grandfathered definition for systems that implemented this message prior to July, 2010: Every 100 ms or on change of state, but no faster than every 20 ms"
4745,Joystick 10 Theta-Axis Clockwise Positive Position Status,EJM10,bit,0 to 3,,0.0,3.0,1.0,0.0,36,37,2,8,"Every 100 ms and on change of state, but no faster than every 20 ms.  Grandfathered definition for systems that implemented this message prior to July, 2010: Every 100 ms or on change of state, but no faster than every 20 ms"
4746,Joystick 10 Theta-Axis Position,EJM10,%,0 to 102 %,,0.0,102.0,0.1,0.0,38,47,10,8,"Every 100 ms and on change of state, but no faster than every 20 ms.  Grandfathered definition for systems that implemented this message prior to July, 2010: Every 100 ms or on change of state, but no faster than every 20 ms"
4747,Joystick 10 Theta-Axis Detent Position Status,EJM10,bit,0 to 3,,0.0,3.0,1.0,0.0,50,51,2,8,"Every 100 ms and on change of state, but no faster than every 20 ms.  Grandfathered definition for systems that implemented this message prior to July, 2010: Every 100 ms or on change of state, but no faster than every 20 ms"
4748,Joystick 10 Grip Y-Axis Detent Position Status,EJM10,bit,0 to 3,,0.0,3.0,1.0,0.0,52,53,2,8,"Every 100 ms and on change of state, but no faster than every 20 ms.  Grandfathered definition for systems that implemented this message prior to July, 2010: Every 100 ms or on change of state, but no faster than every 20 ms"
4749,Joystick 10 Grip X-Axis Detent Position Status,EJM10,bit,0 to 3,,0.0,3.0,1.0,0.0,54,55,2,8,"Every 100 ms and on change of state, but no faster than every 20 ms.  Grandfathered definition for systems that implemented this message prior to July, 2010: Every 100 ms or on change of state, but no faster than every 20 ms"
4750,Engine Exhaust Gas Recirculation 1 (EGR1) Cooler Intake Temperature,EEC8,deg F,-459.40000000000003 to 3154.94375 deg F,,-459.40000000000003,3154.94375,0.05625,-459.40000000000003,16,31,16,8,On request
4751,Engine Exhaust Gas Recirculation 1 (EGR1) Cooler Intake Gas Absolute Pressure,EEC8,psi,0.0 to 4659.699927595 psi,,0.0,4659.699927595,0.072518869,0.0,32,47,16,8,On request
4752,Engine Exhaust Gas Recirculation 1 (EGR1) Cooler Efficiency,EEC8,%,0 to 100 %,,0.0,100.0,0.4,0.0,48,55,8,8,On request
4753,Aftertreatment 1 Gas Oxidation Catalyst Intake Gas Temperature,A1GOC,deg F,-459.40000000000003 to 3154.94375 deg F,,-459.40000000000003,3154.94375,0.05625,-459.40000000000003,0,15,16,8,500 ms
4754,Aftertreatment 1 Gas Oxidation Catalyst Outlet Gas Temperature,A1GOC,deg F,-459.40000000000003 to 3154.94375 deg F,,-459.40000000000003,3154.94375,0.05625,-459.40000000000003,16,31,16,8,500 ms
4755,Aftertreatment 1 Gas Oxidation Catalyst Differential Pressure,A1GOC,psi,0.0 to 931.939985519 psi,,0.0,931.939985519,0.0145037738,0.0,32,47,16,8,500 ms
4756,Aftertreatment 1 Gas Oxidation Catalyst Intake Gas Temperature Preliminary FMI,A1GOC,binary,0 to 31,,0.0,31.0,-3.0,0.0,48,52,5,8,500 ms
4757,Aftertreatment 1 Gas Oxidation Catalyst Outlet Gas Temperature Preliminary FMI,A1GOC,binary,0 to 31,,0.0,31.0,-3.0,0.0,53,56,5,8,500 ms
4758,Aftertreatment 1 Gas Oxidation Catalyst Differential Pressure Preliminary FMI,A1GOC,binary,0 to 31,,0.0,31.0,-3.0,0.0,58,62,5,8,500 ms
4759,Aftertreatment 2 Gas Oxidation Catalyst Intake Gas Temperature,A2GOC,deg F,-459.40000000000003 to 3154.94375 deg F,,-459.40000000000003,3154.94375,0.05625,-459.40000000000003,0,15,16,8,500 ms
4760,Aftertreatment 2 Gas Oxidation Catalyst Outlet Gas Temperature,A2GOC,deg F,-459.40000000000003 to 3154.94375 deg F,,-459.40000000000003,3154.94375,0.05625,-459.40000000000003,16,31,16,8,500 ms
4761,Aftertreatment 2 Gas Oxidation Catalyst Differential Pressure,A2GOC,psi,0.0 to 931.939985519 psi,,0.0,931.939985519,0.0145037738,0.0,32,47,16,8,500 ms
4762,Aftertreatment 2 Gas Oxidation Catalyst Intake Gas Temperature Preliminary FMI,A2GOC,binary,0 to 31,,0.0,31.0,-3.0,0.0,48,52,5,8,500 ms
4763,Aftertreatment 2 Gas Oxidation Catalyst Outlet Gas Temperature Preliminary FMI,A2GOC,binary,0 to 31,,0.0,31.0,-3.0,0.0,53,56,5,8,500 ms
4764,Aftertreatment 2 Gas Oxidation Catalyst Differential Pressure Preliminary FMI,A2GOC,binary,0 to 31,,0.0,31.0,-3.0,0.0,58,62,5,8,500 ms
4765,Aftertreatment 1 Diesel Oxidation Catalyst Intake Gas Temperature,A1DOC,deg F,-459.40000000000003 to 3154.94375 deg F,,-459.40000000000003,3154.94375,0.05625,-459.40000000000003,0,15,16,8,500 ms
4766,Aftertreatment 1 Diesel Oxidation Catalyst Outlet Gas Temperature,A1DOC,deg F,-459.40000000000003 to 3154.94375 deg F,,-459.40000000000003,3154.94375,0.05625,-459.40000000000003,16,31,16,8,500 ms
4767,Aftertreatment 1 Diesel Oxidation Catalyst Differential Pressure,A1DOC,psi,0.0 to 931.939985519 psi,,0.0,931.939985519,0.0145037738,0.0,32,47,16,8,500 ms
4768,Aftertreatment 1 Diesel Oxidation Catalyst Intake Gas Temperature Preliminary FMI,A1DOC,binary,0 to 31,,0.0,31.0,-3.0,0.0,48,52,5,8,500 ms
4769,Aftertreatment 1 Diesel Oxidation Catalyst Outlet Gas Temperature Preliminary FMI,A1DOC,binary,0 to 31,,0.0,31.0,-3.0,0.0,53,56,5,8,500 ms
4770,Aftertreatment 1 Diesel Oxidation Catalyst Differential Pressure Preliminary FMI,A1DOC,binary,0 to 31,,0.0,31.0,-3.0,0.0,58,62,5,8,500 ms
4771,Aftertreatment 2 Diesel Oxidation Catalyst Intake Gas Temperature,A2DOC,deg F,-459.40000000000003 to 3154.94375 deg F,,-459.40000000000003,3154.94375,0.05625,-459.40000000000003,0,15,16,8,500 ms
4772,Aftertreatment 2 Diesel Oxidation Catalyst Outlet Gas Temperature,A2DOC,deg F,-459.40000000000003 to 3154.94375 deg F,,-459.40000000000003,3154.94375,0.05625,-459.40000000000003,16,31,16,8,500 ms
4773,Aftertreatment 2 Diesel Oxidation Catalyst Differential Pressure,A2DOC,psi,0.0 to 4659.699927595 psi,,0.0,4659.699927595,0.072518869,0.0,32,47,16,8,500 ms
4774,Aftertreatment 2 Diesel Oxidation Catalyst Intake Gas Temperature Preliminary FMI,A2DOC,binary,0 to 31,,0.0,31.0,-3.0,0.0,48,52,5,8,500 ms
4775,Aftertreatment 2 Diesel Oxidation Catalyst Outlet Gas Temperature Preliminary FMI,A2DOC,binary,0 to 31,,0.0,31.0,-3.0,0.0,53,56,5,8,500 ms
4776,Aftertreatment 2 Diesel Oxidation Catalyst Differential Pressure Preliminary FMI,A2DOC,binary,0 to 31,,0.0,31.0,-3.0,0.0,58,62,5,8,500 ms
4777,Aftertreatment 1 Gas Oxidation Catalyst Differential Gas Temperature,ATDT1,deg F,-459.40000000000003 to 3154.94375 deg F,,-459.40000000000003,3154.94375,0.05625,-459.40000000000003,0,15,16,8,On request
4778,Aftertreatment 2 Gas Oxidation Catalyst Differential Gas Temperature,ATDT1,deg F,-459.40000000000003 to 3154.94375 deg F,,-459.40000000000003,3154.94375,0.05625,-459.40000000000003,16,31,16,8,On request
4779,Aftertreatment 1 Three Way Catalyst Differential Gas Temperature,ATDT2,deg F,-459.40000000000003 to 3154.94375 deg F,,-459.40000000000003,3154.94375,0.05625,-459.40000000000003,0,15,16,8,On request
4780,Aftertreatment 2 Three Way Catalyst Differential Gas Temperature,ATDT2,deg F,-459.40000000000003 to 3154.94375 deg F,,-459.40000000000003,3154.94375,0.05625,-459.40000000000003,16,31,16,8,On request
4781,DPF 1 Soot Mass,DPF1S,g,0 to 1000 g,,0.0,1000.0,4.0,0.0,0,7,8,8,1 sec
4782,DPF 1 Soot Density,DPF1S,g/L,0 to 20.0 g/L,,0.0,20.0,0.08,0.0,8,15,8,8,1 sec
4783,DPF 1 Mean Soot Signal,DPF1S,%,0 to 160.6375 %,,0.0,160.6375,0.0025,0.0,16,31,16,8,1 sec
4784,DPF 1 Median Soot Signal,DPF1S,%,0 to 160.6375 %,,0.0,160.6375,0.0025,0.0,32,47,16,8,1 sec
4785,DPF 1 Soot Sensor Preliminary FMI,DPF1S,binary,0 to 31,,0.0,31.0,-3.0,0.0,48,52,5,8,1 sec
4786,DPF 2 Soot Mass,DPF2S,g,0 to 1000 g,,0.0,1000.0,4.0,0.0,0,7,8,8,1 sec
4787,DPF 2 Soot Density,DPF2S,g/L,0 to 20.0 g/L,,0.0,20.0,0.08,0.0,8,15,8,8,1 sec
4788,DPF 2 Mean Soot Signal,DPF2S,%,0 to 160.6375 %,,0.0,160.6375,0.0025,0.0,16,31,16,8,1 sec
4789,DPF 2 Median Soot Signal,DPF2S,%,0 to 160.6375 %,,0.0,160.6375,0.0025,0.0,32,47,16,8,1 sec
4790,DPF 2 Soot Sensor Preliminary FMI,DPF2S,binary,0 to 31,,0.0,31.0,-3.0,0.0,48,52,5,8,1 sec
4809,Aftertreatment 1 Warm Up Diesel Oxidation Catalyst Intake Temperature,AT1WUDOC,deg F,-459.40000000000003 to 3154.94375 deg F,,-459.40000000000003,3154.94375,0.05625,-459.40000000000003,0,15,16,8,500 ms
4810,Aftertreatment 1 Warm Up Diesel Oxidation Catalyst Outlet Temperature,AT1WUDOC,deg F,-459.40000000000003 to 3154.94375 deg F,,-459.40000000000003,3154.94375,0.05625,-459.40000000000003,16,31,16,8,500 ms
4816,Transmission Torque Converter Lockup Transition in Process,ETC1,bit,0 to 3,,0.0,3.0,1.0,0.0,6,7,2,8,10 ms
4817,Engine Intake Manifold #1 Absolute Pressure (High Resolution),IC2,psi,0.0 to 931.939985519 psi,,0.0,931.939985519,0.0145037738,0.0,40,55,16,8,0.5 s
4818,Driver Airbag Ignitor Loop 1st Stage - Resistance,ILI,ohm,0 to 6425.5 ohm,,0.0,6425.5,0.1,0.0,0,15,16,Variable,On request
4819,Passenger Airbag Ignitor Loop 1st Stage - Resistance,ILI,ohm,0 to 6425.5 ohm,,0.0,6425.5,0.1,0.0,16,31,16,Variable,On request
4820,Driver Airbag Ignitor Loop 2nd Stage - Resistance,ILI,ohm,0 to 6425.5 ohm,,0.0,6425.5,0.1,0.0,32,47,16,Variable,On request
4821,Passenger Airbag Ignitor Loop 2nd Stage - Resistance,ILI,ohm,0 to 6425.5 ohm,,0.0,6425.5,0.1,0.0,48,63,16,Variable,On request
4822,Driver Belt Tensioner Ignitior Loop - Resistance,ILI,ohm,0 to 6425.5 ohm,,0.0,6425.5,0.1,0.0,64,79,16,Variable,On request
4823,Passenger Belt Tensioner Ignitor Loop - Resistance,ILI,ohm,0 to 6425.5 ohm,,0.0,6425.5,0.1,0.0,80,95,16,Variable,On request
4824,Side Bag Ignitor Loop 1 - Left - Resistance,ILI,ohm,0 to 6425.5 ohm,,0.0,6425.5,0.1,0.0,96,111,16,Variable,On request
4825,Side Bag Ignitor Loop 2 - Left - Resistance,ILI,ohm,0 to 6425.5 ohm,,0.0,6425.5,0.1,0.0,112,127,16,Variable,On request
4826,Side Bag Ignitor Loop 1 - Right - Resistance,ILI,ohm,0 to 6425.5 ohm,,0.0,6425.5,0.1,0.0,128,143,16,Variable,On request
4827,Side Bag Ignitor Loop 2 - Right - Resistance,ILI,ohm,0 to 6425.5 ohm,,0.0,6425.5,0.1,0.0,144,159,16,Variable,On request
4828,Special Ignitor Loop 1 - Resistance,ILI,ohm,0 to 6425.5 ohm,,0.0,6425.5,0.1,0.0,160,175,16,Variable,On request
4829,Special Ignitor Loop 2 - Resistance,ILI,ohm,0 to 6425.5 ohm,,0.0,6425.5,0.1,0.0,176,191,16,Variable,On request
4830,Special Ignitor Loop 3 - Resistance,ILI,ohm,0 to 6425.5 ohm,,0.0,6425.5,0.1,0.0,192,207,16,Variable,On request
4831,Special Ignitor Loop 4 - Resistance,ILI,ohm,0 to 6425.5 ohm,,0.0,6425.5,0.1,0.0,208,223,16,Variable,On request
4832,Special Ignitor Loop 5 - Resistance,ILI,ohm,0 to 6425.5 ohm,,0.0,6425.5,0.1,0.0,224,239,16,Variable,On request
4833,Special Ignitor Loop 6 - Resistance,ILI,ohm,0 to 6425.5 ohm,,0.0,6425.5,0.1,0.0,240,255,16,Variable,On request
4834,Special Ignitor Loop 7 - Resistance,ILI,ohm,0 to 6425.5 ohm,,0.0,6425.5,0.1,0.0,256,271,16,Variable,On request
4835,Special Ignitor Loop 8 - Resistance,ILI,ohm,0 to 6425.5 ohm,,0.0,6425.5,0.1,0.0,272,287,16,Variable,On request
4836,Special Ignitor Loop 9 - Resistance,ILI,ohm,0 to 6425.5 ohm,,0.0,6425.5,0.1,0.0,288,303,16,Variable,On request
4837,Special Ignitor Loop 10 - Resistance,ILI,ohm,0 to 6425.5 ohm,,0.0,6425.5,0.1,0.0,304,319,16,Variable,On request
4838,Special Ignitor Loop 11 - Resistance,ILI,ohm,0 to 6425.5 ohm,,0.0,6425.5,0.1,0.0,320,335,16,Variable,On request
4839,Special Ignitor Loop 12 - Resistance,ILI,ohm,0 to 6425.5 ohm,,0.0,6425.5,0.1,0.0,336,351,16,Variable,On request
4840,Special Ignitor Loop 13 - Resistance,ILI,ohm,0 to 6425.5 ohm,,0.0,6425.5,0.1,0.0,352,367,16,Variable,On request
4841,Special Ignitor Loop 14 - Resistance,ILI,ohm,0 to 6425.5 ohm,,0.0,6425.5,0.1,0.0,368,383,16,Variable,On request
4842,Special Ignitor Loop 15 - Resistance,ILI,ohm,0 to 6425.5 ohm,,0.0,6425.5,0.1,0.0,384,399,16,Variable,On request
4843,Special Ignitor Loop 16 - Resistance,ILI,ohm,0 to 6425.5 ohm,,0.0,6425.5,0.1,0.0,400,415,16,Variable,On request
4844,Special Ignitor Loop 17 - Resistance,ILI,ohm,0 to 6425.5 ohm,,0.0,6425.5,0.1,0.0,416,431,16,Variable,On request
4845,Special Ignitor Loop 18 - Resistance,ILI,ohm,0 to 6425.5 ohm,,0.0,6425.5,0.1,0.0,432,447,16,Variable,On request
4846,Special Ignitor Loop 19 - Resistance,ILI,ohm,0 to 6425.5 ohm,,0.0,6425.5,0.1,0.0,448,463,16,Variable,On request
4847,Special Ignitor Loop 20 - Resistance,ILI,ohm,0 to 6425.5 ohm,,0.0,6425.5,0.1,0.0,464,479,16,Variable,On request
4848,Special Ignitor Loop 21 - Resistance,ILI,ohm,0 to 6425.5 ohm,,0.0,6425.5,0.1,0.0,480,495,16,Variable,On request
4849,Special Ignitor Loop 22 - Resistance,ILI,ohm,0 to 6425.5 ohm,,0.0,6425.5,0.1,0.0,496,511,16,Variable,On request
4850,Special Ignitor Loop 23 - Resistance,ILI,ohm,0 to 6425.5 ohm,,0.0,6425.5,0.1,0.0,512,527,16,Variable,On request
4851,Special Ignitor Loop 24 - Resistance,ILI,ohm,0 to 6425.5 ohm,,0.0,6425.5,0.1,0.0,528,543,16,Variable,On request
4852,Special Ignitor Loop 25 - Resistance,ILI,ohm,0 to 6425.5 ohm,,0.0,6425.5,0.1,0.0,544,559,16,Variable,On request
4853,Special Ignitor Loop 26 - Resistance,ILI,ohm,0 to 6425.5 ohm,,0.0,6425.5,0.1,0.0,560,575,16,Variable,On request
4854,Special Ignitor Loop 27 - Resistance,ILI,ohm,0 to 6425.5 ohm,,0.0,6425.5,0.1,0.0,576,591,16,Variable,On request
4855,Special Ignitor Loop 28 - Resistance,ILI,ohm,0 to 6425.5 ohm,,0.0,6425.5,0.1,0.0,592,607,16,Variable,On request
4856,Special Ignitor Loop 29 - Resistance,ILI,ohm,0 to 6425.5 ohm,,0.0,6425.5,0.1,0.0,608,623,16,Variable,On request
4857,Special Ignitor Loop 30 - Resistance,ILI,ohm,0 to 6425.5 ohm,,0.0,6425.5,0.1,0.0,624,639,16,Variable,On request
4858,Special Ignitor Loop 31 - Resistance,ILI,ohm,0 to 6425.5 ohm,,0.0,6425.5,0.1,0.0,640,655,16,Variable,On request
4859,Special Ignitor Loop 32 - Resistance,ILI,ohm,0 to 6425.5 ohm,,0.0,6425.5,0.1,0.0,656,671,16,Variable,On request
4860,Special Ignitor Loop 33 - Resistance,ILI,ohm,0 to 6425.5 ohm,,0.0,6425.5,0.1,0.0,672,687,16,Variable,On request
4861,Special Ignitor Loop 34 - Resistance,ILI,ohm,0 to 6425.5 ohm,,0.0,6425.5,0.1,0.0,688,703,16,Variable,On request
4862,Special Ignitor Loop 35 - Resistance,ILI,ohm,0 to 6425.5 ohm,,0.0,6425.5,0.1,0.0,704,719,16,Variable,On request
4863,Special Ignitor Loop 36 - Resistance,ILI,ohm,0 to 6425.5 ohm,,0.0,6425.5,0.1,0.0,720,735,16,Variable,On request
4864,Special Ignitor Loop 37 - Resistance,ILI,ohm,0 to 6425.5 ohm,,0.0,6425.5,0.1,0.0,736,751,16,Variable,On request
4865,Special Ignitor Loop 38 - Resistance,ILI,ohm,0 to 6425.5 ohm,,0.0,6425.5,0.1,0.0,752,767,16,Variable,On request
4866,Special Ignitor Loop 39 - Resistance,ILI,ohm,0 to 6425.5 ohm,,0.0,6425.5,0.1,0.0,768,783,16,Variable,On request
4867,Special Ignitor Loop 40 - Resistance,ILI,ohm,0 to 6425.5 ohm,,0.0,6425.5,0.1,0.0,784,799,16,Variable,On request
4868,Special Ignitor Loop 41 - Resistance,ILI,ohm,0 to 6425.5 ohm,,0.0,6425.5,0.1,0.0,800,815,16,Variable,On request
4869,Special Ignitor Loop 42 - Resistance,ILI,ohm,0 to 6425.5 ohm,,0.0,6425.5,0.1,0.0,816,831,16,Variable,On request
4870,Special Ignitor Loop 43 - Resistance,ILI,ohm,0 to 6425.5 ohm,,0.0,6425.5,0.1,0.0,832,847,16,Variable,On request
4871,Special Ignitor Loop 44 - Resistance,ILI,ohm,0 to 6425.5 ohm,,0.0,6425.5,0.1,0.0,848,863,16,Variable,On request
4872,Special Ignitor Loop 45 - Resistance,ILI,ohm,0 to 6425.5 ohm,,0.0,6425.5,0.1,0.0,864,879,16,Variable,On request
4873,Special Ignitor Loop 46 - Resistance,ILI,ohm,0 to 6425.5 ohm,,0.0,6425.5,0.1,0.0,880,895,16,Variable,On request
4874,Special Ignitor Loop 47 - Resistance,ILI,ohm,0 to 6425.5 ohm,,0.0,6425.5,0.1,0.0,896,911,16,Variable,On request
4875,Special Ignitor Loop 48 - Resistance,ILI,ohm,0 to 6425.5 ohm,,0.0,6425.5,0.1,0.0,912,927,16,Variable,On request
4876,Special Ignitor Loop 49 - Resistance,ILI,ohm,0 to 6425.5 ohm,,0.0,6425.5,0.1,0.0,928,943,16,Variable,On request
4877,Special Ignitor Loop 50 - Resistance,ILI,ohm,0 to 6425.5 ohm,,0.0,6425.5,0.1,0.0,944,959,16,Variable,On request
4878,Special Ignitor Loop 51 - Resistance,ILI,ohm,0 to 6425.5 ohm,,0.0,6425.5,0.1,0.0,960,975,16,Variable,On request
4879,Special Ignitor Loop 52 - Resistance,ILI,ohm,0 to 6425.5 ohm,,0.0,6425.5,0.1,0.0,976,991,16,Variable,On request
4880,Special Ignitor Loop 53 - Resistance,ILI,ohm,0 to 6425.5 ohm,,0.0,6425.5,0.1,0.0,992,1007,16,Variable,On request
4881,Special Ignitor Loop 54 - Resistance,ILI,ohm,0 to 6425.5 ohm,,0.0,6425.5,0.1,0.0,1008,1023,16,Variable,On request
4882,Special Ignitor Loop 55 - Resistance,ILI,ohm,0 to 6425.5 ohm,,0.0,6425.5,0.1,0.0,1024,1039,16,Variable,On request
4883,Special Ignitor Loop 56 - Resistance,ILI,ohm,0 to 6425.5 ohm,,0.0,6425.5,0.1,0.0,1040,1055,16,Variable,On request
4884,Special Ignitor Loop 57 - Resistance,ILI,ohm,0 to 6425.5 ohm,,0.0,6425.5,0.1,0.0,1056,1071,16,Variable,On request
4885,Special Ignitor Loop 58 - Resistance,ILI,ohm,0 to 6425.5 ohm,,0.0,6425.5,0.1,0.0,1072,1087,16,Variable,On request
4886,Special Ignitor Loop 59 - Resistance,ILI,ohm,0 to 6425.5 ohm,,0.0,6425.5,0.1,0.0,1088,1103,16,Variable,On request
4887,Special Ignitor Loop 60 - Resistance,ILI,ohm,0 to 6425.5 ohm,,0.0,6425.5,0.1,0.0,1104,1119,16,Variable,On request
4888,Special Ignitor Loop 61 - Resistance,ILI,ohm,0 to 6425.5 ohm,,0.0,6425.5,0.1,0.0,1120,1135,16,Variable,On request
4889,Special Ignitor Loop 62 - Resistance,ILI,ohm,0 to 6425.5 ohm,,0.0,6425.5,0.1,0.0,1136,1151,16,Variable,On request
4890,Special Ignitor Loop 63 - Resistance,ILI,ohm,0 to 6425.5 ohm,,0.0,6425.5,0.1,0.0,1152,1167,16,Variable,On request
4891,Special Ignitor Loop 64 - Resistance,ILI,ohm,0 to 6425.5 ohm,,0.0,6425.5,0.1,0.0,1168,1183,16,Variable,On request
4892,Special Ignitor Loop 65 - Resistance,ILI,ohm,0 to 6425.5 ohm,,0.0,6425.5,0.1,0.0,1184,1199,16,Variable,On request
4893,Special Ignitor Loop 66 - Resistance,ILI,ohm,0 to 6425.5 ohm,,0.0,6425.5,0.1,0.0,1200,1215,16,Variable,On request
4894,Special Ignitor Loop 67 - Resistance,ILI,ohm,0 to 6425.5 ohm,,0.0,6425.5,0.1,0.0,1216,1231,16,Variable,On request
4895,Special Ignitor Loop 68 - Resistance,ILI,ohm,0 to 6425.5 ohm,,0.0,6425.5,0.1,0.0,1232,1247,16,Variable,On request
4896,Special Ignitor Loop 69 - Resistance,ILI,ohm,0 to 6425.5 ohm,,0.0,6425.5,0.1,0.0,1248,1263,16,Variable,On request
4897,Special Ignitor Loop 70 - Resistance,ILI,ohm,0 to 6425.5 ohm,,0.0,6425.5,0.1,0.0,1264,1279,16,Variable,On request
4898,Special Ignitor Loop 71 - Resistance,ILI,ohm,0 to 6425.5 ohm,,0.0,6425.5,0.1,0.0,1280,1295,16,Variable,On request
4899,Special Ignitor Loop 72 - Resistance,ILI,ohm,0 to 6425.5 ohm,,0.0,6425.5,0.1,0.0,1296,1311,16,Variable,On request
4900,Special Ignitor Loop 73 - Resistance,ILI,ohm,0 to 6425.5 ohm,,0.0,6425.5,0.1,0.0,1312,1327,16,Variable,On request
4901,Special Ignitor Loop 74 - Resistance,ILI,ohm,0 to 6425.5 ohm,,0.0,6425.5,0.1,0.0,1328,1343,16,Variable,On request
4902,Special Ignitor Loop 75 - Resistance,ILI,ohm,0 to 6425.5 ohm,,0.0,6425.5,0.1,0.0,1344,1359,16,Variable,On request
4903,Special Ignitor Loop 76 - Resistance,ILI,ohm,0 to 6425.5 ohm,,0.0,6425.5,0.1,0.0,1360,1375,16,Variable,On request
4904,Special Ignitor Loop 77 - Resistance,ILI,ohm,0 to 6425.5 ohm,,0.0,6425.5,0.1,0.0,1376,1391,16,Variable,On request
4905,Special Ignitor Loop 78 - Resistance,ILI,ohm,0 to 6425.5 ohm,,0.0,6425.5,0.1,0.0,1392,1407,16,Variable,On request
4906,Special Ignitor Loop 79 - Resistance,ILI,ohm,0 to 6425.5 ohm,,0.0,6425.5,0.1,0.0,1408,1423,16,Variable,On request
4907,Special Ignitor Loop 80 - Resistance,ILI,ohm,0 to 6425.5 ohm,,0.0,6425.5,0.1,0.0,1424,1439,16,Variable,On request
4908,Special Ignitor Loop 81 - Resistance,ILI,ohm,0 to 6425.5 ohm,,0.0,6425.5,0.1,0.0,1440,1455,16,Variable,On request
4909,Special Ignitor Loop 82 - Resistance,ILI,ohm,0 to 6425.5 ohm,,0.0,6425.5,0.1,0.0,1456,1471,16,Variable,On request
4910,Special Ignitor Loop 83 - Resistance,ILI,ohm,0 to 6425.5 ohm,,0.0,6425.5,0.1,0.0,1472,1487,16,Variable,On request
4911,Special Ignitor Loop 84 - Resistance,ILI,ohm,0 to 6425.5 ohm,,0.0,6425.5,0.1,0.0,1488,1503,16,Variable,On request
4912,Special Ignitor Loop 85 - Resistance,ILI,ohm,0 to 6425.5 ohm,,0.0,6425.5,0.1,0.0,1504,1519,16,Variable,On request
4913,Special Ignitor Loop 86 - Resistance,ILI,ohm,0 to 6425.5 ohm,,0.0,6425.5,0.1,0.0,1520,1535,16,Variable,On request
4914,Special Ignitor Loop 87 - Resistance,ILI,ohm,0 to 6425.5 ohm,,0.0,6425.5,0.1,0.0,1536,1551,16,Variable,On request
4915,Special Ignitor Loop 88 - Resistance,ILI,ohm,0 to 6425.5 ohm,,0.0,6425.5,0.1,0.0,1552,1567,16,Variable,On request
4916,Special Ignitor Loop 89 - Resistance,ILI,ohm,0 to 6425.5 ohm,,0.0,6425.5,0.1,0.0,1568,1583,16,Variable,On request
4917,Special Ignitor Loop 90 - Resistance,ILI,ohm,0 to 6425.5 ohm,,0.0,6425.5,0.1,0.0,1584,1599,16,Variable,On request
4918,Frontal Collision Sensor 1 - Type,CSI,bit,0 to 15,,0.0,15.0,1.0,0.0,0,3,4,Variable,On request
4919,Frontal Collision Sensor 2 - Type,CSI,bit,0 to 15,,0.0,15.0,1.0,0.0,4,7,4,Variable,On request
4920,Frontal Collision Sensor 3 - Type,CSI,bit,0 to 15,,0.0,15.0,1.0,0.0,8,11,4,Variable,On request
4921,Frontal Collision Sensor 4 - Type,CSI,bit,0 to 15,,0.0,15.0,1.0,0.0,12,15,4,Variable,On request
4922,Side Collision Sensor Front Left - Type,CSI,bit,0 to 15,,0.0,15.0,1.0,0.0,16,19,4,Variable,On request
4923,Side Collision Sensor Mid Front Left - Type,CSI,bit,0 to 15,,0.0,15.0,1.0,0.0,20,23,4,Variable,On request
4924,Side Collision Sensor Mid Rear Left - Type,CSI,bit,0 to 15,,0.0,15.0,1.0,0.0,24,27,4,Variable,On request
4925,Side Collision Sensor Rear Left - Type,CSI,bit,0 to 15,,0.0,15.0,1.0,0.0,28,31,4,Variable,On request
4926,Side Collision Sensor Front Right - Type,CSI,bit,0 to 15,,0.0,15.0,1.0,0.0,32,35,4,Variable,On request
4927,Side Collision Sensor Mid Front Right - Type,CSI,bit,0 to 15,,0.0,15.0,1.0,0.0,36,39,4,Variable,On request
4928,Side Collision Sensor Mid Rear Right - Type,CSI,bit,0 to 15,,0.0,15.0,1.0,0.0,40,43,4,Variable,On request
4929,Side Collision Sensor Rear Right - Type,CSI,bit,0 to 15,,0.0,15.0,1.0,0.0,44,47,4,Variable,On request
4930,Rear Collision Sensor 1 - Type,CSI,bit,0 to 15,,0.0,15.0,1.0,0.0,48,51,4,Variable,On request
4931,Rear Collision Sensor 2 - Type,CSI,bit,0 to 15,,0.0,15.0,1.0,0.0,52,55,4,Variable,On request
4932,Rear Collision Sensor 3 - Type,CSI,bit,0 to 15,,0.0,15.0,1.0,0.0,56,59,4,Variable,On request
4933,Rear Collision Sensor 4 - Type,CSI,bit,0 to 15,,0.0,15.0,1.0,0.0,60,63,4,Variable,On request
4934,Rollover Sensor - Type,CSI,bit,0 to 15,,0.0,15.0,1.0,0.0,64,67,4,Variable,On request
4935,Frontal Collision Sensor 1 - Serial Number,CSI,ASCII,0 to 255 per byte,,0.0,255.0,-2.0,0.0,-1,0,256,Variable,On request
4936,Frontal Collision Sensor 2 - Serial Number,CSI,ASCII,0 to 255 per byte,,0.0,255.0,-2.0,0.0,-1,-2,256,Variable,On request
4937,Frontal Collision Sensor 3 - Serial Number,CSI,ASCII,0 to 255 per byte,,0.0,255.0,-2.0,0.0,-1,-3,256,Variable,On request
4938,Frontal Collision Sensor 4 - Serial Number,CSI,ASCII,0 to 255 per byte,,0.0,255.0,-2.0,0.0,-1,-4,256,Variable,On request
4939,Side Collision Sensor Front Left - Serial Number,CSI,ASCII,0 to 255 per byte,,0.0,255.0,-2.0,0.0,-1,0,256,Variable,On request
4940,Side Collision Sensor Mid Front Left - Serial Number,CSI,ASCII,0 to 255 per byte,,0.0,255.0,-2.0,0.0,-1,0,256,Variable,On request
4941,Side Collision Sensor Mid Rear Left - Serial Number,CSI,ASCII,0 to 255 per byte,,0.0,255.0,-2.0,0.0,-1,0,256,Variable,On request
4942,Side Collision Sensor Rear Left - Serial Number,CSI,ASCII,0 to 255 per byte,,0.0,255.0,-2.0,0.0,-1,0,256,Variable,On request
4943,Side Collision Sensor Front Right - Serial Number,CSI,ASCII,0 to 255 per byte,,0.0,255.0,-2.0,0.0,-1,0,256,Variable,On request
4944,Side Collision Sensor Mid Front Right - Serial Number,CSI,ASCII,0 to 255 per byte,,0.0,255.0,-2.0,0.0,-1,0,256,Variable,On request
4945,Side Collision Sensor Mid Rear Right - Serial Number,CSI,ASCII,0 to 255 per byte,,0.0,255.0,-2.0,0.0,-1,0,256,Variable,On request
4946,Side Collision Sensor Rear Right - Serial Number,CSI,ASCII,0 to 255 per byte,,0.0,255.0,-2.0,0.0,-1,0,256,Variable,On request
4947,Rear Collision Sensor 1 - Serial Number,CSI,ASCII,0 to 255 per byte,,0.0,255.0,-2.0,0.0,-1,0,256,Variable,On request
4948,Rear Collision Sensor 2 - Serial Number,CSI,ASCII,0 to 255 per byte,,0.0,255.0,-2.0,0.0,-1,0,256,Variable,On request
4949,Rear Collision Sensor 3 - Serial Number,CSI,ASCII,0 to 255 per byte,,0.0,255.0,-2.0,0.0,-1,0,256,Variable,On request
4950,Rear Collision Sensor 4 - Serial Number,CSI,ASCII,0 to 255 per byte,,0.0,255.0,-2.0,0.0,-1,0,256,Variable,On request
4951,Rollover Sensor - Serial Number,CSI,ASCII,0 to 255 per byte,,0.0,255.0,-2.0,0.0,-1,0,256,Variable,On request
4952,Driver Beltlock Status,BDS,bit,0 to 3,,0.0,3.0,1.0,0.0,0,1,2,8,250 msec
4953,Passenger Beltlock Status,BDS,bit,0 to 3,,0.0,3.0,1.0,0.0,2,3,2,8,250 msec
4954,Beltlock 3 Status,BDS,bit,0 to 3,,0.0,3.0,1.0,0.0,4,5,2,8,250 msec
4955,Beltlock 4 Status,BDS,bit,0 to 3,,0.0,3.0,1.0,0.0,6,7,2,8,250 msec
4956,Beltlock 5 Status,BDS,bit,0 to 3,,0.0,3.0,1.0,0.0,8,9,2,8,250 msec
4957,Beltlock 6 Status,BDS,bit,0 to 3,,0.0,3.0,1.0,0.0,10,11,2,8,250 msec
4958,Beltlock 7 Status,BDS,bit,0 to 3,,0.0,3.0,1.0,0.0,12,13,2,8,250 msec
4959,Beltlock 8 Status,BDS,bit,0 to 3,,0.0,3.0,1.0,0.0,14,15,2,8,250 msec
4960,Beltlock 9 Status,BDS,bit,0 to 3,,0.0,3.0,1.0,0.0,16,17,2,8,250 msec
4961,Beltlock 10 Status,BDS,bit,0 to 3,,0.0,3.0,1.0,0.0,18,19,2,8,250 msec
4962,Passenger Airbag Deactivation Switch Status,BDS,bit,0 to 3,,0.0,3.0,1.0,0.0,20,21,2,8,250 msec
4963,Driver Occupant Classification System Status,OCSI,bit,0 to 7,,0.0,7.0,1.0,0.0,0,2,3,8,Transmitted every 5 sec and on change of PGN 64791 but no faster than every 250 msec
4964,Passenger Occupant Classification System Status,OCSI,bit,0 to 7,,0.0,7.0,1.0,0.0,3,5,3,8,Transmitted every 5 sec and on change of PGN 64791 but no faster than every 250 msec
4965,Occupant Classification System 3 Status,OCSI,bit,0 to 3,,0.0,3.0,1.0,0.0,8,9,2,8,Transmitted every 5 sec and on change of PGN 64791 but no faster than every 250 msec
4966,Occupant Classification System 4 Status,OCSI,bit,0 to 3,,0.0,3.0,1.0,0.0,10,11,2,8,Transmitted every 5 sec and on change of PGN 64791 but no faster than every 250 msec
4967,Occupant Classification System 5 Status,OCSI,bit,0 to 3,,0.0,3.0,1.0,0.0,12,13,2,8,Transmitted every 5 sec and on change of PGN 64791 but no faster than every 250 msec
4968,Occupant Classification System 6 Status,OCSI,bit,0 to 3,,0.0,3.0,1.0,0.0,14,15,2,8,Transmitted every 5 sec and on change of PGN 64791 but no faster than every 250 msec
4969,Occupant Classification System 7 Status,OCSI,bit,0 to 3,,0.0,3.0,1.0,0.0,16,17,2,8,Transmitted every 5 sec and on change of PGN 64791 but no faster than every 250 msec
4970,Occupant Classification System 8 Status,OCSI,bit,0 to 3,,0.0,3.0,1.0,0.0,18,19,2,8,Transmitted every 5 sec and on change of PGN 64791 but no faster than every 250 msec
4971,Occupant Classification System 9 Status,OCSI,bit,0 to 3,,0.0,3.0,1.0,0.0,20,21,2,8,Transmitted every 5 sec and on change of PGN 64791 but no faster than every 250 msec
4972,Occupant Classification System 10 Status,OCSI,bit,0 to 3,,0.0,3.0,1.0,0.0,22,23,2,8,Transmitted every 5 sec and on change of PGN 64791 but no faster than every 250 msec
4973,Crash Type,CN,bit-mapped,bit-mapped,,-1.0,-1.0,5.0,0.0,0,4,5,8,Transmitted every 20 msec for the first 100 msec and then broadcast every 1 sec for 10 sec in case of a crash event
4974,Crash Counter,CN,count,0 to 15,,0.0,15.0,1.0,0.0,56,59,4,8,Transmitted every 20 msec for the first 100 msec and then broadcast every 1 sec for 10 sec in case of a crash event
4975,Crash Checksum,CN,count,0 to 15,,0.0,15.0,1.0,0.0,60,63,4,8,Transmitted every 20 msec for the first 100 msec and then broadcast every 1 sec for 10 sec in case of a crash event
4976,Pitch Angle Extended Range,SSI2,deg,-250 to 250.9999 deg,,-250.0,250.9999,1.0,-250.0,0,23,24,8,10 ms
4977,Roll Angle Extended Range,SSI2,deg,-250 to 250.9999 deg,,-250.0,250.9999,1.0,-250.0,24,47,24,8,10 ms
4978,Pitch Angle Extended Range Compensation,SSI2,bit,0 to 3,,0.0,3.0,1.0,0.0,48,49,2,8,10 ms
4979,Pitch Angle Extended Range Figure of Merit,SSI2,bit,0 to 3,,0.0,3.0,1.0,0.0,50,51,2,8,10 ms
4980,Roll Angle Extended Range Compensation,SSI2,bit,0 to 3,,0.0,3.0,1.0,0.0,52,53,2,8,10 ms
4981,Roll Angle Extended Range Figure of Merit,SSI2,bit,0 to 3,,0.0,3.0,1.0,0.0,54,55,2,8,10 ms
4982,Roll and Pitch Extended Range Measurement Latency,SSI2,Milliseconds,0 to 125 ms,,0.0,125.0,0.5,0.0,56,63,8,8,10 ms
4983,Pitch Rate Extended Range,ARI,deg/sec,-250 to 250.992 deg/sec,,-250.0,250.992,1.0,-250.0,0,15,16,8,10 ms
4984,Roll Rate Extended Range,ARI,deg/sec,-250 to 250.992 deg/sec,,-250.0,250.992,1.0,-250.0,16,31,16,8,10 ms
4985,Yaw Rate Extended Range,ARI,deg/sec,-250 to 250.992 deg/sec,,-250.0,250.992,1.0,-250.0,32,47,16,8,10 ms
4986,Pitch Rate Extended Range Figure of Merit,ARI,bit,0 to 3,,0.0,3.0,1.0,0.0,48,49,2,8,10 ms
4987,Roll Rate Extended Range Figure of Merit,ARI,bit,0 to 3,,0.0,3.0,1.0,0.0,50,51,2,8,10 ms
4988,Yaw Rate Extended Range Figure of Merit,ARI,bit,0 to 3,,0.0,3.0,1.0,0.0,52,53,2,8,10 ms
4989,Angular Rate Measurement Latency,ARI,Milliseconds,0 to 125 ms,,0.0,125.0,0.5,0.0,56,63,8,8,10 ms
4990,Battery Charger 1 State,BCH1,bit,0 to 15,,0.0,15.0,1.0,0.0,0,3,4,8,1 sec
4991,Battery Charger 1 Power Line State,BCH1,bit,0 to 3,,0.0,3.0,1.0,0.0,4,5,2,8,1 sec
4992,Battery Charger 1 Output Voltage,BCH1,Volts,0 to 3212.75 V,,0.0,3212.75,0.05,0.0,8,23,16,8,1 sec
4993,Battery Charger 1 Output Current,BCH1,Amps,-1600 to 1612.75 A,,-1600.0,1612.75,0.05,-1600.0,24,39,16,8,1 sec
4994,Battery Charger 2 State,BCH2,bit,0 to 15,,0.0,15.0,1.0,0.0,0,3,4,8,1 sec
4995,Battery Charger 2 Power Line State,BCH2,bit,0 to 3,,0.0,3.0,1.0,0.0,4,5,2,8,1 sec
4996,Battery Charger 2 Output Voltage,BCH2,Volts,0 to 3212.75 V,,0.0,3212.75,0.05,0.0,8,23,16,8,1 sec
4997,Battery Charger 2 Output Current,BCH2,Amps,-1600 to 1612.75 A,,-1600.0,1612.75,0.05,-1600.0,24,39,16,8,1 sec
4998,Magnet Boost Time,MSCI,Seconds,0 to 62.5 s,,0.0,62.5,0.25,0.0,0,7,8,8,On request
4999,Magnet Rated Power,MSCI,hp,0.0 to 43083.687196475 hp,,0.0,43083.687196475,0.670511045,0.0,8,23,16,8,On request
5000,Generator Overheat Status,MSI1,bit,0 to 3,,0.0,3.0,1.0,0.0,0,1,2,8,500 ms
5001,Genset System Output Voltage Range Status,MSI1,bit,0 to 3,,0.0,3.0,1.0,0.0,2,3,2,8,500 ms
5002,Reverse Current Range Setting,MSI1,bit,0 to 31,,0.0,31.0,1.0,0.0,8,12,5,8,500 ms
5003,Grapple/Magnet Selection Switch,MSI1,bit,0 to 3,,0.0,3.0,1.0,0.0,4,5,2,8,500 ms
5004,Genset Softstart Active Status,MSI1,bit,0 to 3,,0.0,3.0,1.0,0.0,6,7,2,8,500 ms
5005,Genset Enable Active Status,MSI1,bit,0 to 3,,0.0,3.0,1.0,0.0,16,17,2,8,500 ms
5006,Voltage Monitor Active Status,MSI1,bit,0 to 3,,0.0,3.0,1.0,0.0,18,19,2,8,500 ms
5007,Generator Duty Cycle Exceeded Status,MSI1,bit,0 to 3,,0.0,3.0,1.0,0.0,20,21,2,8,500 ms
5008,Magnet Forward Current,MSI2,Amps,"0 to 64,255 Amps",,0.0,64255.0,1.0,0.0,0,15,16,8,50 ms
5009,Magnet Reverse Current,MSI2,Amps,0 to 250 A,,0.0,250.0,1.0,0.0,16,23,8,8,50 ms
5010,Material Lift Switch,MSI2,bit,0 to 3,,0.0,3.0,1.0,0.0,24,25,2,8,50 ms
5011,Material Drop Switch,MSI2,bit,0 to 3,,0.0,3.0,1.0,0.0,26,27,2,8,50 ms
5012,Generator Current Boost Active Status,MSI2,bit,0 to 3,,0.0,3.0,1.0,0.0,28,29,2,8,50 ms
5013,Material Lift Active Status,MSI2,bit,0 to 3,,0.0,3.0,1.0,0.0,30,31,2,8,50 ms
5014,Material Drop Active Status,MSI2,bit,0 to 3,,0.0,3.0,1.0,0.0,32,33,2,8,50 ms
5015,Momentary Engine Maximum Power Enable,ETC1,bit,0 to 3,,0.0,3.0,1.0,0.0,36,37,2,8,10 ms
5019,Engine Exhaust Gas Recirculation 1 Outlet Pressure,EFL/P3,psi,0.0 to 72.518869 psi,,0.0,72.518869,0.290075476,0.0,40,47,8,8,500 ms
5020,Engine Exhaust Gas Recirculation 1 Mixer Intake Temperature,ET4,deg F,-459.40000000000003 to 3154.94375 deg F,,-459.40000000000003,3154.94375,0.05625,-459.40000000000003,40,55,16,8,1 s
5021,Momentary Engine Maximum Power Enable Feedback,EEC2,bit,0 to 3,,0.0,3.0,1.0,0.0,42,43,2,8,50 msec (preferred) or Engine Speed Dependent (if required by application)
5022,Forward Collision Warning,ACC1,bit,0 to 3,,0.0,3.0,1.0,0.0,54,55,2,8,"100ms or upon state change, but not faster than 20 ms."
5023,ACC usage demand,ACC2,bit,0 to 3,,0.0,3.0,1.0,0.0,0,1,2,8,250 ms
5024,Aftertreatment 1 Intake Gas NOx Sensor Heater Ratio,AT1IGC1,Ratio,0 to 64.255,,0.0,64.255,0.001,0.0,0,15,16,8,"On start-up, and every second until the dewpoint signal state = 1 (SPN 3237) has been received by the transmitter"
5025,Aftertreatment 1 Intake Gas NOx Sensor New part deviation NOx Gain,AT1IGC1,%,-100 to 100 %,,-100.0,100.0,0.1,-3212.75,16,31,16,8,"On start-up, and every second until the dewpoint signal state = 1 (SPN 3237) has been received by the transmitter"
5026,Aftertreatment 1 Intake Gas NOx Sensor New part deviation NOx Offset,AT1IGC1,ppm,-125 to 125 ppm,,-125.0,125.0,1.0,-125.0,32,39,8,8,"On start-up, and every second until the dewpoint signal state = 1 (SPN 3237) has been received by the transmitter"
5027,Aftertreatment 1 Intake Gas NOx Sensor Correction of Pressure Lambda,AT1IGC2,%/bar,0 to 125%/bar,,0.0,125.0,0.5,0.0,0,7,8,8,On request
5028,Aftertreatment 1 Intake Gas NOx Sensor Correction of Pressure NOx,AT1IGC2,%/bar,0 to 125%/bar,,0.0,125.0,0.5,0.0,8,15,8,8,On request
5029,Aftertreatment 1 Intake Gas NOx Sensor NO2 Correction,AT1IGC2,%,0 to 125%,,0.0,125.0,0.5,0.0,16,23,8,8,On request
5030,Aftertreatment 1 Intake Gas NOx Sensor NH3 Correction,AT1IGC2,%,0 to 125%,,0.0,125.0,0.5,0.0,24,31,8,8,On request
5031,Aftertreatment 1 Outlet Gas NOx Sensor Heater Ratio,AT1OGC1,Ratio,0 to 64.255,,0.0,64.255,0.001,0.0,0,15,16,8,"On start-up, and every second until the dewpoint signal state = 1 (SPN 3238) has been received by the transmitter"
5032,Aftertreatment 1 Outlet Gas NOx Sensor New Part Deviation NOx Gain,AT1OGC1,%,-100 to 100 %,,-100.0,100.0,0.1,-3212.75,16,31,16,8,"On start-up, and every second until the dewpoint signal state = 1 (SPN 3238) has been received by the transmitter"
5033,Aftertreatment 1 Outlet Gas NOx Sensor New Part Deviation NOx Offset,AT1OGC1,ppm,-125 to 125 ppm,,-125.0,125.0,1.0,-125.0,32,39,8,8,"On start-up, and every second until the dewpoint signal state = 1 (SPN 3238) has been received by the transmitter"
5034,Aftertreatment 1 Outlet Gas NOx Sensor Correction of Pressure Lambda,AT1OGC2,%/bar,0 to 125%/bar,,0.0,125.0,0.5,0.0,0,7,8,8,On request
5035,Aftertreatment 1 Outlet Gas NOx Sensor Correction of Pressure NOx,AT1OGC2,%/bar,0 to 125%/bar,,0.0,125.0,0.5,0.0,8,15,8,8,On request
5036,Aftertreatment 1 Outlet Gas NOx Sensor NO2 Correction,AT1OGC2,%,0 to 125%,,0.0,125.0,0.5,0.0,16,23,8,8,On request
5037,Aftertreatment 1 Outlet Gas NOx Sensor NH3 Correction,AT1OGC2,%,0 to 125%,,0.0,125.0,0.5,0.0,24,31,8,8,On request
5038,Aftertreatment 2 Intake Gas NOx Sensor Heater Ratio,AT2IGC1,Ratio,0 to 64.255,,0.0,64.255,0.001,0.0,0,15,16,8,"On start-up, and every second until the dewpoint signal state = 1 (SPN 3239) has been received by the transmitter"
5039,Aftertreatment 2 Intake Gas NOx Sensor New part deviation NOx Gain,AT2IGC1,%,-100 to 100 %,,-100.0,100.0,0.1,-3212.75,16,31,16,8,"On start-up, and every second until the dewpoint signal state = 1 (SPN 3239) has been received by the transmitter"
5040,Aftertreatment 2 Intake Gas NOx Sensor New part deviation NOx Offset,AT2IGC1,ppm,-125 to 125 ppm,,-125.0,125.0,1.0,-125.0,32,39,8,8,"On start-up, and every second until the dewpoint signal state = 1 (SPN 3239) has been received by the transmitter"
5041,Aftertreatment 2 Intake Gas NOx Sensor Correction of pressure Lambda,AT2IGC2,%/bar,0 to 125%/bar,,0.0,125.0,0.5,0.0,0,7,8,8,On request
5042,Aftertreatment 2 Intake Gas NOx Sensor Correction of pressure Nox,AT2IGC2,%/bar,0 to 125%/bar,,0.0,125.0,0.5,0.0,8,15,8,8,On request
5043,Aftertreatment 2 Intake Gas NOx Sensor NO2 Correction,AT2IGC2,%,0 to 125%,,0.0,125.0,0.5,0.0,16,23,8,8,On request
5044,Aftertreatment 2 Intake Gas NOx Sensor NH3 Correction,AT2IGC2,%,0 to 125%,,0.0,125.0,0.5,0.0,24,31,8,8,On request
5045,Aftertreatment 2 Outlet Gas NOx Sensor Heater Ratio,AT2OGC1,Ratio,0 to 64.255,,0.0,64.255,0.001,0.0,0,15,16,8,"On start-up, and every second until the dewpoint signal state = 1 (SPN 3240) has been received by the transmitter"
5046,Aftertreatment 2 Outlet Gas NOx Sensor New part deviation NOx Gain,AT2OGC1,%,-100 to 100 %,,-100.0,100.0,0.1,-3212.75,16,31,16,8,"On start-up, and every second until the dewpoint signal state = 1 (SPN 3240) has been received by the transmitter"
5047,Aftertreatment 2 Outlet Gas NOx Sensor New part deviation NOx Offset,AT2OGC1,ppm,-125 to 125 ppm,,-125.0,125.0,1.0,-125.0,32,39,8,8,"On start-up, and every second until the dewpoint signal state = 1 (SPN 3240) has been received by the transmitter"
5048,Aftertreatment 2 Outlet Gas NOx Sensor Correction of pressure Lambda,AT2OGC2,%/bar,0 to 125%/bar,,0.0,125.0,0.5,0.0,0,7,8,8,On request
5049,Aftertreatment 2 Outlet Gas NOx Sensor Correction of pressure Nox,AT2OGC2,%/bar,0 to 125%/bar,,0.0,125.0,0.5,0.0,8,15,8,8,On request
5050,Aftertreatment 2 Outlet Gas NOx Sensor NO2 Correction,AT2OGC2,%,0 to 125%,,0.0,125.0,0.5,0.0,16,23,8,8,On request
5051,Aftertreatment 2 Outlet Gas NOx Sensor NH3 Correction,AT2OGC2,%,0 to 125%,,0.0,125.0,0.5,0.0,24,31,8,8,On request
5052,Transmission Clutch/Converter Input Speed,ETC8,rpm,"0 to 8,031.875 rpm",,0.0,8031.875,0.125,0.0,16,31,16,8,"20 ms when torque converter unlocked, 100 ms when torque converter locked"
5053,High Resolution Engine Trip Fuel,HRLFC,l,"0 to 4,211,081.215 L",,0.0,4211081.215,0.001,0.0,0,31,32,8,1 s
5054,High Resolution Engine Total Fuel Used,HRLFC,l,"0 to 4,211,081.215 L",,0.0,4211081.215,0.001,0.0,32,63,32,8,1 s
5055,Engine Oil Viscosity,EOM,Cp,0 to 1003.984375 Cp,,0.0,1003.984375,0.015625,0.0,0,15,16,8,30 seconds
5056,Engine Oil Density,EOM,g/cc,0 to 1.961 g/cc,,0.0,1.961,3.052e-05,0.0,16,31,16,8,30 seconds
5057,Cab Noise Control Command,NC1,bit,0 to 3,,0.0,3.0,1.0,0.0,0,1,2,8,"Every 10 seconds and on change of state, but not faster than every 1 second."
5058,Cab Noise Control Tuning Command,NC1,bit,0 to 7,,0.0,7.0,1.0,0.0,2,4,3,8,"Every 10 seconds and on change of state, but not faster than every 1 second."
5059,Cab Noise Control Status,NCS,bit,0 to 3,,0.0,3.0,1.0,0.0,0,1,2,8,"Every 10 seconds and on change of state, but not faster than 1 second.  Every second when in tuning mode."
5060,Cab Noise Control Tuning Status,NCS,bit,0 to 15,,0.0,15.0,1.0,0.0,2,5,4,8,"Every 10 seconds and on change of state, but not faster than 1 second.  Every second when in tuning mode."
5077,Engine Protect Lamp Command,DLCC1,bit,0 to 3,,0.0,3.0,1.0,0.0,0,1,2,8,Every 1 s and on change of state but no faster than every 100 ms
5078,Engine Amber Warning Lamp Command,DLCC1,bit,0 to 3,,0.0,3.0,1.0,0.0,2,3,2,8,Every 1 s and on change of state but no faster than every 100 ms
5079,Engine Red Stop Lamp Command,DLCC1,bit,0 to 3,,0.0,3.0,1.0,0.0,4,5,2,8,Every 1 s and on change of state but no faster than every 100 ms
5080,OBD Malfunction Indicator Lamp Command,DLCC1,bit,0 to 3,,0.0,3.0,1.0,0.0,6,7,2,8,Every 1 s and on change of state but no faster than every 100 ms
5081,Engine Brake Active Lamp Command,DLCC1,bit,0 to 3,,0.0,3.0,1.0,0.0,8,9,2,8,Every 1 s and on change of state but no faster than every 100 ms
5082,Engine Oil Pressure Low Lamp Command,DLCC1,bit,0 to 3,,0.0,3.0,1.0,0.0,12,13,2,8,Every 1 s and on change of state but no faster than every 100 ms
5083,Engine Coolant Temperature High Lamp Command,DLCC1,bit,0 to 3,,0.0,3.0,1.0,0.0,14,15,2,8,Every 1 s and on change of state but no faster than every 100 ms
5084,Engine Coolant Level Low Lamp Command,DLCC1,bit,0 to 3,,0.0,3.0,1.0,0.0,16,17,2,8,Every 1 s and on change of state but no faster than every 100 ms
5085,Engine Idle Management Active Lamp Command,DLCC1,bit,0 to 3,,0.0,3.0,1.0,0.0,18,19,2,8,Every 1 s and on change of state but no faster than every 100 ms
5086,Engine Air Filter Restriction Lamp Command,DLCC1,bit,0 to 3,,0.0,3.0,1.0,0.0,20,21,2,8,Every 1 s and on change of state but no faster than every 100 ms
5087,Vehicle Battery Voltage Low Lamp Command,DLCC2,bit,0 to 3,,0.0,3.0,1.0,0.0,0,1,2,8,Every 1 s and on change of state but no faster than every 100 ms
5088,Vehicle Fuel Level Low Lamp Command,DLCC2,bit,0 to 3,,0.0,3.0,1.0,0.0,2,3,2,8,Every 1 s and on change of state but no faster than every 100 ms
5089,Vehicle Air Pressure Low Lamp Command,DLCC2,bit,0 to 3,,0.0,3.0,1.0,0.0,4,5,2,8,Every 1 s and on change of state but no faster than every 100 ms
509,Milepost Identification,TR2,ASCII,0 to 255 per byte,,0.0,255.0,-2.0,0.0,-1,0,800,variable,On request
5090,Vehicle HVAC Recirculation Lamp Command,DLCC2,bit,0 to 3,,0.0,3.0,1.0,0.0,6,7,2,8,Every 1 s and on change of state but no faster than every 100 ms
5091,Vehicle Battery Charging Lamp Command,DLCC2,bit,0 to 3,,0.0,3.0,1.0,0.0,8,9,2,8,Every 1 s and on change of state but no faster than every 100 ms
5093,Engine Protect Lamp Data,DLCD1,bit,0 to 3,,0.0,3.0,1.0,0.0,0,1,2,8,1 s
5094,Engine Amber Warning Lamp Data,DLCD1,bit,0 to 3,,0.0,3.0,1.0,0.0,2,3,2,8,1 s
5095,Engine Red Stop Lamp Data,DLCD1,bit,0 to 3,,0.0,3.0,1.0,0.0,4,5,2,8,1 s
5096,OBD Malfunction Indicator Lamp Data,DLCD1,bit,0 to 3,,0.0,3.0,1.0,0.0,6,7,2,8,1 s
5097,Engine Brake Active Lamp Data,DLCD1,bit,0 to 3,,0.0,3.0,1.0,0.0,8,9,2,8,1 s
5098,Compression Brake Enable Switch Indicator Lamp Data,DLCD1,bit,0 to 3,,0.0,3.0,1.0,0.0,10,11,2,8,1 s
5099,Engine Oil Pressure Low Lamp Data,DLCD1,bit,0 to 3,,0.0,3.0,1.0,0.0,12,13,2,8,1 s
51,Engine Throttle Valve 1 Position,LFE1,%,0 to 100 %,,0.0,100.0,0.4,0.0,48,55,8,8,100 ms
5100,Engine Coolant Temperature High Lamp Data,DLCD1,bit,0 to 3,,0.0,3.0,1.0,0.0,14,15,2,8,1 s
5101,Engine Coolant Level Low Lamp Data,DLCD1,bit,0 to 3,,0.0,3.0,1.0,0.0,16,17,2,8,1 s
5102,Engine Idle Management Active Lamp Data,DLCD1,bit,0 to 3,,0.0,3.0,1.0,0.0,18,19,2,8,1 s
5103,Engine Air Filter Restriction Lamp Data,DLCD1,bit,0 to 3,,0.0,3.0,1.0,0.0,20,21,2,8,1 s
5104,Vehicle Battery Voltage Low Lamp Data,DLCD2,bit,0 to 3,,0.0,3.0,1.0,0.0,0,1,2,8,1 s
5105,Vehicle Fuel Level Low Lamp Data,DLCD2,bit,0 to 3,,0.0,3.0,1.0,0.0,2,3,2,8,1 s
5106,Vehicle Air Pressure Low Lamp Data,DLCD2,bit,0 to 3,,0.0,3.0,1.0,0.0,4,5,2,8,1 s
5107,Vehicle HVAC Recirculation Lamp Data,DLCD2,bit,0 to 3,,0.0,3.0,1.0,0.0,6,7,2,8,1 s
5108,Vehicle Battery Charging Lamp Data,DLCD2,bit,0 to 3,,0.0,3.0,1.0,0.0,8,9,2,8,1 s
512,Driver's Demand Engine - Percent Torque,EEC1,%,-125 to 125 %,0 to 125%,0.0,125.0,1.0,-125.0,8,15,8,8,engine speed dependent
5125,Sensor supply voltage 7,SEP2,Volts,0 to 3212.75 V,,0.0,3212.75,0.05,0.0,32,47,16,8,1 sec
5126,Sensor supply voltage 8,SEP2,Volts,0 to 3212.75 V,,0.0,3212.75,0.05,0.0,48,63,16,8,1 sec
513,Actual Engine - Percent Torque,EEC1,%,-125 to 125 %,0 to 125%,0.0,125.0,1.0,-125.0,16,23,8,8,engine speed dependent
5137,Aftertreatment 1 Diesel Exhaust Fluid Tank Heater Command,A1SCRDSR2,%,0 to 100 %,,0.0,100.0,0.4,0.0,16,23,8,8,500 ms
5138,Aftertreatment 2 Diesel Exhaust Fluid Tank Heater Command,A2SCRDSR2,%,0 to 100 %,,0.0,100.0,0.4,0.0,16,23,8,8,500 ms
5139,Implement operating state - command,IOS,bit,0 to 3,,0.0,3.0,1.0,0.0,56,57,2,8,Every 1 s and on change of state but no faster than every 100 ms
514,Nominal Friction - Percent Torque,EEC3,%,-125 to 125 %,,-125.0,125.0,1.0,-125.0,0,7,8,8,250 msec (preferred) or Engine Speed Dependent (if required by application)
5140,All Implement stop operating operations switch state,AISO,bit,0 to 3,,0.0,3.0,1.0,0.0,56,57,2,8,Every 1 s and on change of state but no faster than every 100 ms
5141,Low Voltage Disconnect Manual Disconnect State,LVDS,bit,0 to 3,,0.0,3.0,1.0,0.0,0,1,2,8,500 ms
5142,Low Voltage Disconnect Manual Connect State,LVDS,bit,0 to 3,,0.0,3.0,1.0,0.0,2,3,2,8,500 ms
5143,Low Voltage Disconnect Current Operating Mode,LVDS,bit,0 to 15,,0.0,15.0,1.0,0.0,4,7,4,8,500 ms
5144,Low Voltage Disconnect Output #3 State,LVDS,bit,0 to 15,,0.0,15.0,1.0,0.0,8,11,4,8,500 ms
5145,Low Voltage Disconnect Output #2 State,LVDS,bit,0 to 15,,0.0,15.0,1.0,0.0,12,15,4,8,500 ms
5146,Low Voltage Disconnect Output #1 State,LVDS,bit,0 to 15,,0.0,15.0,1.0,0.0,16,19,4,8,500 ms
5147,Low Voltage Disconnect Vout Output State,LVDS,bit,0 to 15,,0.0,15.0,1.0,0.0,20,23,4,8,500 ms
5148,Low Voltage Disconnect Temperature,LVDS,deg F,-40.0 to 410.0 deg F,,-40.0,410.0,1.8,-40.0,24,31,8,8,500 ms
5149,Low Voltage Disconnect Desired Operating Mode,LVDSOM,bit,0 to 15,,0.0,15.0,1.0,0.0,0,3,4,8,As required but no more often than 500 ms
515,Engine's Desired Operating Speed,EEC3,rpm,"0 to 8,031.875 rpm",,0.0,8031.875,0.125,0.0,8,23,16,8,250 msec (preferred) or Engine Speed Dependent (if required by application)
517,Navigation-Based Vehicle Speed,VDS,mph,0.0 to 155.961635516 mph,,0.0,155.961635516,0.00242723046875,0.0,16,31,16,8,On request
518,Engine Requested Torque/Torque Limit,TSC1,%,-125 to 125 %,,-125.0,125.0,1.0,-125.0,24,31,8,8,"To engine: Control Purpose dependent or 10 ms
To retarder: 50 ms"
519,Engine's Desired Operating Speed Asymmetry Adjustment,EEC3,Ratio,0 to 250,,0.0,250.0,1.0,0.0,24,31,8,8,250 msec (preferred) or Engine Speed Dependent (if required by application)
52,Engine Intercooler Temperature,ET1,deg F,-40.0 to 410.0 deg F,,-40.0,410.0,1.8,-40.0,48,55,8,8,1 s
520,Actual Retarder - Percent Torque,ERC1,%,-125 to 125 %,-125 to 0 %,-125.0,0.0,1.0,-125.0,8,15,8,8,100 ms
521,Brake Pedal Position,EBC1,%,0 to 100 %,,0.0,100.0,0.4,0.0,8,15,8,8,100 ms
522,Percent Clutch Slip,ETC1,%,0 to 100 %,,0.0,100.0,0.4,0.0,24,31,8,8,10 ms
523,Transmission Current Gear,ETC2,gear value,-125 to 125,-125 to +125,-125.0,125.0,1.0,-125.0,24,31,8,8,100 ms
524,Transmission Selected Gear,ETC2,gear value,-125 to 125,-125 to +125,-125.0,125.0,1.0,-125.0,0,7,8,8,100 ms
5245,Aftertreatment 1 DEF Tank Low Level Indicator,AT1T1I,bit,0 to 7,,0.0,7.0,1.0,0.0,37,39,3,8,1 s
5246,Aftertreatment SCR Operator Inducement Severity,AT1T1I,bit,0 to 7,,0.0,7.0,1.0,0.0,45,47,3,8,1 s
525,Transmission Requested Gear,TC1,gear value,-125 to 125,-64 to 64,-64.0,64.0,1.0,-125.0,16,23,8,8,When active; 50 ms to transmission and axles
5252,Engine Exhaust Gas Recirculation 2 Differential Pressure,EFL/P10,psi,-36.2594345 to 36.54805959862 psi,,-36.2594345,36.54805959862,0.001133107,-36.2594345,0,15,16,8,500 ms
5253,Engine Exhaust Gas Recirculation 2 Intake Pressure,EFL/P10,psi,0.0 to 72.518869 psi,,0.0,72.518869,0.290075476,0.0,16,23,8,8,500 ms
5254,Engine Exhaust Gas Recirculation 2 Outlet Absolute Pressure,EFL/P10,psi,0.0 to 931.939985519 psi,,0.0,931.939985519,0.0145037738,0.0,24,39,16,8,500 ms
5255,Engine Exhaust Gas Recirculation 2 Temperature ,ET5,deg F,-459.40000000000003 to 3154.94375 deg F,,-459.40000000000003,3154.94375,0.05625,-459.40000000000003,0,15,16,8,1 sec
5256,Engine Exhaust Gas Recirculation 2 Mixer Intake Temperature,ET5,deg F,-459.40000000000003 to 3154.94375 deg F,,-459.40000000000003,3154.94375,0.05625,-459.40000000000003,16,31,16,8,1 sec
5257,Engine Exhaust Gas Recirculation 2 (EGR2) Mass Flow Rate,EGF1,kg/h,0 to 3212.75 kg/h,,0.0,3212.75,0.05,0.0,32,47,16,8,50 ms
5258,Engine Exhaust Gas Recirculation 2 (EGR2) Cooler  Intake Temperature,EEC10,deg F,-459.40000000000003 to 3154.94375 deg F,,-459.40000000000003,3154.94375,0.05625,-459.40000000000003,0,15,16,8,On request
5259,Engine Exhaust Gas Recirculation 2 (EGR2) Cooler  Intake Gas Absolute Pressure,EEC10,psi,0.0 to 4659.699927595 psi,,0.0,4659.699927595,0.072518869,0.0,16,31,16,8,On request
526,Transmission Actual Gear Ratio,ETC2,Ratio,0 to 64.255,,0.0,64.255,0.001,0.0,8,23,16,8,100 ms
5260,Engine Exhaust Gas Recirculation 2 (EGR2) Cooler  Efficiency,EEC10,%,0 to 100 %,,0.0,100.0,0.4,0.0,32,39,8,8,On request
5261,EGR 2 Cooler Bypass Actuator Position,EEC10,%,0 to 100 %,,0.0,100.0,0.4,0.0,40,47,8,8,On request
5262,Engine Exhaust Gas Recirculation 2 Valve Position,EEC9,%,0 to 160.6375 %,,0.0,160.6375,0.0025,0.0,0,15,16,8,100 msec
5263,Engine Exhaust Gas Recirculation 2 Valve 2 Position,EEC9,%,0 to 160.6375 %,,0.0,160.6375,0.0025,0.0,16,31,16,8,100 msec
5264,Engine Exhaust Gas Recirculation 2 (EGR2) Valve Control,EEC11,%,0 to 160.6375 %,,0.0,160.6375,0.0025,0.0,0,15,16,8,On request
5265,Engine Exhaust Gas Recirculation 2 (EGR2) Valve 2 Control,EEC11,%,0 to 160.6375 %,,0.0,160.6375,0.0025,0.0,16,31,16,8,On request
5266,DPF 1 Soot Signal Standard Deviation,DPF1S2,%,0 to 160.6375 %,,0.0,160.6375,0.0025,0.0,0,15,16,8,1 sec
5267,DPF 1 Soot Signal Maximum,DPF1S2,%,0 to 160.6375 %,,0.0,160.6375,0.0025,0.0,16,31,16,8,1 sec
5268,DPF 1 Soot Signal Minimum,DPF1S2,%,0 to 160.6375 %,,0.0,160.6375,0.0025,0.0,32,47,16,8,1 sec
5269,DPF 2 Soot Signal Standard Deviation,DPF2S2,%,0 to 160.6375 %,,0.0,160.6375,0.0025,0.0,0,15,16,8,1 sec
527,Cruise Control States,CCVS1,bit,0 to 7,,0.0,7.0,1.0,0.0,53,55,3,8,100 ms
5270,DPF 2 Soot Signal Maximum,DPF2S2,%,0 to 160.6375 %,,0.0,160.6375,0.0025,0.0,16,31,16,8,1 sec
5271,DPF 2 Soot Signal Minimum,DPF2S2,%,0 to 160.6375 %,,0.0,160.6375,0.0025,0.0,32,47,16,8,1 sec
5274,Prohibit Automatic Air Suspension Control,ASC2,bit,0 to 3,,0.0,3.0,1.0,0.0,58,59,2,8,100 ms
5275,Parking Brake Actuator Fully Activated,EBC5,bit,0 to 3,,0.0,3.0,1.0,0.0,24,25,2,8,100 ms
5276,Engine Exhaust Manifold Bank 1 Flow Balance Valve Actuator Control,EMAC,%,0 to 160.6375 %,,0.0,160.6375,0.0025,0.0,0,15,16,8,On request
5277,Engine Exhaust Manifold Bank 1 Flow Balance Valve Actuator Position,EMAP,%,0 to 160.6375 %,,0.0,160.6375,0.0025,0.0,0,15,16,8,On request
5278,Engine Exhaust Manifold Bank 2 Flow Balance Valve Actuator Control,EMAC,%,0 to 160.6375 %,,0.0,160.6375,0.0025,0.0,16,31,16,8,On request
5279,Engine Exhaust Manifold Bank 2 Flow Balance Valve Actuator Position,EMAP,%,0 to 160.6375 %,,0.0,160.6375,0.0025,0.0,16,31,16,8,On request
528,Engine Speed At Point 2 (Engine Configuration),EC1,rpm,"0 to 8,031.875 rpm",,0.0,8031.875,0.125,0.0,24,39,16,39,Every 5 s and on change of torque/speed points of more than 10% since last transmission but no faster than every 500 ms
5280,Engine Charge Air Cooler 1 Precooler Intake Temperature,CAC1P,deg F,-459.40000000000003 to 3154.94375 deg F,,-459.40000000000003,3154.94375,0.05625,-459.40000000000003,0,15,16,8,1 sec
5281,Engine Charge Air Cooler 1 Precooler Outlet Temperature,CAC1P,deg F,-459.40000000000003 to 3154.94375 deg F,,-459.40000000000003,3154.94375,0.05625,-459.40000000000003,16,31,16,8,1 sec
5282,Engine Charge Air Cooler 1 Precooler Efficiency,CAC1P,%,0 to 100 %,,0.0,100.0,0.4,0.0,32,39,8,8,1 sec
5283,Engine Charge Air Cooler 1 Intake Temperature,CAC1,deg F,-459.40000000000003 to 3154.94375 deg F,,-459.40000000000003,3154.94375,0.05625,-459.40000000000003,0,15,16,8,1 sec
5284,Engine Charge Air Cooler 1 Ambient Air Temperature,CAC1,deg F,-459.40000000000003 to 3154.94375 deg F,,-459.40000000000003,3154.94375,0.05625,-459.40000000000003,16,31,16,8,1 sec
5285,Engine Charge Air Cooler 1 Efficiency,CAC1,%,0 to 100 %,,0.0,100.0,0.4,0.0,32,39,8,8,1 sec
5286,Engine Charge Air Cooler 2 Precooler Intake Temperature,CAC2P,deg F,-459.40000000000003 to 3154.94375 deg F,,-459.40000000000003,3154.94375,0.05625,-459.40000000000003,0,15,16,8,1 sec
5287,Engine Charge Air Cooler 2 Precooler Outlet Temperature,CAC2P,deg F,-459.40000000000003 to 3154.94375 deg F,,-459.40000000000003,3154.94375,0.05625,-459.40000000000003,16,31,16,8,1 sec
5288,Engine Charge Air Cooler 2 Precooler Efficiency,CAC2P,%,0 to 100 %,,0.0,100.0,0.4,0.0,32,39,8,8,1 sec
5289,Engine Charge Air Cooler 2 Intake Temperature,CAC2,deg F,-459.40000000000003 to 3154.94375 deg F,,-459.40000000000003,3154.94375,0.05625,-459.40000000000003,0,15,16,8,1 sec
529,Engine Speed At Point 3 (Engine Configuration),EC1,rpm,"0 to 8,031.875 rpm",,0.0,8031.875,0.125,0.0,48,63,16,39,Every 5 s and on change of torque/speed points of more than 10% since last transmission but no faster than every 500 ms
5290,Engine Charge Air Cooler 2 Outlet Temperature,CAC2,deg F,-459.40000000000003 to 3154.94375 deg F,,-459.40000000000003,3154.94375,0.05625,-459.40000000000003,16,31,16,8,1 sec
5291,Engine Charge Air Cooler 2 Ambient Air Temperature,CAC2,deg F,-459.40000000000003 to 3154.94375 deg F,,-459.40000000000003,3154.94375,0.05625,-459.40000000000003,32,47,16,8,1 sec
5292,Engine Charge Air Cooler 2 Efficiency,CAC2,%,0 to 100 %,,0.0,100.0,0.4,0.0,48,55,8,8,1 sec
5293,Allow Level Control During Braking Command,ASC2,bit,0 to 3,,0.0,3.0,1.0,0.0,54,55,2,8,100 ms
5294,Allow Level Control During Braking Status,ASC1,bit,0 to 3,,0.0,3.0,1.0,0.0,52,53,2,8,100 ms
5295,Speed Dependent Level Control Request,ASC2,bit,0 to 3,,0.0,3.0,1.0,0.0,56,57,2,8,100 ms
5296,Speed Dependant Level Control Status,ASC1,bit,0 to 3,,0.0,3.0,1.0,0.0,54,55,2,8,100 ms
53,Transmission Synchronizer Clutch Value,ETC4,%,0 to 100 %,,0.0,100.0,0.4,0.0,0,7,8,8,On request
530,Engine Speed At Point 4 (Engine Configuration),EC1,rpm,"0 to 8,031.875 rpm",,0.0,8031.875,0.125,0.0,72,87,16,39,Every 5 s and on change of torque/speed points of more than 10% since last transmission but no faster than every 500 ms
531,Engine Speed At Point 5 (Engine Configuration),EC1,rpm,"0 to 8,031.875 rpm",,0.0,8031.875,0.125,0.0,96,111,16,39,Every 5 s and on change of torque/speed points of more than 10% since last transmission but no faster than every 500 ms
5312,Commanded Engine Intake Manifold Pressure,EEC7,psi,0.0 to 1164.92498189875 psi,,0.0,1164.92498189875,0.01812971725,0.0,48,63,16,8,100 ms
5313,Commanded Engine Fuel Rail Pressure,EEC9,psi,0.0 to 36404.472237999995 psi,,0.0,36404.472237999995,0.5665536640625,0.0,32,47,16,8,100 msec
5314,Commanded Engine Fuel Injection Control Pressure,EEC9,psi,0.0 to 36404.472237999995 psi,,0.0,36404.472237999995,0.5665536640625,0.0,48,63,16,8,100 msec
5315,Aftertreatment 2 Warm Up Diesel Oxidation Catalyst Intake Temperature,AT2WUDOC,deg F,-459.40000000000003 to 3154.94375 deg F,,-459.40000000000003,3154.94375,0.05625,-459.40000000000003,0,15,16,8,500 ms
5316,Aftertreatment 2 Warm Up Diesel Oxidation Catalyst Outlet Temperature,AT2WUDOC,deg F,-459.40000000000003 to 3154.94375 deg F,,-459.40000000000003,3154.94375,0.05625,-459.40000000000003,16,31,16,8,500 ms
532,"Engine Speed At High Idle, Point 6 (Engine Configuration)",EC1,rpm,"0 to 8,031.875 rpm",,0.0,8031.875,0.125,0.0,120,135,16,39,Every 5 s and on change of torque/speed points of more than 10% since last transmission but no faster than every 500 ms
5323,Engine Fuel Control Control Mode,EEC5,bit,0 to 3,,0.0,3.0,1.0,0.0,50,51,2,8,On request
533,"Engine Maximum Momentary Override Speed, Point 7 (Engine Configuration)",EC1,rpm,"0 to 8,031.875 rpm",,0.0,8031.875,0.125,0.0,168,183,16,39,Every 5 s and on change of torque/speed points of more than 10% since last transmission but no faster than every 500 ms
534,Engine Maximum Momentary Override Time Limit (Engine Configuration),EC1,Seconds,0 to 25 s,,0.0,25.0,0.1,0.0,184,191,8,39,Every 5 s and on change of torque/speed points of more than 10% since last transmission but no faster than every 500 ms
5344,Transmission Warning Indicator,ETC7,bit,0 to 3,,0.0,3.0,1.0,0.0,42,43,2,8,100 ms
5345,Transmission Overheat Indicator,TRF2,bit,0 to 3,,0.0,3.0,1.0,0.0,4,5,2,8,1 s
5346,Driveline Retarder Overheat Indicator,RF,bit,0 to 3,,0.0,3.0,1.0,0.0,16,17,2,8,1 s
5347,Lateral Acceleration Extended Range,ACCS,m/s^2,-320 to +322.55 m/s^2,,-320.0,322.552,0.01,-320.0,0,15,16,8,10 ms (default) or 20 ms
5348,Longitudinal Acceleration Extended Range,ACCS,m/s^2,-320 to +322.55 m/s^2,,-320.0,322.552,0.01,-320.0,16,31,16,8,10 ms (default) or 20 ms
5349,Vertical Acceleration Extended Range,ACCS,m/s^2,-320 to +322.55 m/s^2,,-320.0,322.552,0.01,-320.0,32,47,16,8,10 ms (default) or 20 ms
535,Engine Requested Speed Control Range Lower Limit (Engine Configuration),EC1,rpm,"0 to 2,500 rpm",,0.0,2500.0,10.0,0.0,192,199,8,39,Every 5 s and on change of torque/speed points of more than 10% since last transmission but no faster than every 500 ms
5350,Lateral Acceleration Extended Range Figure of Merit,ACCS,bit,0 to 3,,0.0,3.0,1.0,0.0,48,49,2,8,10 ms (default) or 20 ms
5351,Longitudinal Acceleration Extended Range Figure of Merit,ACCS,bit,0 to 3,,0.0,3.0,1.0,0.0,50,51,2,8,10 ms (default) or 20 ms
5352,Vertical Acceleration Extended Range Figure of Merit,ACCS,bit,0 to 3,,0.0,3.0,1.0,0.0,52,53,2,8,10 ms (default) or 20 ms
5353,Support Variable Transmission Repetition Rate for Acceleration Sensor,ACCS,bit,0 to 3,,0.0,3.0,1.0,0.0,54,55,2,8,10 ms (default) or 20 ms
536,Engine Requested Speed Control Range Upper Limit (Engine Configuration),EC1,rpm,"0 to 2,500 rpm",,0.0,2500.0,10.0,0.0,200,207,8,39,Every 5 s and on change of torque/speed points of more than 10% since last transmission but no faster than every 500 ms
5366,Engine Desired Turbocharger Compressor Bypass Actuator 1 Position,EEC6,%,0 to 100 %,,0.0,100.0,0.4,0.0,48,55,8,8,100 msec (preferred) or Engine Speed Dependent (if required by application)
5367,Engine Turbocharger Compressor Bypass Actuator 1 Preliminary FMI,EEC6,binary,0 to 31,,0.0,31.0,-3.0,0.0,56,60,5,8,100 msec (preferred) or Engine Speed Dependent (if required by application)
5368,Engine Turbocharger Compressor Bypass Actuator 1 Temperature Status,EEC6,bit,0 to 7,,0.0,7.0,1.0,0.0,61,63,3,8,100 msec (preferred) or Engine Speed Dependent (if required by application)
5369,Engine Turbocharger Compressor Bypass Actuator 2 command,EEC6,%,0 to 160.6375 %,,0.0,160.6375,0.0025,0.0,32,47,16,8,100 msec (preferred) or Engine Speed Dependent (if required by application)
537,Engine Requested Torque Control Range Lower Limit (Engine Configuration),EC1,%,-125 to 125 %,0 to 125%,0.0,125.0,1.0,-125.0,208,215,8,39,Every 5 s and on change of torque/speed points of more than 10% since last transmission but no faster than every 500 ms
5370,Engine Desired Turbocharger Wastegate Actuator 1 Position,TCW,%,0 to 100 %,,0.0,100.0,0.4,0.0,40,47,8,8,100 ms
5371,Engine Turbocharger Wastegate Actuator 1 Preliminary FMI,TCW,binary,0 to 31,,0.0,31.0,-3.0,0.0,48,52,5,8,100 ms
5372,Engine Turbocharger Wastegate Actuator 1 Temperature Status,TCW,bit,0 to 7,,0.0,7.0,1.0,0.0,53,55,3,8,100 ms
5373,Engine Desired Turbocharger Wastegate Actuator 2 Position,TCW,%,0 to 100 %,,0.0,100.0,0.4,0.0,56,63,8,8,100 ms
5374,Engine Desired Throttle Valve 1 Position ,EFTVI,%,0 to 100 %,,0.0,100.0,0.4,0.0,0,7,8,8,100 ms
5375,Engine Throttle Valve 1 Preliminary FMI,EFTVI,binary,0 to 31,,0.0,31.0,-3.0,0.0,8,12,5,8,100 ms
5376,Engine Throttle Valve 1 Temperature Status,EFTVI,bit,0 to 7,,0.0,7.0,1.0,0.0,13,15,3,8,100 ms
5377,Engine Desired Throttle Valve 2 Position,EFTVI,%,0 to 100 %,,0.0,100.0,0.4,0.0,16,23,8,8,100 ms
5378,Engine Throttle Valve 2 Preliminary FMI,EFTVI,binary,0 to 31,,0.0,31.0,-3.0,0.0,24,28,5,8,100 ms
5379,Engine Throttle Valve 2 Temperature status,EFTVI,bit,0 to 7,,0.0,7.0,1.0,0.0,29,31,3,8,100 ms
538,Engine Requested Torque Control Range Upper Limit (Engine Configuration),EC1,%,-125 to 125 %,0 to 125%,0.0,125.0,1.0,-125.0,216,223,8,39,Every 5 s and on change of torque/speed points of more than 10% since last transmission but no faster than every 500 ms
5380,Engine Fuel Valve 1 Preliminary FMI,EFTVI,binary,0 to 31,,0.0,31.0,-3.0,0.0,32,36,5,8,100 ms
5381,Engine Fuel Valve 1 Temperature Status,EFTVI,bit,0 to 7,,0.0,7.0,1.0,0.0,37,39,3,8,100 ms
5382,Engine Fuel Valve 2 Preliminary FMI,EFTVI,binary,0 to 31,,0.0,31.0,-3.0,0.0,40,44,5,8,100 ms
5383,Engine Fuel Valve 2 Temperature Status,EFTVI,bit,0 to 7,,0.0,7.0,1.0,0.0,45,47,3,8,100 ms
5384,Engine Turbocharger Wastegate Actuator 2 Preliminary FMI,ETWAI,binary,0 to 31,,0.0,31.0,-3.0,0.0,0,4,5,8,100 ms
5385,Engine Turbocharger Wastegate Actuator 2 Temperature Status,ETWAI,bit,0 to 7,,0.0,7.0,1.0,0.0,5,7,3,8,100 ms
5386,Engine Turbocharger Wastegate Actuator 1 Command,ETWAC,%,0 to 160.6375 %,,0.0,160.6375,0.0025,0.0,0,15,16,8,Engine speed dependent
5387,Engine Turbocharger Wastegate Actuator 2 Command,ETWAC,%,0 to 160.6375 %,,0.0,160.6375,0.0025,0.0,16,31,16,8,Engine speed dependent
5388,Engine Turbocharger Compressor Bypass Actuator 2 Position,ETCBI,%,0 to 100 %,,0.0,100.0,0.4,0.0,0,7,8,8,100 ms
5389,Engine Desired Turbocharger Compressor Bypass Actuator 2 Position,ETCBI,%,0 to 100 %,,0.0,100.0,0.4,0.0,8,15,8,8,100 ms
539,"Engine Percent Torque At Idle, Point 1 (Engine Configuration)",EC1,%,-125 to 125 %,0 to 125%,0.0,125.0,1.0,-125.0,16,23,8,39,Every 5 s and on change of torque/speed points of more than 10% since last transmission but no faster than every 500 ms
5390,Engine Turbocharger compressor Bypass Actuator 2 Preliminary FMI,ETCBI,binary,0 to 31,,0.0,31.0,-3.0,0.0,16,20,5,8,100 ms
5391,Engine Turbocharger Compressor Bypass Actuator 2 Temperature Status,ETCBI,bit,0 to 7,,0.0,7.0,1.0,0.0,21,23,3,8,100 ms
5398,Estimated Pumping - Percent Torque,EEC2,%,-125 to 125 %,,-125.0,125.0,1.0,-125.0,56,63,8,8,50 msec (preferred) or Engine Speed Dependent (if required by application)
5399,DPF Thermal Management Active,EEC2,bit,0 to 3,,0.0,3.0,1.0,0.0,44,45,2,8,50 msec (preferred) or Engine Speed Dependent (if required by application)
54,Transmission Synchronizer Brake Value,ETC4,%,0 to 100 %,,0.0,100.0,0.4,0.0,8,15,8,8,On request
540,Engine Percent Torque At Point 2 (Engine Configuration),EC1,%,-125 to 125 %,0 to 125%,0.0,125.0,1.0,-125.0,40,47,8,39,Every 5 s and on change of torque/speed points of more than 10% since last transmission but no faster than every 500 ms
5400,SCR Thermal Management Active,EEC2,bit,0 to 3,,0.0,3.0,1.0,0.0,46,47,2,8,50 msec (preferred) or Engine Speed Dependent (if required by application)
5402,Lift Relay Control,MSI2,bit,0 to 3,,0.0,3.0,1.0,0.0,34,35,2,8,50 ms
5403,Drop Relay Control,MSI2,bit,0 to 3,,0.0,3.0,1.0,0.0,36,37,2,8,50 ms
5404,PTO Shutdown has Shutdown Engine,SHUTDN,bit,0 to 3,,0.0,3.0,1.0,0.0,58,59,2,8,1 s
5405,Set Elevation Sensor #1 Reference Elevation,LOI,bit,0 to 3,,0.0,3.0,1.0,0.0,36,37,2,8,100 ms
5406,Set Elevation Sensor #2 Reference Elevation,LOI,bit,0 to 3,,0.0,3.0,1.0,0.0,38,39,2,8,100 ms
5407,Blade Control Mode - Left,LBC,bit,0 to 15,,0.0,15.0,1.0,0.0,24,27,4,8,50 ms
5408,Blade Control Mode - Right,LBC,bit,0 to 15,,0.0,15.0,1.0,0.0,28,31,4,8,50 ms
5409,Land Leveling System Enable Status,LBC,bit,0 to 3,,0.0,3.0,1.0,0.0,32,33,2,8,50 ms
541,Engine Percent Torque At Point 3 (Engine Configuration),EC1,%,-125 to 125 %,0 to 125%,0.0,125.0,1.0,-125.0,64,71,8,39,Every 5 s and on change of torque/speed points of more than 10% since last transmission but no faster than every 500 ms
5410,Blade Elevation Deviation - Left,LLRE,mm,-32000 to 32255 mm (-32.000 to 32.255 m),,-32000.0,3225532.0,1.0,-32000.0,0,15,16,8,200 ms
5411,Blade Elevation Deviation - Right,LLRE,mm,-32000 to 32255 mm (-32.000 to 32.255 m),,-32000.0,3225532.0,1.0,-32000.0,16,31,16,8,200 ms
5412,Blade Reference Elevation Offset - Left,LLRE,mm,-32000 to 32255 mm (-32.000 to 32.255 m),,-32000.0,3225532.0,1.0,-32000.0,32,47,16,8,200 ms
5413,Blade Reference Elevation Offset - Right,LLRE,mm,-32000 to 32255 mm (-32.000 to 32.255 m),,-32000.0,3225532.0,1.0,-32000.0,48,63,16,8,200 ms
5414,Aftertreatment 1 Diesel Exhaust Fluid Tank 2 Heater Command,A1SCRDSR2,%,0 to 100 %,,0.0,100.0,0.4,0.0,24,31,8,8,500 ms
5415,Aftertreatment 2 Diesel Exhaust Fluid Tank 2 Heater Command,A2SCRDSR2,%,0 to 100 %,,0.0,100.0,0.4,0.0,24,31,8,8,500 ms
5416,Engine Wait To Start Lamp Data,DLCD1,bit,0 to 3,,0.0,3.0,1.0,0.0,62,63,2,8,1 s
5417,Engine Fuel Filter (Suction Side) Intake Absolute Pressure,EFS2,psi,0.0 to 72.518869 psi,,0.0,72.518869,0.290075476,0.0,0,7,8,8,500 ms
542,Engine Percent Torque At Point 4 (Engine Configuration),EC1,%,-125 to 125 %,0 to 125%,0.0,125.0,1.0,-125.0,88,95,8,39,Every 5 s and on change of torque/speed points of more than 10% since last transmission but no faster than every 500 ms
5422,Engine Intake Manifold 2 Absolute Pressure,IC2,psi,0.0 to 72.518869 psi,,0.0,72.518869,0.290075476,0.0,56,63,8,8,0.5 s
5423,Aftertreatment 1 Fuel Pump Relay Control,AT1FC2,bit,0 to 3,,0.0,3.0,1.0,0.0,16,17,2,8,500 ms
5424,Aftertreatment 1 Fuel Flow Diverter Valve Control,AT1FC2,bit,0 to 3,,0.0,3.0,1.0,0.0,18,19,2,8,500 ms
5425,Aftertreatment 1 Fuel Pressure 2 Actuator Control,AT1FC2,%,0 to 160.6375 %,,0.0,160.6375,0.0025,0.0,24,39,16,8,500 ms
5426,Aftertreatment 2 Fuel Pump Relay Control,AT2FC2,bit,0 to 3,,0.0,3.0,1.0,0.0,16,17,2,8,500 ms
5427,Aftertreatment 2 Fuel Flow Diverter Valve Control,AT2FC2,bit,0 to 3,,0.0,3.0,1.0,0.0,18,19,2,8,500 ms
5428,Aftertreatment 2 Fuel Pressure 2 Control,AT2FC2,%,0 to 160.6375 %,,0.0,160.6375,0.0025,0.0,24,39,16,8,500 ms
5429,Engine Exhaust Gas Recirculation 2 Intake Absolute Pressure,EFL/P10,psi,0.0 to 931.939985519 psi,,0.0,931.939985519,0.0145037738,0.0,40,55,16,8,500 ms
543,Engine Percent Torque At Point 5 (Engine Configuration),EC1,%,-125 to 125 %,0 to 125%,0.0,125.0,1.0,-125.0,112,119,8,39,Every 5 s and on change of torque/speed points of more than 10% since last transmission but no faster than every 500 ms
5430,Engine Exhaust Gas Recirculation 1 Intake Absolute Pressure,EFL/P11,psi,0.0 to 931.939985519 psi,,0.0,931.939985519,0.0145037738,0.0,0,15,16,8,500 ms
5431,Engine Exhaust Gas Recirculation 1 Outlet Absolute Pressure (High Resolution),EFL/P11,psi,0.0 to 931.939985519 psi,,0.0,931.939985519,0.0145037738,0.0,16,31,16,8,500 ms
5432,Memory level,ASC1,bit,0 to 15,,0.0,15.0,1.0,0.0,60,63,4,8,100 ms
5433,Memory level request,ASC2,bit,0 to 15,,0.0,15.0,1.0,0.0,60,63,4,8,100 ms
5434,Aftertreatment 1 Diesel Exhaust Fluid Tank Fill Valve Command,A1DEFSI,%,0 to 100 %,,0.0,100.0,0.4,0.0,32,39,8,8,1 s
5435,Aftertreatment 1 Diesel Exhaust Fluid Pump State,A1DEFSI,bit,0 to 3,,0.0,3.0,1.0,0.0,40,41,2,8,1 s
5436,Aftertreatment 1 Diesel Exhaust Fluid Tank Drain Valve Command,A1DEFSI,%,0 to 100 %,,0.0,100.0,0.4,0.0,48,55,8,8,1 s
5437,Aftertreatment 2 Diesel Exhaust Fluid Tank Fill Valve Command,A2DEFSI,%,0 to 100 %,,0.0,100.0,0.4,0.0,32,39,8,8,1 s
5438,Aftertreatment 2 Diesel Exhaust Fluid Pump State,A2DEFSI,bit,0 to 3,,0.0,3.0,1.0,0.0,40,41,2,8,1 s
5439,Aftertreatment 2 Diesel Exhaust Fluid Tank Drain Valve Command,A2DEFSI,%,0 to 100 %,,0.0,100.0,0.4,0.0,48,55,8,8,1 s
544,Engine Reference Torque (Engine Configuration),EC1,Nm,"0 to 64,255 Nm",,0.0,64255.0,1.0,0.0,152,167,16,39,Every 5 s and on change of torque/speed points of more than 10% since last transmission but no faster than every 500 ms
5444,Engine Crankcase Breather Oil Separator Speed,EEC7,rpm,0 to 64255 rpm,,0.0,64255.0,1.0,0.0,32,47,16,8,100 ms
5445,Engine Throttle Valve 1 Operation Status,EFTVI,bit,0 to 15,,0.0,15.0,1.0,0.0,48,51,4,8,100 ms
5446,Engine Throttle Valve 2 Operation Status,EFTVI,bit,0 to 15,,0.0,15.0,1.0,0.0,52,55,4,8,100 ms
5447,Engine Fuel Valve 1 Operation Status,EFTVI,bit,0 to 15,,0.0,15.0,1.0,0.0,56,59,4,8,100 ms
5448,Engine Fuel Valve 2 Operation Status,EFTVI,bit,0 to 15,,0.0,15.0,1.0,0.0,60,63,4,8,100 ms
5449,Engine Turbocharger Compressor Bypass Actuator 1 Operation Status,ETCBI,bit,0 to 15,,0.0,15.0,1.0,0.0,24,27,4,8,100 ms
545,Engine Gain (Kp) Of The Endspeed Governor (Engine Configuration),EC1,%/rpm,0 to 50.2 %/rpm,,0.0,50.2,1.0,0.0,136,151,16,39,Every 5 s and on change of torque/speed points of more than 10% since last transmission but no faster than every 500 ms
5450,Engine Turbocharger Compressor Bypass Actuator 2 Operation Status,ETCBI,bit,0 to 15,,0.0,15.0,1.0,0.0,28,31,4,8,100 ms
5451,Engine Turbocharger Wastegate Actuator 1 Operation Status,ETWAI,bit,0 to 15,,0.0,15.0,1.0,0.0,8,11,4,8,100 ms
5452,Engine Turbocharger Wastegate Actuator 2 Operation Status,ETWAI,bit,0 to 15,,0.0,15.0,1.0,0.0,12,15,4,8,100 ms
5454,Aftertreatment 1 Average Time Between Active Regenerations,AT1HI,Seconds,"0 to 4,211,081,215 s",,0.0,4211081215.0,1.0,0.0,256,287,32,Variable,On request
5455,Aftertreatment 2 Average Time Between Active Regenerations,AT2HI,Seconds,"0 to 4,211,081,215 s",,0.0,4211081215.0,1.0,0.0,256,287,32,Variable,On request
5456,Aftertreatment 1 Hydrocarbon Doser Intake Fuel Temperature,AT1FC2,deg F,-40.0 to 410.0 deg F,,-40.0,410.0,1.8,-40.0,40,47,8,8,500 ms
5457,Engine Variable Geometry Turbocharger 1 Control Mode,EEC5,bit,0 to 3,,0.0,3.0,1.0,0.0,52,53,2,8,On request
5458,Flexible Fuel Percentage,LFI,%,0 to 160.6375 %,0 to 100%,0.0,100.0,0.0025,0.0,48,63,16,8,On request
5459,Aftertreatment 1 NOx Adsorber deNOx Regeneration Status,AFT1NAI,bit,0 to 3,,0.0,3.0,1.0,0.0,0,1,2,8,1 s
546,"Retarder Speed At Idle, Point 1 (Retarder Configuration)",RC,rpm,"0 to 8,031.875 rpm",,0.0,8031.875,0.125,0.0,16,31,16,19,Every 5 s and on change of torque/speed points of more than 10% since last transmission but no faster than every 500 ms
5460,Aftertreatment 2 NOx Adsorber deNOx Regeneration Status,AFT2NAI,bit,0 to 3,,0.0,3.0,1.0,0.0,0,1,2,8,1 s
5461,Aftertreatment 1 NOx Adsorber deSOx Regeneration Status,AFT1NAI,bit,0 to 3,,0.0,3.0,1.0,0.0,2,3,2,8,1 s
5462,Aftertreatment 2 NOx Adsorber deSOx Regeneration Status,AFT2NAI,bit,0 to 3,,0.0,3.0,1.0,0.0,2,3,2,8,1 s
5463,Aftertreatment 1 SCR Operator Inducement Active Traveled Distance,SCR1,km,"0 to 64,255 km",,0.0,64255.0,1.0,0.0,40,55,16,8,On request
5464,Hybrid Battery Pack Remaining Charge,VEP4,%,0 to 160.6375 %,,0.0,160.6375,0.0025,0.0,0,15,16,8,On request
5465,Engine Intake Manifold Pressure Control Mode,EEC4,bit,0 to 3,,0.0,3.0,1.0,0.0,34,35,2,8,On request
5466,Aftertreatment 1 DPF Soot Load Regeneration Threshold,AT1S,%,0 to 160.6375 %,,0.0,160.6375,0.0025,0.0,48,63,16,8,On request
5467,Aftertreatment 2 DPF Soot Load Regeneration Threshold,AT2S,%,0 to 160.6375 %,,0.0,160.6375,0.0025,0.0,48,63,16,8,On request
5468,Engine Oil Relative Dielectricity (high resolution),EOM,,0 to 7.844,,0.0,7.844,1.0,0.0,32,47,16,8,30 seconds
5469,Engine Fuel Filter Restricted Lamp Command,DLCC1,bit,0 to 3,,0.0,3.0,1.0,0.0,22,23,2,8,Every 1 s and on change of state but no faster than every 100 ms
547,"Retarder Speed At Peak Torque, Point 5 (Retarder Configuration)",RC,rpm,"0 to 8,031.875 rpm",,0.0,8031.875,0.125,0.0,112,127,16,19,Every 5 s and on change of torque/speed points of more than 10% since last transmission but no faster than every 500 ms
5470,Engine Fuel Filter Restricted Lamp Data,DLCD1,bit,0 to 3,,0.0,3.0,1.0,0.0,22,23,2,8,1 s
5471,"Engine Friction Percent Torque At Idle, Point 1",EC3,%,-125 to 125 %,0 to 125%,0.0,125.0,1.0,-125.0,0,7,8,8,Every 5 s and on change of torque/speed points of more than 10% since last transmission but no faster than every 500 ms
5472,"Engine Friction Percent Torque At Idle, Point 2",EC3,%,-125 to 125 %,0 to 125%,0.0,125.0,1.0,-125.0,8,15,8,8,Every 5 s and on change of torque/speed points of more than 10% since last transmission but no faster than every 500 ms
5473,"Engine Friction Percent Torque At Idle, Point 3",EC3,%,-125 to 125 %,0 to 125%,0.0,125.0,1.0,-125.0,16,23,8,8,Every 5 s and on change of torque/speed points of more than 10% since last transmission but no faster than every 500 ms
5474,"Engine Friction Percent Torque At Idle, Point 4",EC3,%,-125 to 125 %,0 to 125%,0.0,125.0,1.0,-125.0,24,31,8,8,Every 5 s and on change of torque/speed points of more than 10% since last transmission but no faster than every 500 ms
5475,"Engine Friction Percent Torque At Idle, Point 5",EC3,%,-125 to 125 %,0 to 125%,0.0,125.0,1.0,-125.0,32,39,8,8,Every 5 s and on change of torque/speed points of more than 10% since last transmission but no faster than every 500 ms
5476,"Engine Friction Percent Torque At Idle, Point 6",EC3,%,-125 to 125 %,0 to 125%,0.0,125.0,1.0,-125.0,40,47,8,8,Every 5 s and on change of torque/speed points of more than 10% since last transmission but no faster than every 500 ms
5477,"Engine Friction Percent Torque At Idle, Point 7",EC3,%,-125 to 125 %,0 to 125%,0.0,125.0,1.0,-125.0,48,55,8,8,Every 5 s and on change of torque/speed points of more than 10% since last transmission but no faster than every 500 ms
548,"Maximum Retarder Speed, Point 2 (Retarder Configuration)",RC,rpm,"0 to 8,031.875 rpm",,0.0,8031.875,0.125,0.0,40,55,16,19,Every 5 s and on change of torque/speed points of more than 10% since last transmission but no faster than every 500 ms
549,Retarder Speed At Point 3 (Retarder Configuration),RC,rpm,"0 to 8,031.875 rpm",,0.0,8031.875,0.125,0.0,64,79,16,19,Every 5 s and on change of torque/speed points of more than 10% since last transmission but no faster than every 500 ms
5492,Armrest 1 Switch 2,ARMSWIMC,bit,0 to 3,,0.0,3.0,1.0,0.0,2,3,2,8,100 ms
5493,Armrest 2 Switch 1,ARMSWIMC,bit,0 to 3,,0.0,3.0,1.0,0.0,4,5,2,8,100 ms
5494,Armrest 2 Switch 2,ARMSWIMC,bit,0 to 3,,0.0,3.0,1.0,0.0,6,7,2,8,100 ms
5495,Aftertreatment 1 DPF Soot Mean Calibration Offset,AT1DPFSSC,%,0 to 160.6375 %,,0.0,160.6375,0.0025,0.0,0,15,16,8,On powerup and on request
5496,Aftertreatment 1 DPF Soot Standard Deviation Calibration Offset,AT1DPFSSC,%,0 to 160.6375 %,,0.0,160.6375,0.0025,0.0,16,31,16,8,On powerup and on request
5497,Aftertreatment 2 DPF Soot Mean Calibration Offset,AT2DPFSSC,%,0 to 160.6375 %,,0.0,160.6375,0.0025,0.0,0,15,16,8,On powerup and on request
5498,Aftertreatment 2 DPF Soot Standard Deviation Calibration Offset,AT2DPFSSC,%,0 to 160.6375 %,,0.0,160.6375,0.0025,0.0,16,31,16,8,On powerup and on request
5499,Intake Valve Actuation System Oil Pressure 1 Solenoid Control,IVAC,bit,0 to 3,,0.0,3.0,1.0,0.0,0,1,2,8,500 ms
550,Retarder Speed At Point 4 (Retarder Configuration),RC,rpm,"0 to 8,031.875 rpm",,0.0,8031.875,0.125,0.0,88,103,16,19,Every 5 s and on change of torque/speed points of more than 10% since last transmission but no faster than every 500 ms
5500,Intake Valve Actuation System Oil Pressure 2 Solenoid Control,IVAC,bit,0 to 3,,0.0,3.0,1.0,0.0,2,3,2,8,500 ms
5501,Aftertreatment 1 DPF Intake Temperature Set Point,DPFC2,deg F,-459.40000000000003 to 3154.94375 deg F,,-459.40000000000003,3154.94375,0.05625,-459.40000000000003,0,15,16,8,100 ms
5502,Relative Unburned Fuel Mass from Engine,DPFC2,%,0 to 160.6375 %,,0.0,160.6375,0.0025,0.0,16,31,16,8,100 ms
5503,Aftertreatment 1 Fuel Mass Rate,DPFC2,g/m,0 to 3212.75 g/m,,0.0,3212.75,0.05,0.0,32,47,16,8,100 ms
5504,Hydrocarbon Doser Purging Enable,DPFC1,bit,0 to 3,,0.0,3.0,1.0,0.0,56,57,2,8,"Every 1 s and on change of state but no faster than every 100 ms.  Grandfathered definition for systems that implemented this message prior to July, 2010:  1 s and on change"
5505,Requested Fuel Mass Rate,HCDI1,g/m,0 to 3212.75 g/m,,0.0,3212.75,0.05,0.0,0,15,16,8,100 ms
5506,HC Doser Status,HCDI1,bit,0 to 7,,0.0,7.0,1.0,0.0,16,18,3,8,100 ms
5507,HC Doser Injecting Status,HCDI1,bit,0 to 3,,0.0,3.0,1.0,0.0,19,20,2,8,100 ms
5508,Diagnostic Status of HC Doser,HCDI1,bit,0 to 7,,0.0,7.0,1.0,0.0,21,23,3,8,100 ms
5509,Hydrocarbon Doser Purging Needed,HCDI1,bit,0 to 3,,0.0,3.0,1.0,0.0,24,25,2,8,100 ms
551,"Percent Torque At Idle, Point 1 (Retarder Configuration)",RC,%,-125 to 125 %,-125 to 0%,-125.0,0.0,1.0,-125.0,32,39,8,19,Every 5 s and on change of torque/speed points of more than 10% since last transmission but no faster than every 500 ms
5510,Lubrication Cycle Mode Lock Command,VLS1,bit,0 to 3,,0.0,3.0,1.0,0.0,0,1,2,8,On request
5511,Lubrication Cycle Set Command,VLS1,bit,0 to 7,,0.0,7.0,1.0,0.0,2,4,3,8,On request
5512,Lubrication Operation Mode Set Command,VLS1,bit,0 to 7,,0.0,7.0,1.0,0.0,5,7,3,8,On request
5513,Lubrication Pump Enable Command,VLS1,bit,0 to 3,,0.0,3.0,1.0,0.0,8,9,2,8,On request
5514,Lubrication Timing Cycle Command,VLS1,bit,0 to 3,,0.0,3.0,1.0,0.0,10,11,2,8,On request
5515,Lubrication Cycle Mode Lock Status,VLS2,bit,0 to 3,,0.0,3.0,1.0,0.0,0,1,2,8,500 ms
5516,Lubrication Cycle Mode Status,VLS2,bit,0 to 7,,0.0,7.0,1.0,0.0,2,4,3,8,500 ms
5517,Lubrication Operation Mode Status,VLS2,bit,0 to 7,,0.0,7.0,1.0,0.0,5,7,3,8,500 ms
5518,Lubrication Pump Enable Status,VLS2,bit,0 to 3,,0.0,3.0,1.0,0.0,8,9,2,8,500 ms
5519,Lubrication Reservoir Level,VLS2,bit,0 to 3,,0.0,3.0,1.0,0.0,10,11,2,8,500 ms
552,"Percent Torque At Maximum Speed, Point 2 (Retarder Configuration)",RC,%,-125 to 125 %,-125 to 0%,-125.0,0.0,1.0,-125.0,56,63,8,19,Every 5 s and on change of torque/speed points of more than 10% since last transmission but no faster than every 500 ms
5520,Lubrication Timing Cycle Status,VLS2,bit,0 to 3,,0.0,3.0,1.0,0.0,12,13,2,8,500 ms
553,Percent Torque At Point 3 (Retarder Configuration),RC,%,-125 to 125 %,-125 to 0%,-125.0,0.0,1.0,-125.0,80,87,8,19,Every 5 s and on change of torque/speed points of more than 10% since last transmission but no faster than every 500 ms
5532,Switch Backlight Illumination Brightness Percent,CL,%,0 to 100 %,,0.0,100.0,0.4,0.0,8,15,8,8,Every 5 s and on change of state but no faster than every 100 ms
5533,Hydraulic Oil Dynamic Viscosity,HOP,Cp,0 to 1003.984375 Cp,,0.0,1003.984375,0.015625,0.0,0,15,16,8,30 seconds
5534,Hydraulic Oil Density,HOP,g/cc,0 to 1.961 g/cc,,0.0,1.961,3.052e-05,0.0,16,31,16,8,30 seconds
5535,Hydraulic Oil Relative Dielectricity (high resolution),HOP,,0 to 7.844,,0.0,7.844,1.0,0.0,32,47,16,8,30 seconds
5536,Hydraulic Oil Temperature (High Resolution),HOP,deg F,-459.40000000000003 to 3154.94375 deg F,,-459.40000000000003,3154.94375,0.05625,-459.40000000000003,48,63,16,8,30 seconds
5537,Engine Fuel Dynamic Viscosity,EFP,Cp,0 to 1003.984375 Cp,,0.0,1003.984375,0.015625,0.0,0,15,16,8,30 seconds
5538,Engine Fuel Density,EFP,g/cc,0 to 1.961 g/cc,,0.0,1.961,3.052e-05,0.0,16,31,16,8,30 seconds
5539,Engine Fuel Dielectricity (high resolution),EFP,,0 to 7.844,,0.0,7.844,1.0,0.0,32,47,16,8,30 seconds
554,Percent Torque At Point 4 (Retarder Configuration),RC,%,-125 to 125 %,-125 to 0%,-125.0,0.0,1.0,-125.0,104,111,8,19,Every 5 s and on change of torque/speed points of more than 10% since last transmission but no faster than every 500 ms
5540,Engine Fuel Temperature (High Resolution),EFP,deg F,-459.40000000000003 to 3154.94375 deg F,,-459.40000000000003,3154.94375,0.05625,-459.40000000000003,48,63,16,8,30 seconds
5541,Engine Turbocharger 1 Turbine Outlet Pressure,EBCC,psi,0.0 to 72.518869 psi,,0.0,72.518869,0.290075476,0.0,0,7,8,8,100 ms
5542,Desired Engine Turbocharger 1 Turbine Outlet Pressure,EBCC,psi,0.0 to 72.518869 psi,,0.0,72.518869,0.290075476,0.0,8,15,8,8,100 ms
5543,Engine Exhaust Brake Actuator Command,EBCC,%,0 to 100 %,,0.0,100.0,0.4,0.0,16,23,8,8,100 ms
5544,Engine Turbocharger 2 Turbine Outlet Pressure,EBCC,psi,0.0 to 72.518869 psi,,0.0,72.518869,0.290075476,0.0,24,31,8,8,100 ms
5545,Desired Engine Turbocharger 2 Turbine Outlet Pressure,EBCC,psi,0.0 to 72.518869 psi,,0.0,72.518869,0.290075476,0.0,32,39,8,8,100 ms
5546,Engine Auxiliary Cooler Supply Valve 1 Actuator Command,ECCVC,%,0 to 100 %,,0.0,100.0,0.4,0.0,24,31,8,8,1 sec
5547,Engine Auxiliary Cooler Supply Valve 2 Actuator Command,ECCVC,%,0 to 100 %,,0.0,100.0,0.4,0.0,32,39,8,8,1 sec
5548,Engine Cold Start Fuel Igniter Command,CSA,%,0 to 100 %,,0.0,100.0,0.4,0.0,16,23,8,8,As required
5549,Engine Cold Start Fuel Igniter Relay,CSA,bit,0 to 3,,0.0,3.0,1.0,0.0,24,25,2,8,As required
555,"Percent Torque At Peak Torque, Point 5 (Retarder Configuration)",RC,%,-125 to 125 %,-125 to 0%,-125.0,0.0,1.0,-125.0,144,151,8,19,Every 5 s and on change of torque/speed points of more than 10% since last transmission but no faster than every 500 ms
5550,Engine Cold Start Fuel Igniter Relay Feedback,CSA,bit,0 to 3,,0.0,3.0,1.0,0.0,26,27,2,8,As required
5551,Magnet Generator Control,MSI2,bit,0 to 3,,0.0,3.0,1.0,0.0,38,39,2,8,50 ms
5552,Supplemental Fan Enable Command,SFC,bit,0 to 3,,0.0,3.0,1.0,0.0,0,1,2,8,1 second
5553,Supplemental Fan Direction Command,SFC,bit,0 to 3,,0.0,3.0,1.0,0.0,2,3,2,8,1 second
5554,Supplemental Fan Speed Command,SFC,rpm,"0 to 32,127.5 rpm",,0.0,32127.5,0.5,0.0,8,23,16,8,1 second
5555,Supplemental Fan Power Hold,SFC,bit,0 to 3,,0.0,3.0,1.0,0.0,24,25,2,8,1 second
5556,Supplemental Fan Enable Status,SFS,bit,0 to 3,,0.0,3.0,1.0,0.0,0,1,2,8,1 second
5557,Supplemental Fan Direction Status,SFS,bit,0 to 3,,0.0,3.0,1.0,0.0,2,3,2,8,1 second
5558,Supplemental Fan Velocity Status,SFS,bit,0 to 15,,0.0,15.0,1.0,0.0,4,7,4,8,1 second
5559,Supplemental Fan Controller Temperature Status,SFS,bit,0 to 7,,0.0,7.0,1.0,0.0,8,10,3,8,1 second
556,Reference Retarder Torque (Retarder Configuration),RC,Nm,"0 to 64,255 Nm",,0.0,64255.0,1.0,0.0,128,143,16,19,Every 5 s and on change of torque/speed points of more than 10% since last transmission but no faster than every 500 ms
5560,Supplemental Fan Drive Status,SFS,bit,0 to 15,,0.0,15.0,1.0,0.0,11,14,4,8,1 second
5561,Supplemental Fan Controller ECU Temperature,SFS,deg F,-40.0 to 410.0 deg F,,-40.0,410.0,1.8,-40.0,16,23,8,8,1 second
5562,Supplemental Fan Speed,SFS,rpm,"0 to 32,127.5 rpm",,0.0,32127.5,0.5,0.0,24,39,16,8,1 second
5563,Supplemental Fan Current,SFS,Amps,-125 to 125 A,,-125.0,125.0,1.0,-125.0,40,47,8,8,1 second
5564,Supplemental Fan Power,SFS,W,0 to 32127.5 W,,0.0,32127.5,0.5,0.0,48,63,16,8,1 second
5565,Coolant Level Engine Protection Shutdown Override Command,ECC,bit,0 to 3,,0.0,3.0,1.0,0.0,0,1,2,8,Every 10 seconds and on change but no faster than 1 second.
5566,Coolant Level Engine Protection Shutdown Status,SHUTDN,bit,0 to 3,,0.0,3.0,1.0,0.0,60,61,2,8,1 s
5567,Engine Speed Governor Gain Adjust,GC1,count,-32128 to 32127,,-32128.0,32127.0,1.0,-32128.0,32,47,16,8,100 ms
5568,Engine Speed Governor Droop,GC1,%,0 to 10%,,0.0,10.0,0.04,0.0,48,55,8,8,100 ms
5569,DPF 1 Soot Sensor ECU Internal Temperature,DPF1S,deg F,-40.0 to 410.0 deg F,,-40.0,410.0,1.8,-40.0,56,63,8,8,1 sec
557,Retarder Control Method (Retarder Configuration),RC,step,0 to 250 steps,,0.0,250.0,1.0,0.0,8,15,8,19,Every 5 s and on change of torque/speed points of more than 10% since last transmission but no faster than every 500 ms
5570,DPF 2 Soot Sensor ECU Internal Temperature,DPF2S,deg F,-40.0 to 410.0 deg F,,-40.0,410.0,1.8,-40.0,56,63,8,8,1 sec
5578,Engine Fuel Delivery Absolute Pressure,EFL/P12,psi,0.0 to 145.037738 psi,,0.0,145.037738,0.580150952,0.0,0,7,8,8,500 ms
5579,Engine Filtered Fuel Delivery Pressure,EFL/P12,psi,0.0 to 145.037738 psi,,0.0,145.037738,0.580150952,0.0,8,15,8,8,500 ms
558,Accelerator Pedal 1 Low Idle Switch,EEC2,bit,0 to 3,,0.0,3.0,1.0,0.0,0,1,2,8,50 msec (preferred) or Engine Speed Dependent (if required by application)
5580,Engine Filtered Fuel Delivery Absolute Pressure,EFL/P12,psi,0.0 to 145.037738 psi,,0.0,145.037738,0.580150952,0.0,16,23,8,8,500 ms
5581,Calculated Ambient Air Temperature,AMB2,deg F,-459.40000000000003 to 3154.94375 deg F,,-459.40000000000003,3154.94375,0.05625,-459.40000000000003,32,47,16,8,1 s
5582,Static Roll Angle,SRASI,deg,-125 to 125 deg,-90 to 90 deg,-90.0,90.0,1.0,-125.0,0,7,8,8,100 ms
5583,Static Roll Angle Status,SRASI,bit,0 to 7,,0.0,7.0,1.0,0.0,8,10,3,8,100 ms
5584,Engine Fuel Filter Degradation,EFL/P12,%,0 to 250 %,,0.0,250.0,1.0,0.0,24,31,8,8,500 ms
5589,Aftertreatment 1 Secondary Air Absolute Pressure,AT1AC3,psi,0.0 to 931.939985519 psi,,0.0,931.939985519,0.0145037738,0.0,0,15,16,8,500 ms
559,Accelerator Pedal Kickdown Switch,EEC2,bit,0 to 3,,0.0,3.0,1.0,0.0,2,3,2,8,50 msec (preferred) or Engine Speed Dependent (if required by application)
5590,Aftertreatment 2 Secondary Air Absolute Pressure,AT2AC3,psi,0.0 to 931.939985519 psi,,0.0,931.939985519,0.0145037738,0.0,0,15,16,8,500 ms
560,Transmission Driveline Engaged,ETC1,bit,0 to 3,,0.0,3.0,1.0,0.0,0,1,2,8,10 ms
5603,Cruise Control Disable Command,CCVS2,bit,0 to 3,,0.0,3.0,1.0,0.0,0,1,2,8,Every 100 ms and on change but no faster than 20 ms
5604,Cruise Control Resume Command,CCVS2,bit,0 to 3,,0.0,3.0,1.0,0.0,2,3,2,8,Every 100 ms and on change but no faster than 20 ms
5605,Cruise Control Pause Command,CCVS2,bit,0 to 3,,0.0,3.0,1.0,0.0,4,5,2,8,Every 100 ms and on change but no faster than 20 ms
5606,Adaptive Cruise Control Readiness Status,CCVS3,bit,0 to 3,,0.0,3.0,1.0,0.0,0,1,2,8,Every 1 sec and on change but no faster than 100 ms
5607,Cruise Control System Command State,CCVS3,bit,0 to 7,,0.0,7.0,1.0,0.0,2,4,3,8,Every 1 sec and on change but no faster than 100 ms
5608,Source Address of Controlling Device for Disabling Cruise Control,CCVS3,SA,0 to 255,,0.0,255.0,1.0,0.0,8,15,8,8,Every 1 sec and on change but no faster than 100 ms
5609,Source Address of Controlling Device for Pausing Cruise Control,CCVS3,SA,0 to 255,,0.0,255.0,1.0,0.0,16,23,8,8,Every 1 sec and on change but no faster than 100 ms
561,ASR Engine Control Active,EBC1,bit,0 to 3,,0.0,3.0,1.0,0.0,0,1,2,8,100 ms
562,ASR Brake Control Active,EBC1,bit,0 to 3,,0.0,3.0,1.0,0.0,2,3,2,8,100 ms
5624,Trailer-VDC Active,VDC1,bit,0 to 3,,0.0,3.0,1.0,0.0,16,17,2,8,100ms
5625,Engine Exhaust Back Pressure Regulator Position,ETWAI,%,0 to 100 %,,0.0,100.0,0.4,0.0,16,23,8,8,100 ms
5626,Engine Exhaust Back Pressure Regulator Preliminary FMI,ETWAI,binary,0 to 31,,0.0,31.0,-3.0,0.0,24,28,5,8,100 ms
5627,Engine Exhaust Back Pressure Regulator Temperature Status,ETWAI,bit,0 to 7,,0.0,7.0,1.0,0.0,29,31,3,8,100 ms
5628,Engine Exhaust Back Pressure Regulator Control Operation Status,ETWAI,bit,0 to 15,,0.0,15.0,1.0,0.0,32,35,4,8,100 ms
5629,DPF Active Regeneration Inhibited Due to Low Exhaust Gas Pressure,DPFC1,bit,0 to 3,,0.0,3.0,1.0,0.0,58,59,2,8,"Every 1 s and on change of state but no faster than every 100 ms.  Grandfathered definition for systems that implemented this message prior to July, 2010:  1 s and on change"
563,Anti-Lock Braking (ABS) Active,EBC1,bit,0 to 3,,0.0,3.0,1.0,0.0,4,5,2,8,100 ms
5630,Park Brake Command,CM1,bit,0 to 3,,0.0,3.0,1.0,0.0,32,33,2,8,1 s
5631,Engine Throttle Valve Differential Pressure,EFL/P3,psi,0.0 to 931.939985519 psi,,0.0,931.939985519,0.0145037738,0.0,48,63,16,8,500 ms
5632,Aftertreatment 1 DPF 1 Soot Sensor Analysis Request Frequency 1,AT1DPF1S3,MHz,0 to 6425.5 MHz,,0.0,6425.5,0.1,0.0,0,15,16,8,1 s
5633,Aftertreatment 1 DPF 1 Soot Sensor Analysis Request Frequency 2,AT1DPF1S3,MHz,0 to 6425.5 MHz,,0.0,6425.5,0.1,0.0,16,31,16,8,1 s
5634,Aftertreatment 1 DPF 1 Soot Sensor Analysis Request Frequency 3,AT1DPF1S3,MHz,0 to 6425.5 MHz,,0.0,6425.5,0.1,0.0,32,47,16,8,1 s
5635,Aftertreatment 1 DPF 1 Soot Sensor Analysis Request Frequency 4,AT1DPF1S3,MHz,0 to 6425.5 MHz,,0.0,6425.5,0.1,0.0,48,63,16,8,1 s
5636,Aftertreatment 1 DPF 1 Soot Sensor Analysis Frequency 1,AT1DPF1S4,MHz,0 to 6425.5 MHz,,0.0,6425.5,0.1,0.0,0,15,16,8,1 s
5637,Aftertreatment 1 DPF 1 Soot Sensor Frequency 1 Soot Signal,AT1DPF1S4,%,0 to 160.6375 %,,0.0,160.6375,0.0025,0.0,16,31,16,8,1 s
5638,Aftertreatment 1 DPF 1 Soot Sensor Analysis Frequency 2,AT1DPF1S4,MHz,0 to 6425.5 MHz,,0.0,6425.5,0.1,0.0,32,47,16,8,1 s
5639,Aftertreatment 1 DPF 1 Soot Sensor Frequency 2 Soot Signal,AT1DPF1S4,%,0 to 160.6375 %,,0.0,160.6375,0.0025,0.0,48,63,16,8,1 s
564,Differential Lock State - Central,EAC1,bit,0 to 3,,0.0,3.0,1.0,0.0,16,17,2,8,500 ms
5640,Aftertreatment 1 DPF 1 Soot Sensor Analysis Frequency 3,AT1DPF1S5,MHz,0 to 6425.5 MHz,,0.0,6425.5,0.1,0.0,0,15,16,8,1 s
5641,Aftertreatment 1 DPF 1 Soot Sensor Frequency 3 Soot Signal,AT1DPF1S5,%,0 to 160.6375 %,,0.0,160.6375,0.0025,0.0,16,31,16,8,1 s
5642,Aftertreatment 1 DPF 1 Soot Sensor Analysis Frequency 4,AT1DPF1S5,MHz,0 to 6425.5 MHz,,0.0,6425.5,0.1,0.0,32,47,16,8,1 s
5643,Aftertreatment 1 DPF 1 Soot Sensor Frequency 4 Soot Signal,AT1DPF1S5,%,0 to 160.6375 %,,0.0,160.6375,0.0025,0.0,48,63,16,8,1 s
5644,Aftertreatment 1 DPF 2 Soot Sensor Analysis Request Frequency 1,AT1DPF2S3,MHz,0 to 6425.5 MHz,,0.0,6425.5,0.1,0.0,0,15,16,8,1 s
5645,Aftertreatment 1 DPF 2 Soot Sensor Analysis Request Frequency 2,AT1DPF2S3,MHz,0 to 6425.5 MHz,,0.0,6425.5,0.1,0.0,16,31,16,8,1 s
5646,Aftertreatment 1 DPF 2 Soot Sensor Analysis Request Frequency 3,AT1DPF2S3,MHz,0 to 6425.5 MHz,,0.0,6425.5,0.1,0.0,32,47,16,8,1 s
5647,Aftertreatment 1 DPF 2 Soot Sensor Analysis Request Frequency 4,AT1DPF2S3,MHz,0 to 6425.5 MHz,,0.0,6425.5,0.1,0.0,48,63,16,8,1 s
5648,Aftertreatment 1 DPF 2 Soot Sensor Analysis Frequency 1,AT1DPF2S4,MHz,0 to 6425.5 MHz,,0.0,6425.5,0.1,0.0,0,15,16,8,1 s
5649,Aftertreatment 1 DPF 2 Soot Sensor Frequency 1 Soot Signal,AT1DPF2S4,%,0 to 160.6375 %,,0.0,160.6375,0.0025,0.0,16,31,16,8,1 s
565,Differential Lock State - Central Front,EAC1,bit,0 to 3,,0.0,3.0,1.0,0.0,18,19,2,8,500 ms
5650,Aftertreatment 1 DPF 2 Soot Sensor Analysis Frequency 2,AT1DPF2S4,MHz,0 to 6425.5 MHz,,0.0,6425.5,0.1,0.0,32,47,16,8,1 s
5651,Aftertreatment 1 DPF 2 Soot Sensor Frequency 2 Soot Signal,AT1DPF2S4,%,0 to 160.6375 %,,0.0,160.6375,0.0025,0.0,48,63,16,8,1 s
5652,Aftertreatment 1 DPF 2 Soot Sensor Analysis Frequency 3,AT1DPF2S5,MHz,0 to 6425.5 MHz,,0.0,6425.5,0.1,0.0,0,15,16,8,1 s
5653,Aftertreatment 1 DPF 2 Soot Sensor Frequency 3 Soot Signal,AT1DPF2S5,%,0 to 160.6375 %,,0.0,160.6375,0.0025,0.0,16,31,16,8,1 s
5654,Aftertreatment 1 DPF 2 Soot Sensor Analysis Frequency 4,AT1DPF2S5,MHz,0 to 6425.5 MHz,,0.0,6425.5,0.1,0.0,32,47,16,8,1 s
5655,Aftertreatment 1 DPF 2 Soot Sensor Frequency 4 Soot Signal,AT1DPF2S5,%,0 to 160.6375 %,,0.0,160.6375,0.0025,0.0,48,63,16,8,1 s
5657,NAME Checksum / Error Code,NM,bit,0 to 255,,0.0,255.0,1.0,0.0,0,7,8,8,On request
5658,Manufacturer Code Qualifier Flag,NM,bit,0 to 1,,0.0,1.0,1.0,0.0,8,8,1,8,On request
5659,ECU Instance Qualifier Flag,NM,bit,0 to 1,,0.0,1.0,1.0,0.0,9,9,1,8,On request
566,Differential Lock State - Central Rear,EAC1,bit,0 to 3,,0.0,3.0,1.0,0.0,20,21,2,8,500 ms
5660,Function Instance Qualifier Flag,NM,bit,0 to 1,,0.0,1.0,1.0,0.0,10,10,1,8,On request
5661,Function Qualifier Flag,NM,bit,0 to 1,,0.0,1.0,1.0,0.0,11,11,1,8,On request
5662,Vehicle System Qualifier Flag,NM,bit,0 to 1,,0.0,1.0,1.0,0.0,12,12,1,8,On request
5663,Vehicle System Instance Qualifier Flag,NM,bit,0 to 1,,0.0,1.0,1.0,0.0,13,13,1,8,On request
5664,Industry Group Qualifier Flag,NM,bit,0 to 1,,0.0,1.0,1.0,0.0,14,14,1,8,On request
5665,Arbitrary Address Capable Qualifier Flag,NM,bit,0 to 1,,0.0,1.0,1.0,0.0,15,15,1,8,On request
5666,NM Control Mode Indicator,NM,bit,0 to 15,,0.0,15.0,1.0,0.0,16,19,4,8,On request
5667,Commanded Manufacturer Code,NM,bit,0 to 2047,,0.0,2047.0,1.0,0.0,16,31,11,8,On request
5668,Commanded ECU Instance,NM,bit,0 to 7,,0.0,7.0,1.0,0.0,32,34,3,8,On request
5669,Commanded Function Instance,NM,bit,0 to 31,,0.0,31.0,1.0,0.0,35,39,5,8,On request
567,Differential Lock State - Front Axle 1,EAC1,bit,0 to 3,,0.0,3.0,1.0,0.0,8,9,2,8,500 ms
5670,Commanded Function,NM,bit,0 to 255,,0.0,255.0,1.0,0.0,40,47,8,8,On request
5671,Commanded Vehicle System,NM,bit,0 to 127,,0.0,127.0,1.0,0.0,49,55,7,8,On request
5672,Commanded Vehicle System Instance,NM,bit,0 to 15,,0.0,15.0,1.0,0.0,56,59,4,8,On request
5673,Commanded Industry Group,NM,bit,0 to 7,,0.0,7.0,1.0,0.0,60,62,3,8,On request
5674,Commanded Arbitrary Address Capable,NM,bit,0 to 1,,0.0,1.0,1.0,0.0,63,63,1,8,On request
5675,Operator Shift Prompt,OI,bit,0 to 3,,0.0,3.0,1.0,0.0,2,3,2,8,10 s or on change but no more often than 1s
5676,Advanced emergency braking system state,AEBS1,bit,0 to 15,,0.0,15.0,1.0,0.0,0,3,4,8,"Every 50ms and on change of ""AEBS system state"" or change of ""Collision warning status"" but no faster than every 10 ms"
5677,Collision warning status,AEBS1,bit,0 to 15,,0.0,15.0,1.0,0.0,4,7,4,8,"Every 50ms and on change of ""AEBS system state"" or change of ""Collision warning status"" but no faster than every 10 ms"
5678,Relevant object detected for advanced emergency braking system (AEBS),AEBS1,bit,0 to 7,,0.0,7.0,1.0,0.0,8,10,3,8,"Every 50ms and on change of ""AEBS system state"" or change of ""Collision warning status"" but no faster than every 10 ms"
5679,Bend off probability of relevant object,AEBS1,bit,0 to 7,,0.0,7.0,1.0,0.0,11,13,3,8,"Every 50ms and on change of ""AEBS system state"" or change of ""Collision warning status"" but no faster than every 10 ms"
568,Differential Lock State - Front Axle 2,EAC1,bit,0 to 3,,0.0,3.0,1.0,0.0,10,11,2,8,500 ms
5680,Time to collision with relevant object,AEBS1,Seconds,0 to 12.5 s,,0.0,12.5,0.05,0.0,16,23,8,8,"Every 50ms and on change of ""AEBS system state"" or change of ""Collision warning status"" but no faster than every 10 ms"
5681,Driver activation demand for Advanced Emergency Braking System,AEBS2,bit,0 to 3,,0.0,3.0,1.0,0.0,0,1,2,8,"Every 50ms and if new SPN ""Driver activation demand for Advanced Emergency Braking System"" has changed but no faster than every 10 ms"
5682,AEBS2 message Counter,AEBS2,count,0 to 15,,0.0,15.0,1.0,0.0,56,59,4,8,"Every 50ms and if new SPN ""Driver activation demand for Advanced Emergency Braking System"" has changed but no faster than every 10 ms"
5683,AEBS2 message checksum,AEBS2,count,0 to 15,,0.0,15.0,1.0,0.0,60,63,4,8,"Every 50ms and if new SPN ""Driver activation demand for Advanced Emergency Braking System"" has changed but no faster than every 10 ms"
5684,Reference Engine Gas Mass Flow Rate,GFD,kg/h,0 to 3212.75 kg/h,,0.0,3212.75,0.05,0.0,16,31,16,8,On request
5685,Barometric Absolute Pressure (High Resolution),AMB2,psi,0.0 to 931.939985519 psi,,0.0,931.939985519,0.0145037738,0.0,48,63,16,8,1 s
569,Differential Lock State - Rear Axle 1,EAC1,bit,0 to 3,,0.0,3.0,1.0,0.0,12,13,2,8,500 ms
570,Differential Lock State - Rear Axle 2,EAC1,bit,0 to 3,,0.0,3.0,1.0,0.0,14,15,2,8,500 ms
5706,Aftertreatment 1 Diesel Exhaust Fluid Pump Heater,AT1P1I,%,0 to 100 %,,0.0,100.0,0.4,0.0,0,7,8,8,500 ms
5707,Aftertreatment 1 Diesel Exhaust Fluid Pump Heater Command,A1SCRDSR2,%,0 to 100 %,,0.0,100.0,0.4,0.0,32,39,8,8,500 ms
5708,Engine Coolant Pressure 2,EFL/P10,psi,0.0 to 72.518869 psi,,0.0,72.518869,0.290075476,0.0,56,63,8,8,500 ms
5709,NOx Sensor ATO1 Self-diagnosis Trigger,NSSR,bit,0 to 15,,0.0,15.0,1.0,0.0,0,3,4,8,As required
571,Retarder Enable - Brake Assist Switch,ERC1,bit,0 to 3,,0.0,3.0,1.0,0.0,4,5,2,8,100 ms
5710,NOx Sensor ATI1 Self-diagnosis Trigger,NSSR,bit,0 to 15,,0.0,15.0,1.0,0.0,4,7,4,8,As required
5711,NOx Sensor ATO2 Self-diagnosis Trigger,NSSR,bit,0 to 15,,0.0,15.0,1.0,0.0,8,11,4,8,As required
5712,NOx Sensor ATI2 Self-diagnosis Trigger,NSSR,bit,0 to 15,,0.0,15.0,1.0,0.0,12,15,4,8,As required
5713,NOx Sensor ATO1 Self-diagnosis Status,AT1IG1,bit,0 to 7,,0.0,7.0,1.0,0.0,53,55,3,8,50 ms
5714,NOx Sensor ATI1 Self-diagnosis Status,AT1OG1,bit,0 to 7,,0.0,7.0,1.0,0.0,53,55,3,8,50 ms
5715,NOx Sensor ATO2 Self-diagnosis Status,AT2IG1,bit,0 to 7,,0.0,7.0,1.0,0.0,53,55,3,8,50 ms
5716,NOx Sensor ATI2 Self-diagnosis Status,AT2OG1,bit,0 to 7,,0.0,7.0,1.0,0.0,53,55,3,8,50 ms
5717,NOx Sensor ATO1 Self-diagnosis Final Result,AT1OGC2,Ratio,0 to 250,,0.0,250.0,1.0,0.0,32,39,8,8,On request
5718,NOx Sensor ATI1 Self-diagnosis Final Result,AT1IGC2,Ratio,0 to 250,,0.0,250.0,1.0,0.0,32,39,8,8,On request
5719,NOx Sensor ATO2 Self-diagnosis Final Result,AT2OGC2,Ratio,0 to 250,,0.0,250.0,1.0,0.0,32,39,8,8,On request
572,Retarder Enable - Shift Assist Switch,ERC1,bit,0 to 3,,0.0,3.0,1.0,0.0,6,7,2,8,100 ms
5720,NOx Sensor ATI2 Self-diagnosis Final Result,AT2IGC2,Ratio,0 to 250,,0.0,250.0,1.0,0.0,32,39,8,8,On request
5721,NOx Sensor ATO1 Operation Hours Counter,AT1OGC1,hours,0 to 64255 h,,0.0,64255.0,1.0,0.0,40,55,16,8,"On start-up, and every second until the dewpoint signal state = 1 (SPN 3238) has been received by the transmitter"
5722,NOx Sensor ATI1 Operation Hours Counter,AT1IGC1,hours,0 to 64255 h,,0.0,64255.0,1.0,0.0,40,55,16,8,"On start-up, and every second until the dewpoint signal state = 1 (SPN 3237) has been received by the transmitter"
5723,NOx Sensor ATO2 Operation Hours Counter,AT2OGC1,hours,0 to 64255 h,,0.0,64255.0,1.0,0.0,40,55,16,8,"On start-up, and every second until the dewpoint signal state = 1 (SPN 3240) has been received by the transmitter"
5724,NOx Sensor ATI2 Operation Hours Counter,AT2IGC1,hours,0 to 64255 h,,0.0,64255.0,1.0,0.0,40,55,16,8,"On start-up, and every second until the dewpoint signal state = 1 (SPN 3239) has been received by the transmitter"
573,Transmission Torque Converter Lockup Engaged,ETC1,bit,0 to 3,,0.0,3.0,1.0,0.0,2,3,2,8,10 ms
574,Transmission Shift In Process,ETC1,bit,0 to 3,,0.0,3.0,1.0,0.0,4,5,2,8,10 ms
575,ABS Off-road Switch,EBC1,bit,0 to 3,,0.0,3.0,1.0,0.0,16,17,2,8,100 ms
5750,Wireless Rolling Message Counter,WS,count,"0 to 64,255",,0.0,64255.0,1.0,0.0,0,15,16,8,50 ms
5751,Transmitter Command State,WS,bit,0 to 15,,0.0,15.0,1.0,0.0,20,23,4,8,50 ms
5752,Transmitter ID,WS,ID,0 to 16449635,,0.0,16449635.0,1.0,0.0,24,47,24,8,50 ms
5753,Wireless Signal Strength,WS,dBm,-125 to 0 dBm,,-125.0,0.0,0.5,-125.0,48,55,8,8,50 ms
5754,Unique Beacon Message Identifier Number,RBR,count,"0 to 64,255",,0.0,64255.0,1.0,0.0,0,15,16,8,On request
5755,Radio Beacon Direction,RBR,bit,0 to 3,,0.0,3.0,1.0,0.0,22,23,2,8,On request
5756,Transmitter ID 2,RBR,ID,0 to 16449635,,0.0,16449635.0,1.0,0.0,24,47,24,8,On request
5757,Wireless Signal Strength 2,RBR,dBm,-125 to 0 dBm,,-125.0,0.0,0.5,-125.0,48,55,8,8,On request
5758,Aftertreatment 1 Intake Gas Sensor Power Supply,EEC12,bit,0 to 3,,0.0,3.0,1.0,0.0,0,1,2,8,On request
5759,Aftertreatment 1 Outlet Gas Sensor Power Supply,EEC12,bit,0 to 3,,0.0,3.0,1.0,0.0,2,3,2,8,On request
576,ASR Off-road Switch,EBC1,bit,0 to 3,,0.0,3.0,1.0,0.0,18,19,2,8,100 ms
5760,Aftertreatment 2 Intake Gas Sensor Power Supply,EEC12,bit,0 to 3,,0.0,3.0,1.0,0.0,4,5,2,8,On request
5761,Aftertreatment 2 Outlet Gas Sensor Power Supply,EEC12,bit,0 to 3,,0.0,3.0,1.0,0.0,6,7,2,8,On request
5762,Transmission load reduction inhibit request,TC1,bit,0 to 3,,0.0,3.0,1.0,0.0,38,39,2,8,When active; 50 ms to transmission and axles
5763,Engine Exhaust Gas Recirculation 1 Actuator 1 Preliminary FMI,EEGR1A,binary,0 to 31,,0.0,31.0,-3.0,0.0,0,4,5,8,100 ms
5764,Engine Exhaust Gas Recirculation 1 Actuator 1 Temperature Status,EEGR1A,bit,0 to 7,,0.0,7.0,1.0,0.0,5,7,3,8,100 ms
5765,Engine Exhaust Gas Recirculation 1 Actuator 1 Temperature,EEGR1A,deg F,-40.0 to 410.0 deg F,,-40.0,410.0,1.8,-40.0,8,15,8,8,100 ms
5766,Engine Exhaust Gas Recirculation 1 Actuator 1 Desired Position,EEGR1A,%,0 to 100 %,,0.0,100.0,0.4,0.0,16,23,8,8,100 ms
5767,Engine Exhaust Gas Recirculation 1 Actuator 2 Preliminary FMI,EEGR1A,binary,0 to 31,,0.0,31.0,-3.0,0.0,24,28,5,8,100 ms
5768,Engine Exhaust Gas Recirculation 1 Actuator 2 Temperature Status,EEGR1A,bit,0 to 7,,0.0,7.0,1.0,0.0,29,31,3,8,100 ms
5769,Engine Exhaust Gas Recirculation 1 Actuator 2 Temperature,EEGR1A,deg F,-40.0 to 410.0 deg F,,-40.0,410.0,1.8,-40.0,32,39,8,8,100 ms
577,"ASR ""Hill Holder"" Switch",EBC1,bit,0 to 3,,0.0,3.0,1.0,0.0,20,21,2,8,100 ms
5770,Engine Exhaust Gas Recirculation 1 Actuator 2 Desired Position,EEGR1A,%,0 to 100 %,,0.0,100.0,0.4,0.0,40,47,8,8,100 ms
5771,Engine Exhaust Gas Recirculation 1 Actuator 1 Operation Status,EEGR1A,bit,0 to 15,,0.0,15.0,1.0,0.0,48,51,4,8,100 ms
5772,Engine Exhaust Gas Recirculation 1 Actuator 2 Operation Status,EEGR1A,bit,0 to 15,,0.0,15.0,1.0,0.0,52,55,4,8,100 ms
5773,Engine Exhaust Gas Recirculation 2 Actuator 1 Preliminary FMI,EEGR1A,binary,0 to 31,,0.0,31.0,-3.0,0.0,0,4,5,8,100 ms
5774,Engine Exhaust Gas Recirculation 2 Actuator 1 Temperature Status,EEGR1A,bit,0 to 7,,0.0,7.0,1.0,0.0,5,7,3,8,100 ms
5775,Engine Exhaust Gas Recirculation 2 Actuator 1 Temperature,EEGR1A,deg F,-40.0 to 410.0 deg F,,-40.0,410.0,1.8,-40.0,8,15,8,8,100 ms
5776,Engine Exhaust Gas Recirculation 2 Actuator 1 Desired Position,EEGR1A,%,0 to 100 %,,0.0,100.0,0.4,0.0,16,23,8,8,100 ms
5777,Engine Exhaust Gas Recirculation 2 Actuator 2 Preliminary FMI,EEGR1A,binary,0 to 31,,0.0,31.0,-3.0,0.0,24,28,5,8,100 ms
5778,Engine Exhaust Gas Recirculation 2 Actuator 2 Temperature Status,EEGR1A,bit,0 to 7,,0.0,7.0,1.0,0.0,29,31,3,8,100 ms
5779,Engine Exhaust Gas Recirculation 2 Actuator 2 Temperature,EEGR1A,deg F,-40.0 to 410.0 deg F,,-40.0,410.0,1.8,-40.0,32,39,8,8,100 ms
578,Drive Axle Temperature,AI,deg F,-40.0 to 410.0 deg F,,-40.0,410.0,1.8,-40.0,24,31,8,8,1 s
5780,Engine Exhaust Gas Recirculation 2 Actuator 2 Desired Position,EEGR1A,%,0 to 100 %,,0.0,100.0,0.4,0.0,40,47,8,8,100 ms
5781,Engine Exhaust Gas Recirculation 2 Actuator 1 Operation Status,EEGR1A,bit,0 to 15,,0.0,15.0,1.0,0.0,48,51,4,8,100 ms
5782,Engine Exhaust Gas Recirculation 2 Actuator 2 Operation Status,EEGR1A,bit,0 to 15,,0.0,15.0,1.0,0.0,52,55,4,8,100 ms
5783,Engine Throttle Valve 1 Temperature,EF/TVI2,deg F,-40.0 to 410.0 deg F,,-40.0,410.0,1.8,-40.0,0,7,8,8,100 ms
5784,Engine Throttle Valve 2 Temperature,EF/TVI2,deg F,-40.0 to 410.0 deg F,,-40.0,410.0,1.8,-40.0,8,15,8,8,100 ms
5785,Engine Fuel Valve 1 Temperature,EF/TVI2,deg F,-40.0 to 410.0 deg F,,-40.0,410.0,1.8,-40.0,16,23,8,8,100 ms
5786,Engine Fuel Valve 2 Temperature,EF/TVI2,deg F,-40.0 to 410.0 deg F,,-40.0,410.0,1.8,-40.0,24,31,8,8,100 ms
5787,Engine Turbocharger Wastegate Actuator 2 Temperature,EF/TVI2,deg F,-40.0 to 410.0 deg F,,-40.0,410.0,1.8,-40.0,32,39,8,8,100 ms
5788,Engine Turbocharger Wastegate Actuator 1 Temperature,ETWAI,deg F,-40.0 to 410.0 deg F,,-40.0,410.0,1.8,-40.0,40,47,8,8,100 ms
5789,Engine Exhaust Back Pressure Actuator 1 Desired Position,ETWAI,%,0 to 100 %,,0.0,100.0,0.4,0.0,48,55,8,8,100 ms
579,Drive Axle Lift Air Pressure,AI,psi,0.0 to 145.037738 psi,,0.0,145.037738,0.580150952,0.0,16,23,8,8,1 s
5790,Engine Exhaust Back Pressure Actuator 1 Temperature,ETWAI,deg F,-40.0 to 410.0 deg F,,-40.0,410.0,1.8,-40.0,56,63,8,8,100 ms
5791,Engine Turbocharger Compressor Bypass Actuator 1 Temperature,ETCBI,deg F,-40.0 to 410.0 deg F,,-40.0,410.0,1.8,-40.0,32,39,8,8,100 ms
5792,Engine Turbocharger Compressor Bypass Actuator 2 Temperature,ETCBI,deg F,-40.0 to 410.0 deg F,,-40.0,410.0,1.8,-40.0,40,47,8,8,100 ms
5793,Desired Engine Fueling State,ESR,bit,0 to 3,,0.0,3.0,1.0,0.0,0,1,2,8,Every 1 sec and on change but no faster than 100 ms
5794,Feedback Engine Fueling State,EEC13,bit,0 to 3,,0.0,3.0,1.0,0.0,0,1,2,8,Every 1 sec and on change but no faster than 100 ms
5795,Engine Fueling Inhibit Allowed,EEC13,bit,0 to 3,,0.0,3.0,1.0,0.0,2,3,2,8,Every 1 sec and on change but no faster than 100 ms
580,Altitude,VDS,m,-2500 to 5531.875 m,,-2500.0,5531.875,0.125,-2500.0,48,63,16,8,On request
5800,Auxiliary valve 0 exit/reason code,AV00EF,bit,0 to 63,,0.0,63.0,1.0,0.0,32,37,6,8,100 ms
5801,Auxiliary valve 1 exit/reason code,AV01EF,bit,0 to 63,,0.0,63.0,1.0,0.0,32,37,6,8,100 ms
5802,Auxiliary valve 2 exit/reason code,AV02EF,bit,0 to 63,,0.0,63.0,1.0,0.0,32,37,6,8,100 ms
5803,Auxiliary valve 3 exit/reason code,AV03EF,bit,0 to 63,,0.0,63.0,1.0,0.0,32,37,6,8,100 ms
5804,Auxiliary valve 4 exit/reason code,AV04EF,bit,0 to 63,,0.0,63.0,1.0,0.0,32,37,6,8,100 ms
5805,Auxiliary valve 5 exit/reason code,AV05EF,bit,0 to 63,,0.0,63.0,1.0,0.0,32,37,6,8,100 ms
5806,Auxiliary valve 6 exit/reason code,AV06EF,bit,0 to 63,,0.0,63.0,1.0,0.0,32,37,6,8,100 ms
5807,Auxiliary valve 7 exit/reason code,AV07EF,bit,0 to 63,,0.0,63.0,1.0,0.0,32,37,6,8,100 ms
5808,Auxiliary valve 8 exit/reason code,AV08EF,bit,0 to 63,,0.0,63.0,1.0,0.0,32,37,6,8,100 ms
5809,Auxiliary valve 9 exit/reason code,AV09EF,bit,0 to 63,,0.0,63.0,1.0,0.0,32,37,6,8,100 ms
581,Transmission Gear Ratio,TCFG,Ratio,0 to 64.255,,0.0,64.255,0.001,0.0,16,31,16,Variable,On request
5810,Auxiliary valve 10 exit/reason code,AV10EF,bit,0 to 63,,0.0,63.0,1.0,0.0,32,37,6,8,100 ms
5811,Auxiliary valve 11 exit/reason code,AV11EF,bit,0 to 63,,0.0,63.0,1.0,0.0,32,37,6,8,100 ms
5812,Auxiliary valve 12 exit/reason code,AV12EF,bit,0 to 63,,0.0,63.0,1.0,0.0,32,37,6,8,100 ms
5813,Auxiliary valve 13 exit/reason code,AV13EF,bit,0 to 63,,0.0,63.0,1.0,0.0,32,37,6,8,100 ms
5814,Auxiliary valve 14 exit/reason code,AV14EF,bit,0 to 63,,0.0,63.0,1.0,0.0,32,37,6,8,100 ms
5815,Auxiliary valve 15 exit/reason code,AV15EF,bit,0 to 63,,0.0,63.0,1.0,0.0,32,37,6,8,100 ms
5816,Front hitch exit/reason code,FPTO,bit,0 to 31,,0.0,31.0,1.0,0.0,40,44,5,8,"100ms when engage, otherwise on request"
5817,Front PTO exit/reason code,FPTO,bit,0 to 31,,0.0,31.0,1.0,0.0,48,52,5,8,"100ms when engage, otherwise on request"
5818,Machine selected speed exit/reason code,MSSC,bit,0 to 31,,0.0,31.0,1.0,0.0,48,52,5,8,100 ms
5819,Rear hitch exit/reason code,RHS,bit,0 to 31,,0.0,31.0,1.0,0.0,40,44,5,8,100ms
582,Axle Weight,VW,kg,"0 to 32,127.5 kg",,0.0,32127.5,0.5,0.0,8,23,16,8,On request
5820,Rear PTO exit/reason code,RPTO,bit,0 to 31,,0.0,31.0,1.0,0.0,48,52,5,8,"100ms when engage, otherwise on request"
5821,Wand Angle,WAND,deg,-64 to 64.51 deg,,-64.0,64.51,0.002,-64.0,0,15,16,8,20 ms
5822,Wand Sensor Figure of Merit,WAND,bit,0 to 3,,0.0,3.0,1.0,0.0,16,17,2,8,20 ms
5823,Measured Linear Displacement,LDISP,m,"0 to 6,425.5 mm (0 to 6.4255 m)",,0.0,6425.5,0.1,0.0,0,15,16,8,20 ms
5824,Linear Displacement Sensor Sensor Figure of Merit,LDISP,bit,0 to 3,,0.0,3.0,1.0,0.0,16,17,2,8,20 ms
5825,Driver Warning System Indicator Status,OI,bit,0 to 7,,0.0,7.0,1.0,0.0,8,10,3,8,10 s or on change but no more often than 1s
5826,Emission Control System Operator Inducement Severity,OI,bit,0 to 7,,0.0,7.0,1.0,0.0,11,13,3,8,10 s or on change but no more often than 1s
5827,Aftertreatment 1 Average Distance Between Active DPF Regenerations,AT1HI,m,"0 to 526,385,151.9 km",,0.0,526385151.9,0.125,0.0,288,319,32,Variable,On request
5828,Aftertreatment 2 Average Distance Between Active DPF Regenerations,AT2HI,m,"0 to 526,385,151.9 km",,0.0,526385151.9,0.125,0.0,288,319,32,Variable,On request
5829,Engine Exhaust Gas Recirculation 1 Valve 1 Position Error,EEC14,%,-125 to 132.02%,,-125.0,132.02,0.004,-125.0,0,15,16,8,On Request
583,Pitch,VDS,deg,-200 to 301.99 deg,-200 to +301.992 deg (ASCENT),-200.0,301.992,0.0078125,-200.0,32,47,16,8,On request
5830,Engine Exhaust Gas Recirculation 1 Valve 2 Position Error,EEC14,%,-125 to 132.02%,,-125.0,132.02,0.004,-125.0,16,31,16,8,On Request
5831,Engine Exhaust Gas Recirculation 2 Valve 1 Position Error,EEC11,%,-125 to 132.02%,,-125.0,132.02,0.004,-125.0,32,47,16,8,On request
5832,Engine Exhaust Gas Recirculation 2 Valve 2 Position Error,EEC11,%,-125 to 132.02%,,-125.0,132.02,0.004,-125.0,48,63,16,8,On request
5833,Engine Fuel Mass Flow Rate,EEC14,g/s,0 to 321.275 g/s,,0.0,321.275,0.005,0.0,32,47,16,8,On Request
5834,Aftertreatment 2 Fuel Mass Rate,DPFC2,g/m,0 to 3212.75 g/m,,0.0,3212.75,0.05,0.0,48,63,16,8,100 ms
5835,Aftertreatment 1 Particulate Sensor,EPSI,mg/m^3,0 to 803.1875 mg/m^3,,0.0,803.18753,0.0125,0.0,0,15,16,8,On request
5836,Aftertreatment 2 Particulate Sensor,EPSI,mg/m^3,0 to 803.1875 mg/m^3,,0.0,803.18753,0.0125,0.0,16,31,16,8,On request
5837,Fuel Type,EEC14,bit,0 to 255,,0.0,255.0,1.0,0.0,48,55,8,8,On Request
584,Latitude,VP,deg,-210 to 211.1008122 deg,-210 to +211.108122 deg (NORTH),-210.0,211.108122,10.0,-210.0,0,31,32,8,5 s
5843,Engine OBD Warm-up Sequence,DM57,bit,0 to 3,,0.0,3.0,1.0,0.0,0,1,2,0,On request
5844,Model Year,DM56,ASCII,0 to 255 per byte,,0.0,255.0,-2.0,0.0,0,63,64,0,On request
5845,Certification Engine Family Name,DM56,ASCII,0 to 255 per byte,,0.0,255.0,-2.0,0.0,64,1663,1600,0,On request
5848,Aftertreatment 1 SCR Intermediate NH3,A1SCRAI2,g/h,0 to 19276.5 g/h,,0.0,19276.5,0.3,0.0,0,15,16,8,50 ms
5849,Aftertreatment 1 SCR Intermediate NH3 Sensor Preliminary FMI,A1SCRAI2,count,0 to 31,,0.0,31.0,1.0,0.0,16,20,5,8,50 ms
585,Longitude,VP,deg,-210 to 211.1008122 deg,-210 to +211.108122 deg (EAST),-210.0,211.108122,10.0,-210.0,32,63,32,8,5 s
5850,Aftertreatment 1 SCR Intermediate NH3 Reading Stable,A1SCRAI2,bit,0 to 3,,0.0,3.0,1.0,0.0,24,25,2,8,50 ms
5851,Aftertreatment 1 SCR Intermediate NH3 Gas Sensor Power In Range,A1SCRAI2,bit,0 to 3,,0.0,3.0,1.0,0.0,26,27,2,8,50 ms
5852,Aftertreatment 1 SCR Intermediate NH3 Gas Sensor at Temperature,A1SCRAI2,bit,0 to 3,,0.0,3.0,1.0,0.0,28,29,2,8,50 ms
5853,Aftertreatment 1 SCR Intermediate NH3 Gas Sensor Heater Preliminary FMI,A1SCRAI2,count,0 to 31,,0.0,31.0,1.0,0.0,32,36,5,8,50 ms
5854,Aftertreatment 1 SCR Intermediate NH3 Gas Sensor Heater Control,A1SCRAI2,bit,0 to 3,,0.0,3.0,1.0,0.0,40,41,2,8,50 ms
5855,Aftertreatment 2 SCR Intermediate NH3,A2SCRAI2,m^3/h,0 to 6425.5 m^3/h,,0.0,6425.53,0.1,0.0,0,15,16,8,50 ms
5856,Aftertreatment 2 SCR Intermediate NH3 Sensor Preliminary FMI,A2SCRAI2,count,0 to 31,,0.0,31.0,1.0,0.0,16,20,5,8,50 ms
5857,Aftertreatment 2 SCR Intermediate NH3 Reading Stable,A2SCRAI2,bit,0 to 3,,0.0,3.0,1.0,0.0,24,25,2,8,50 ms
5858,Aftertreatment 2 SCR Intermediate NH3 Gas Sensor Power In Range,A2SCRAI2,bit,0 to 3,,0.0,3.0,1.0,0.0,26,27,2,8,50 ms
5859,Aftertreatment 2 SCR Intermediate NH3 Gas Sensor at Temperature,A2SCRAI2,bit,0 to 1,,0.0,1.0,1.0,0.0,28,28,1,8,50 ms
586,Make,CI,ASCII,0 to 255 per byte,,0.0,255.0,-2.0,0.0,-1,-1,40,Variable,On request
5860,Aftertreatment 2 SCR Intermediate NH3 Gas Sensor Heater Preliminary FMI,A2SCRAI2,count,0 to 31,,0.0,31.0,1.0,0.0,32,36,5,8,50 ms
5861,Aftertreatment 2 SCR Intermediate NH3 Gas Sensor Heater Control,A2SCRAI2,bit,0 to 3,,0.0,3.0,1.0,0.0,40,41,2,8,50 ms
5862,Aftertreatment 1 SCR Intermediate Gas Temperature,A1SCREGT2,deg F,-459.40000000000003 to 3154.94375 deg F,,-459.40000000000003,3154.94375,0.05625,-459.40000000000003,0,15,16,8,500 ms
5863,Aftertreatment 1 SCR Intermediate Gas Temperature Preliminary FMI,A1SCREGT2,count,0 to 31,,0.0,31.0,1.0,0.0,16,20,5,8,500 ms
5864,Aftertreatment 2 SCR Intermediate Gas Temperature,A2SCREGT2,deg F,-459.40000000000003 to 3154.94375 deg F,,-459.40000000000003,3154.94375,0.05625,-459.40000000000003,0,15,16,8,500 ms
5865,Aftertreatment 2 SCR Intermediate Gas Temperature Preliminary FMI,A2SCREGT2,count,0 to 31,,0.0,31.0,1.0,0.0,16,20,5,8,500 ms
5866,Engine Fueling Inhibit Prevented Reason,EEC13,bit,0 to 15,,0.0,15.0,1.0,0.0,4,7,4,8,Every 1 sec and on change but no faster than 100 ms
5867,Supply Gas Methane Percentage,GFI4,%,0 to 160.6375 %,,0.0,160.6375,0.0025,0.0,0,15,16,8 bytes,200 ms
587,Model,CI,ASCII,0 to 255 per byte,,0.0,255.0,-2.0,0.0,-1,-2,1600,Variable,On request
5872,Hybrid System Warning Indicator,HSS,bit,0 to 3,,0.0,3.0,1.0,0.0,0,1,2,8,Every 1 sec and on change but no faster than 100 ms
5873,Hybrid System Overheat Indicator,HSS,bit,0 to 3,,0.0,3.0,1.0,0.0,2,3,2,8,Every 1 sec and on change but no faster than 100 ms
5874,Hybrid System Stop Indicator,HSS,bit,0 to 3,,0.0,3.0,1.0,0.0,4,5,2,8,Every 1 sec and on change but no faster than 100 ms
588,Serial Number,CI,ASCII,0 to 255 per byte,,0.0,255.0,-2.0,0.0,-1,-3,1600,Variable,On request
589,Alternator Speed,AS,rpm,"0 to 32,127.5 rpm",,0.0,32127.5,0.5,0.0,0,15,16,8,1 sec
59,Transmission Shift Finger Gear Position,ETC3,%,0 to 100 %,,0.0,100.0,0.4,0.0,0,7,8,8,On request
590,Engine Idle Shutdown Timer State,SHUTDN,bit,0 to 3,,0.0,3.0,1.0,0.0,6,7,2,8,1 s
591,Engine Idle Shutdown Timer Function,SHUTDN,bit,0 to 3,,0.0,3.0,1.0,0.0,14,15,2,8,1 s
5913,Transmission Oil Temperature 2,TRF2,deg F,-459.40000000000003 to 3154.94375 deg F,,-459.40000000000003,3154.94375,0.05625,-459.40000000000003,32,47,16,8,1 s
5914,Transmission Oil Level 2 High / Low,TRF2,liters,-62.5 to 62.5 L,,-62.5,62.5,0.5,-62.5,48,55,8,8,1 s
5915,Transmission Oil Level 2 Countdown Timer,TRF2,bit,0 to 15,0 to 13 minutes,0.0,13.0,1.0,0.0,56,59,4,8,1 s
5916,Transmission Oil Level 2 Measurement Status,TRF2,bit,0 to 15,,0.0,15.0,1.0,0.0,60,63,4,8,1 s
592,Engine Idle Shutdown Timer Override,SHUTDN,bit,0 to 3,,0.0,3.0,1.0,0.0,4,5,2,8,1 s
593,Engine Idle Shutdown has Shutdown Engine,SHUTDN,bit,0 to 3,,0.0,3.0,1.0,0.0,0,1,2,8,1 s
594,Engine Idle Shutdown Driver Alert Mode,SHUTDN,bit,0 to 3,,0.0,3.0,1.0,0.0,2,3,2,8,1 s
595,Cruise Control Active,CCVS1,bit,0 to 3,,0.0,3.0,1.0,0.0,24,25,2,8,100 ms
596,Cruise Control Enable Switch,CCVS1,bit,0 to 3,,0.0,3.0,1.0,0.0,26,27,2,8,100 ms
597,Brake Switch,CCVS1,bit,0 to 3,,0.0,3.0,1.0,0.0,28,29,2,8,100 ms
598,Clutch Switch,CCVS1,bit,0 to 3,,0.0,3.0,1.0,0.0,30,31,2,8,100 ms
599,Cruise Control Set Switch,CCVS1,bit,0 to 3,,0.0,3.0,1.0,0.0,32,33,2,8,100 ms
60,Transmission Shift Finger Rail Position,ETC3,%,0 to 100 %,,0.0,100.0,0.4,0.0,8,15,8,8,On request
600,Cruise Control Coast (Decelerate) Switch,CCVS1,bit,0 to 3,,0.0,3.0,1.0,0.0,34,35,2,8,100 ms
601,Cruise Control Resume Switch,CCVS1,bit,0 to 3,,0.0,3.0,1.0,0.0,36,37,2,8,100 ms
602,Cruise Control Accelerate Switch,CCVS1,bit,0 to 3,,0.0,3.0,1.0,0.0,38,39,2,8,100 ms
604,Transmission Neutral Switch,ETC5,bit,0 to 3,,0.0,3.0,1.0,0.0,10,11,2,8,On request
605,Refrigerant High Pressure Switch,SHUTDN,bit,0 to 3,,0.0,3.0,1.0,0.0,20,21,2,8,1 s
606,Engine Momentary Overspeed Enable,ETC1,bit,0 to 3,,0.0,3.0,1.0,0.0,32,33,2,8,10 ms
607,Progressive Shift Disable,ETC1,bit,0 to 3,,0.0,3.0,1.0,0.0,34,35,2,8,10 ms
608,J1587 (previously SAE J1708 (J1587) Data Link),DM13,bit,0 to 3,,0.0,3.0,1.0,0.0,4,5,2,8,Sent when ever a Stop or Start broadcast event is necessary. To maintain the modified state of the vehicle network(s) the commanding device must send the Hold Signal once every 5 seconds.
619,Parking Brake Actuator,B,bit,0 to 3,,0.0,3.0,1.0,0.0,24,25,2,8,1 s
622,J1922 (previously SAE J1922 Data Link),DM13,bit,0 to 3,,0.0,3.0,1.0,0.0,2,3,2,8,Sent when ever a Stop or Start broadcast event is necessary. To maintain the modified state of the vehicle network(s) the commanding device must send the Hold Signal once every 5 seconds.
623,Red Stop Lamp,DM12,bit,0 to 3,,0.0,3.0,1.0,0.0,4,5,2,Variable,On request
624,Amber Warning Lamp,DM12,bit,0 to 3,,0.0,3.0,1.0,0.0,2,3,2,Variable,On request
626,Engine Start Enable Device 1,CSA,bit,0 to 3,,0.0,3.0,1.0,0.0,0,1,2,8,As required
632,Engine Fuel Shutoff 1 Control,EOI,bit,0 to 3,,0.0,3.0,1.0,0.0,26,27,2,8,250 ms
633,Engine Fuel Actuator 1 Control Command,TFAC,%,0 to 160.6375 %,0 to 100%,0.0,100.0,0.0025,0.0,32,47,16,8,50 msec (preferred) or Engine Speed Dependent (if required by application)
639,"J1939 Network #1, Primary Vehicle Network ( previously SAE J1939 Data Link)",DM13,bit,0 to 3,,0.0,3.0,1.0,0.0,0,1,2,8,Sent when ever a Stop or Start broadcast event is necessary. To maintain the modified state of the vehicle network(s) the commanding device must send the Hold Signal once every 5 seconds.
641,Engine Variable Geometry Turbocharger Actuator #1,EEC6,%,0 to 100 %,,0.0,100.0,0.4,0.0,16,23,8,8,100 msec (preferred) or Engine Speed Dependent (if required by application)
649,Engine Exhaust Back Pressure Regulator Control Command,ETWAC,%,0 to 160.6375 %,0 to 100%,0.0,100.0,0.0025,0.0,32,47,16,8,Engine speed dependent
681,Transmission Gear Shift Inhibit Request,TC1,bit,0 to 3,,0.0,3.0,1.0,0.0,0,1,2,8,When active; 50 ms to transmission and axles
682,Transmission Torque Converter Lockup Disable Request,TC1,bit,0 to 3,,0.0,3.0,1.0,0.0,2,3,2,8,When active; 50 ms to transmission and axles
683,Disengage Driveline Request,TC1,bit,0 to 3,,0.0,3.0,1.0,0.0,4,5,2,8,When active; 50 ms to transmission and axles
684,Requested Percent Clutch Slip,TC1,%,0 to 100 %,,0.0,100.0,0.4,0.0,8,15,8,8,When active; 50 ms to transmission and axles
685,Disengage Differential Lock Request - Front Axle 1,TC1,bit,0 to 3,,0.0,3.0,1.0,0.0,24,25,2,8,When active; 50 ms to transmission and axles
686,Disengage Differential Lock Request - Front Axle 2,TC1,bit,0 to 3,,0.0,3.0,1.0,0.0,26,27,2,8,When active; 50 ms to transmission and axles
687,Disengage Differential Lock Request - Rear Axle 1,TC1,bit,0 to 3,,0.0,3.0,1.0,0.0,28,29,2,8,When active; 50 ms to transmission and axles
688,Disengage Differential Lock Request - Rear Axle 2,TC1,bit,0 to 3,,0.0,3.0,1.0,0.0,30,31,2,8,When active; 50 ms to transmission and axles
689,Disengage Differential Lock Request - Central,TC1,bit,0 to 3,,0.0,3.0,1.0,0.0,32,33,2,8,When active; 50 ms to transmission and axles
69,Two Speed Axle Switch,CCVS1,bit,0 to 3,,0.0,3.0,1.0,0.0,0,1,2,8,100 ms
690,Disengage Differential Lock Request - Central Front,TC1,bit,0 to 3,,0.0,3.0,1.0,0.0,34,35,2,8,When active; 50 ms to transmission and axles
691,Disengage Differential Lock Request - Central Rear,TC1,bit,0 to 3,,0.0,3.0,1.0,0.0,36,37,2,8,When active; 50 ms to transmission and axles
695,Engine Override Control Mode,TSC1,bit,0 to 3,,0.0,3.0,1.0,0.0,0,1,2,8,"To engine: Control Purpose dependent or 10 ms
To retarder: 50 ms"
696,Engine Requested Speed Control Conditions,TSC1,bit,0 to 3,,0.0,3.0,1.0,0.0,2,3,2,8,"To engine: Control Purpose dependent or 10 ms
To retarder: 50 ms"
70,Parking Brake Switch,CCVS1,bit,0 to 3,,0.0,3.0,1.0,0.0,2,3,2,8,100 ms
701,Auxiliary I/O #01,AUXIO1,bit,0 to 3,,0.0,3.0,1.0,0.0,6,7,2,8,"manufacturer defined, not faster than 100 ms"
702,Auxiliary I/O #02,AUXIO1,bit,0 to 3,,0.0,3.0,1.0,0.0,4,5,2,8,"manufacturer defined, not faster than 100 ms"
703,Auxiliary I/O #03,AUXIO1,bit,0 to 3,,0.0,3.0,1.0,0.0,2,3,2,8,"manufacturer defined, not faster than 100 ms"
704,Auxiliary I/O #04,AUXIO1,bit,0 to 3,,0.0,3.0,1.0,0.0,0,1,2,8,"manufacturer defined, not faster than 100 ms"
705,Auxiliary I/O #05,AUXIO1,bit,0 to 3,,0.0,3.0,1.0,0.0,14,15,2,8,"manufacturer defined, not faster than 100 ms"
706,Auxiliary I/O #06,AUXIO1,bit,0 to 3,,0.0,3.0,1.0,0.0,12,13,2,8,"manufacturer defined, not faster than 100 ms"
707,Auxiliary I/O #07,AUXIO1,bit,0 to 3,,0.0,3.0,1.0,0.0,10,11,2,8,"manufacturer defined, not faster than 100 ms"
708,Auxiliary I/O #08,AUXIO1,bit,0 to 3,,0.0,3.0,1.0,0.0,8,9,2,8,"manufacturer defined, not faster than 100 ms"
709,Auxiliary I/O #09,AUXIO1,bit,0 to 3,,0.0,3.0,1.0,0.0,22,23,2,8,"manufacturer defined, not faster than 100 ms"
710,Auxiliary I/O #10,AUXIO1,bit,0 to 3,,0.0,3.0,1.0,0.0,20,21,2,8,"manufacturer defined, not faster than 100 ms"
711,Auxiliary I/O #11,AUXIO1,bit,0 to 3,,0.0,3.0,1.0,0.0,18,19,2,8,"manufacturer defined, not faster than 100 ms"
712,Auxiliary I/O #12,AUXIO1,bit,0 to 3,,0.0,3.0,1.0,0.0,16,17,2,8,"manufacturer defined, not faster than 100 ms"
713,Auxiliary I/O #13,AUXIO1,bit,0 to 3,,0.0,3.0,1.0,0.0,30,31,2,8,"manufacturer defined, not faster than 100 ms"
714,Auxiliary I/O #14,AUXIO1,bit,0 to 3,,0.0,3.0,1.0,0.0,28,29,2,8,"manufacturer defined, not faster than 100 ms"
715,Auxiliary I/O #15,AUXIO1,bit,0 to 3,,0.0,3.0,1.0,0.0,26,27,2,8,"manufacturer defined, not faster than 100 ms"
716,Auxiliary I/O #16,AUXIO1,bit,0 to 3,,0.0,3.0,1.0,0.0,24,25,2,8,"manufacturer defined, not faster than 100 ms"
72,Engine Blower Bypass Valve Position,A1,%,0 to 100 %,,0.0,100.0,0.4,0.0,0,7,8,8,500 ms
723,Engine Speed 2,ESSI,rpm,"0 to 32,127.5 rpm",,0.0,32127.5,0.5,0.0,16,31,16,8,"Transmitted only after requested.  After request, broadcast rate is engine speed dependent.  Update stopped after key switch cycle."
73,Auxiliary Pump Pressure,AWPP,psi,0.0 to 580.150952 psi,,0.0,580.150952,2.320603808,0.0,0,7,8,8,1 s
74,Maximum Vehicle Speed Limit,CCSS,mph,0.0 to 155.34275 mph,,0.0,155.34275,0.621371,0.0,0,7,8,8,On request
740,Transmission Lockup Clutch Actuator,ETC3,bit,0 to 3,,0.0,3.0,1.0,0.0,42,43,2,8,On request
748,Transmission Output Retarder,ERC2,bit,0 to 3,,0.0,3.0,1.0,0.0,0,1,2,8,"Every 1 s and on change of state but no faster than every 100 ms.  Grandfathered definition for systems that implemented this message prior to July, 2010: 1 s when active; or on change of state"
75,Steering Axle Temperature,AI,deg F,-40.0 to 410.0 deg F,,-40.0,410.0,1.8,-40.0,0,7,8,8,1 s
767,Transmission Reverse Direction Switch,ETC5,bit,0 to 3,,0.0,3.0,1.0,0.0,8,9,2,8,On request
768,Transmission Range High Actuator,ETC3,bit,0 to 3,,0.0,3.0,1.0,0.0,32,33,2,8,On request
769,Transmission Range Low Actuator,ETC3,bit,0 to 3,,0.0,3.0,1.0,0.0,34,35,2,8,On request
770,Transmission Splitter Direct Actuator,ETC3,bit,0 to 3,,0.0,3.0,1.0,0.0,36,37,2,8,On request
771,Transmission Splitter Indirect Actuator,ETC3,bit,0 to 3,,0.0,3.0,1.0,0.0,38,39,2,8,On request
772,Transmission Shift Finger Rail Actuator 1,ETC3,bit,0 to 3,,0.0,3.0,1.0,0.0,24,25,2,8,On request
773,Transmission Shift Finger Gear Actuator 1,ETC3,bit,0 to 3,,0.0,3.0,1.0,0.0,26,27,2,8,On request
778,Transmission High Range Sense Switch,ETC5,bit,0 to 3,,0.0,3.0,1.0,0.0,0,1,2,8,On request
779,Transmission Low Range Sense Switch,ETC5,bit,0 to 3,,0.0,3.0,1.0,0.0,2,3,2,8,On request
780,Transmission Shift Finger Neutral Indicator,ETC3,bit,0 to 3,,0.0,3.0,1.0,0.0,16,17,2,8,On request
781,Transmission Shift Finger Engagement Indicator,ETC3,bit,0 to 3,,0.0,3.0,1.0,0.0,18,19,2,8,On request
782,Transmission Shift Finger Center Rail Indicator,ETC3,bit,0 to 3,,0.0,3.0,1.0,0.0,20,21,2,8,On request
783,Transmission Shift Finger Rail Actuator 2,ETC3,bit,0 to 3,,0.0,3.0,1.0,0.0,28,29,2,8,On request
784,Transmission Shift Finger Gear Actuator 2,ETC3,bit,0 to 3,,0.0,3.0,1.0,0.0,30,31,2,8,On request
786,Transmission Defuel Actuator,ETC3,bit,0 to 3,,0.0,3.0,1.0,0.0,44,45,2,8,On request
787,Transmission Inertia Brake Actuator,ETC3,bit,0 to 3,,0.0,3.0,1.0,0.0,46,47,2,8,On request
788,Transmission Clutch Actuator,ETC3,bit,0 to 3,,0.0,3.0,1.0,0.0,40,41,2,8,On request
79,Road Surface Temperature,AMB,deg F,-459.40000000000003 to 3154.94375 deg F,,-459.40000000000003,3154.94375,0.05625,-459.40000000000003,48,63,16,8,1 s
80,Washer Fluid Level,DD,%,0 to 100 %,,0.0,100.0,0.4,0.0,0,7,8,8,1s
81,Engine DPF Intake Pressure,IC1,psi,0.0 to 18.12971725 psi,,0.0,18.12971725,0.072518869,0.0,0,7,8,8,0.5 s
82,Engine Air Start Pressure,AIR2,psi,0.0 to 145.037738 psi,,0.0,145.037738,0.580150952,0.0,0,7,8,8,On request
84,Wheel-Based Vehicle Speed,CCVS1,mph,0.0 to 155.961635516 mph,,0.0,155.961635516,0.00242723046875,0.0,8,23,16,8,100 ms
86,Cruise Control Set Speed,CCVS1,mph,0.0 to 155.34275 mph,,0.0,155.34275,0.621371,0.0,40,47,8,8,100 ms
87,Cruise Control High Set Limit Speed,CCSS,mph,0.0 to 155.34275 mph,,0.0,155.34275,0.621371,0.0,8,15,8,8,On request
875,Refrigerant Low Pressure Switch,SHUTDN,bit,0 to 3,,0.0,3.0,1.0,0.0,18,19,2,8,1 s
88,Cruise Control Low Set Limit Speed,CCSS,mph,0.0 to 155.34275 mph,,0.0,155.34275,0.621371,0.0,16,23,8,8,On request
897,Override Control Mode Priority,TSC1,bit,0 to 3,,0.0,3.0,1.0,0.0,4,5,2,8,"To engine: Control Purpose dependent or 10 ms
To retarder: 50 ms"
898,Engine Requested Speed/Speed Limit,TSC1,rpm,"0 to 8,031.875 rpm",,0.0,8031.875,0.125,0.0,8,23,16,8,"To engine: Control Purpose dependent or 10 ms
To retarder: 50 ms"
899,Engine Torque Mode,EEC1,bit,0 to 15,,0.0,15.0,1.0,0.0,0,3,4,8,engine speed dependent
90,Power Takeoff Oil Temperature,PTO,deg F,-40.0 to 410.0 deg F,,-40.0,410.0,1.8,-40.0,0,7,8,8,100 ms
900,Retarder Torque Mode,ERC1,bit,0 to 15,,0.0,15.0,1.0,0.0,0,3,4,8,100 ms
901,Retarder Type,RC,bit,0 to 15,,0.0,15.0,1.0,0.0,0,3,4,19,Every 5 s and on change of torque/speed points of more than 10% since last transmission but no faster than every 500 ms
902,Retarder Location,RC,bit,0 to 15,,0.0,15.0,1.0,0.0,4,7,4,19,Every 5 s and on change of torque/speed points of more than 10% since last transmission but no faster than every 500 ms
903,Transmission Forward Direction Switch,ETC5,bit,0 to 3,,0.0,3.0,1.0,0.0,12,13,2,8,On request
904,Front Axle Speed,EBC2,mph,0.0 to 155.961635516 mph,,0.0,155.961635516,0.00242723046875,0.0,0,15,16,8,100 ms
905,"Relative Speed; Front Axle, Left Wheel",EBC2,mph,-4.8544609375 to 4.8544609375 mph,,-4.8544609375,4.8544609375,0.0388356875,-4.46222049375,16,23,8,8,100 ms
906,"Relative Speed; Front Axle, Right Wheel",EBC2,mph,-4.8544609375 to 4.8544609375 mph,,-4.8544609375,4.8544609375,0.0388356875,-4.46222049375,24,31,8,8,100 ms
907,"Relative Speed; Rear Axle #1, Left Wheel",EBC2,mph,-4.8544609375 to 4.8544609375 mph,,-4.8544609375,4.8544609375,0.0388356875,-4.46222049375,32,39,8,8,100 ms
908,"Relative Speed; Rear Axle #1, Right Wheel",EBC2,mph,-4.8544609375 to 4.8544609375 mph,,-4.8544609375,4.8544609375,0.0388356875,-4.46222049375,40,47,8,8,100 ms
909,"Relative Speed; Rear Axle #2, Left Wheel",EBC2,mph,-4.8544609375 to 4.8544609375 mph,,-4.8544609375,4.8544609375,0.0388356875,-4.46222049375,48,55,8,8,100 ms
91,Accelerator Pedal Position 1,EEC2,%,0 to 100 %,,0.0,100.0,0.4,0.0,8,15,8,8,50 msec (preferred) or Engine Speed Dependent (if required by application)
910,"Relative Speed; Rear Axle #2, Right Wheel",EBC2,mph,-4.8544609375 to 4.8544609375 mph,,-4.8544609375,4.8544609375,0.0388356875,-4.46222049375,56,63,8,8,100 ms
911,Service Component Identification,SERV,ID,0 to 250 ID,,0.0,250.0,1.0,0.0,0,7,8,8 bytes or variable,On request
912,Service Component Identification,SERV,ID,0 to 250 ID,,0.0,250.0,1.0,0.0,24,31,8,8 bytes or variable,On request
913,Service Component Identification,SERV,ID,0 to 250 ID,,0.0,250.0,1.0,0.0,40,47,8,8 bytes or variable,On request
914,Service Distance,SERV,m,"-160,635 to 160,640 km",,-160635.0,160640.0,5.0,-160635000.0,8,23,16,8 bytes or variable,On request
915,Service Delay/Calendar Time Based,SERV,Weeks,-125 to 125 weeks,,-125.0,125.0,1.0,-125.0,32,39,8,8 bytes or variable,On request
916,Service Delay/Operational Time Based,SERV,hours,"-32,127 to 32,128 hr",,-32127.0,32128.0,1.0,-115657200.0,48,63,16,8 bytes or variable,On request
917,High Resolution Total Vehicle Distance,VDHR,meters,0 to 21055406000 meters,,0.0,21055406000.0,5.0,0.0,0,31,32,8,1 s
918,High Resolution Trip Distance,VDHR,meters,0 to 21055406000 meters,,0.0,21055406000.0,5.0,0.0,32,63,32,8,1 s
92,Engine Percent Load At Current Speed,EEC2,%,0 to 250 %,0 to 125%,0.0,125.0,1.0,0.0,16,23,8,8,50 msec (preferred) or Engine Speed Dependent (if required by application)
927,Location,EAC1,bit,0 to 255,,0.0,255.0,1.0,0.0,0,7,8,8,500 ms
928,Axle Location,VW,bit,0 to 255,,0.0,255.0,1.0,0.0,0,7,8,8,On request
929,Tire Location,TIRE,bit,0 to 255,,0.0,255.0,1.0,0.0,0,7,8,8,10 s
930,Drive Axle Location,AI,bit,0 to 255,,0.0,255.0,1.0,0.0,8,15,8,8,1 s
94,Engine Fuel Delivery Pressure,EFL/P1,psi,0.0 to 145.037738 psi,,0.0,145.037738,0.580150952,0.0,0,7,8,8,0.5 s
95,Engine Fuel Filter Differential Pressure,DD,psi,0.0 to 72.518869 psi,,0.0,72.518869,0.290075476,0.0,16,23,8,8,1s
957,Number of Forward Gear Ratios,TCFG,gear value,0 to 250,0 to 125 gear ratios,0.0,125.0,1.0,0.0,8,15,8,Variable,On request
958,Number of Reverse Gear Ratios,TCFG,gear value,0 to 250,0 to 125 gear ratios,0.0,125.0,1.0,0.0,0,7,8,Variable,On request
959,Seconds,TD,Seconds,0 to 62.5 s,0 to 59.75 sec,0.0,59.75,0.25,0.0,0,7,8,8,On request
96,Fuel Level 1,DD,%,0 to 100 %,,0.0,100.0,0.4,0.0,8,15,8,8,1s
960,Minutes,TD,minutes,0 to 250 mins,0 to 59 min,0.0,59.0,1.0,0.0,8,15,8,8,On request
961,Hours,TD,hours,0 to 250 hr,0 to 23 hr,0.0,23.0,1.0,0.0,16,23,8,8,On request
962,Day,TD,Days,0 to 62.5 days,0.25 to 31.75 day,0.25,31.75,0.25,0.0,32,39,8,8,On request
963,Month,TD,Months,0 to 250 months,1 to 12 month,1.0,12.0,1.0,0.0,24,31,8,8,On request
964,Year,TD,Years,1985 to 2235 years,,1985.0,2235.0,1.0,1985.0,40,47,8,8,On request
965,Number of Software Identification Fields,SOFT,step,0 to 250 steps,0 to 125,0.0,125.0,1.0,0.0,0,7,8,Variable,On request
966,Engine Test Mode Switch,CCVS1,bit,0 to 3,,0.0,3.0,1.0,0.0,60,61,2,8,100 ms
967,Engine Idle Decrement Switch,CCVS1,bit,0 to 3,,0.0,3.0,1.0,0.0,58,59,2,8,100 ms
968,Engine Idle Increment Switch,CCVS1,bit,0 to 3,,0.0,3.0,1.0,0.0,56,57,2,8,100 ms
969,Remote Accelerator Enable Switch,EBC1,bit,0 to 3,,0.0,3.0,1.0,0.0,30,31,2,8,100 ms
97,Water In Fuel Indicator,OI,bit,0 to 3,,0.0,3.0,1.0,0.0,0,1,2,8,10 s or on change but no more often than 1s
970,Engine Auxiliary Shutdown Switch,EBC1,bit,0 to 3,,0.0,3.0,1.0,0.0,28,29,2,8,100 ms
971,Engine Derate Switch,EBC1,bit,0 to 3,,0.0,3.0,1.0,0.0,26,27,2,8,100 ms
972,Accelerator Interlock Switch,EBC1,bit,0 to 3,,0.0,3.0,1.0,0.0,24,25,2,8,100 ms
973,Engine Retarder Selection,EBC1,%,0 to 100 %,,0.0,100.0,0.4,0.0,32,39,8,8,100 ms
974,Remote Accelerator Pedal Position,EEC2,%,0 to 100 %,,0.0,100.0,0.4,0.0,24,31,8,8,50 msec (preferred) or Engine Speed Dependent (if required by application)
975,Estimated Percent Fan Speed,FD1,%,0 to 100 %,,0.0,100.0,0.4,0.0,0,7,8,8,1 s
976,PTO Governor State,CCVS1,bit,0 to 31,,0.0,31.0,1.0,0.0,48,52,5,8,100 ms
977,Fan Drive State,FD1,bit,0 to 15,,0.0,15.0,1.0,0.0,8,11,4,8,1 s
978,Engine Remote PTO Governor Variable Speed Control Switch,PTO,bit,0 to 3,,0.0,3.0,1.0,0.0,44,45,2,8,100 ms
979,Engine Remote PTO Governor Preprogrammed Speed Control Switch,PTO,bit,0 to 3,,0.0,3.0,1.0,0.0,42,43,2,8,100 ms
98,Engine Oil Level,EFL/P1,%,0 to 100 %,,0.0,100.0,0.4,0.0,16,23,8,8,0.5 s
980,Engine PTO Governor Enable Switch,PTO,bit,0 to 3,,0.0,3.0,1.0,0.0,40,41,2,8,100 ms
981,Engine PTO Governor Accelerate Switch,PTO,bit,0 to 3,,0.0,3.0,1.0,0.0,54,55,2,8,100 ms
982,Engine PTO Governor Resume Switch,PTO,bit,0 to 3,,0.0,3.0,1.0,0.0,52,53,2,8,100 ms
983,Engine PTO Governor Coast/Decelerate Switch,PTO,bit,0 to 3,,0.0,3.0,1.0,0.0,50,51,2,8,100 ms
984,Engine PTO Governor Set Switch,PTO,bit,0 to 3,,0.0,3.0,1.0,0.0,48,49,2,8,100 ms
985,A/C High Pressure Fan Switch,SHUTDN,bit,0 to 3,,0.0,3.0,1.0,0.0,16,17,2,8,1 s
986,Requested Percent Fan Speed,CM1,%,0 to 100 %,,0.0,100.0,0.4,0.0,0,7,8,8,1 s
987,Protect Lamp,DM12,bit,0 to 3,,0.0,3.0,1.0,0.0,0,1,2,Variable,On request
988,Trip Group 1,RESET,bit,0 to 3,,0.0,3.0,1.0,0.0,0,1,2,8,When needed
989,Trip Group 2 - Proprietary,RESET,bit,0 to 3,,0.0,3.0,1.0,0.0,2,3,2,8,When needed
99,Engine Oil Filter Differential Pressure,DD,psi,0.0 to 18.12971725 psi,,0.0,18.12971725,0.072518869,0.0,24,31,8,8,1s
990,Total Compression Brake Distance,CBI,m,"0 to 526,385,151.9 km",,0.0,526385151.9,0.125,0.0,0,31,32,16,On request
991,Trip Compression Brake Distance,CBI,miles,0.0 to 327080468.2212549 mile,,0.0,327080468.2212549,0.077671375,0.0,32,63,32,16,On request
992,Trip Service Brake Distance,CBI,miles,0.0 to 327080468.2212549 mile,,0.0,327080468.2212549,0.077671375,0.0,64,95,32,16,On request
993,Trip Service Brake Applications,CBI,brake appl,"0 to 4,227,858,431 appl",,0.0,4227858431.0,1.0,0.0,96,127,32,16,On request
994,Trip Fan On Time,TFI,hours,"0 to 210,554,060.75 hr",,0.0,210554060.75,0.05,0.0,0,31,32,16,On request
995,Trip Fan On Time Due to the Engine System,TFI,hours,"0 to 210,554,060.75 hr",,0.0,210554060.75,0.05,0.0,32,63,32,16,On request
996,Trip Fan On Time Due to a Manual Switch,TFI,hours,"0 to 210,554,060.75 hr",,0.0,210554060.75,0.05,0.0,64,95,32,16,On request
997,Trip Fan On Time Due to the A/C System,TFI,hours,"0 to 210,554,060.75 hr",,0.0,210554060.75,0.05,0.0,96,127,32,16,On request
998,Trip Distance on VSL,TDI,miles,0.0 to 327080468.2212549 mile,,0.0,327080468.2212549,0.077671375,0.0,0,31,32,12,On request
999,Trip Gear Down Distance,TDI,miles,0.0 to 327080468.2212549 mile,,0.0,327080468.2212549,0.077671375,0.0,32,63,32,12,On request
